Cited Journal Data: PSYCHOLOGICAL SCIENCE,,,,,,,,,,,,,,
,Impact Factor,Citing Journal,All Yrs,2014,2013,2012,2011,2010,2009,2008,2007,2006,2005,Rest
1,,ALL Journals,23416,347,1440,1336,1628,2138,1951,1766,1881,1823,1324,7782
2,,ALL OTHERS (874),874,12,46,29,48,74,66,49,69,72,54,355
3,2.560,FRONT PSYCHOL,1131,33,88,74,82,113,76,70,106,85,57,347
4,,PLOS ONE,973,15,72,68,75,83,77,68,79,73,65,298
5,,FRONT HUM NEUROSCI,464,17,37,27,37,34,31,35,43,30,22,151
6,4.940,PSYCHOL SCI,397,36,57,34,36,37,38,29,17,23,8,82
7,5.929,J EXP PSYCHOL GEN,386,9,17,23,29,44,27,34,23,40,28,112
8,5.031,J PERS SOC PSYCHOL,317,6,29,26,24,33,38,38,22,23,18,60
9,2.168,ATTEN PERCEPT PSYCHO,294,2,18,11,27,23,25,8,20,20,21,119
10,3.358,J EXP PSYCHOL HUMAN,275,2,23,12,12,25,27,12,16,15,14,117
11,3.369,PSYCHON B REV,266,2,12,24,20,39,32,22,15,14,10,76
12,2.285,J EXP SOC PSYCHOL,265,2,21,19,25,30,30,44,16,21,10,47
13,3.479,COGNITION,248,7,21,16,8,33,12,14,25,21,13,78
14,,J VISION,246,2,16,13,29,20,24,25,1,22,10,84
15,3.302,NEUROPSYCHOLOGIA,238,8,19,11,14,23,10,17,17,19,18,82
16,,NEUROIMAGE,207,0,15,16,13,7,25,11,22,17,13,68
17,2.909,PERS SOC PSYCHOL B,203,6,12,14,20,29,22,17,17,21,7,38
18,7.372,SOC COGN AFFECT NEUR,199,0,6,3,10,19,28,33,22,23,7,48
19,2.561,SOC PSYCHOL PERS SCI,177,1,11,13,7,30,24,26,13,11,8,33
20,2.248,ACTA PSYCHOL,175,2,7,15,12,14,7,6,13,10,11,78
21,2.549,J EXP CHILD PSYCHOL,171,0,6,10,2,16,6,9,20,18,19,65
22,3.383,EMOTION,170,2,6,7,7,11,15,24,21,16,14,47
23,1.941,CONSCIOUS COGN,169,3,9,5,15,19,11,14,16,8,4,65
24,4.141,DEV PSYCHOL,167,0,12,8,12,9,11,7,16,17,17,58
25,14.756,PSYCHOL BULL,167,3,15,15,15,21,13,16,19,12,2,36
26,2.127,Q J EXP PSYCHOL,154,1,7,6,15,10,10,11,5,16,8,65
27,,P NATL ACAD SCI USA,148,13,14,9,14,17,12,8,12,8,6,35
28,,COGN AFFECT BEHAV NE,145,2,11,2,11,11,24,11,8,12,4,49
29,2.862,J EXP PSYCHOL LEARN,142,1,6,7,6,21,12,14,12,14,5,44
30,,J NEUROSCI,142,5,8,9,10,9,17,9,9,9,10,47
31,4.061,CHILD DEV,140,0,9,7,5,8,6,11,16,23,10,45
32,4.085,J COGNITIVE NEUROSCI,129,0,12,5,10,7,17,5,7,3,10,53
33,3.125,J CONSUM RES,125,1,6,7,7,17,19,12,2,15,3,36
34,2.201,COGNITION EMOTION,121,0,2,2,6,14,8,16,5,13,14,41
35,9.546,PERSPECT PSYCHOL SCI,121,13,10,17,26,7,5,4,8,5,3,23
36,3.245,INTELLIGENCE,110,1,8,7,12,8,2,15,11,11,2,33
37,21.965,TRENDS COGN SCI,110,6,18,12,10,8,11,9,10,4,3,19
38,,DEV PSYCHOBIOL,109,0,6,8,3,8,13,2,12,11,15,31
39,,EXP BRAIN RES,109,0,3,8,5,6,6,11,10,13,10,37
40,2.243,J CONSUM PSYCHOL,109,1,5,11,5,20,16,19,2,6,5,19
41,2.457,MEM COGNITION,108,0,2,4,5,9,10,15,5,11,5,42
42,,VISION RES,107,2,2,1,8,8,9,11,7,5,6,48
43,2.694,COMPUT HUM BEHAV,106,0,2,11,2,20,4,5,9,4,7,42
44,,NEUROSCI BIOBEHAV R,104,0,11,0,8,10,9,10,5,11,7,33
45,3.808,DEVELOPMENTAL SCI,103,0,9,8,5,12,7,3,13,3,4,39
46,21.810,ANNU REV PSYCHOL,102,0,10,15,12,8,15,11,10,8,1,12
47,1.951,PERS INDIV DIFFER,102,3,7,6,9,15,6,6,10,9,5,26
48,,PHILOS T R SOC B,102,0,8,15,6,14,10,3,3,3,5,35
49,1.532,SOC COGNITION,98,0,8,6,16,12,12,7,6,7,3,21
50,3.403,BIOL PSYCHOL,96,0,8,3,6,3,8,6,11,7,6,38
51,20.771,BEHAV BRAIN SCI,93,0,13,8,9,12,11,8,8,4,4,16
52,4.237,J MEM LANG,91,0,6,2,7,4,5,8,13,10,2,34
53,2.863,PSYCHOL RES-PSYCH FO,89,0,1,2,3,8,5,7,9,6,8,40
54,2.201,ORGAN BEHAV HUM DEC,78,1,1,8,7,16,11,7,5,5,7,10
55,1.688,MEMORY,76,0,0,6,1,5,10,13,10,4,2,25
56,1.321,APPL COGNITIVE PSYCH,74,0,3,1,7,4,9,4,3,8,6,29
57,,FRONT BEHAV NEUROSCI,73,1,10,4,2,11,9,7,3,5,4,17
58,,CEREB CORTEX,71,0,1,1,2,6,12,2,6,9,8,24
59,,HUM BRAIN MAPP,71,0,1,0,6,5,3,5,6,5,4,36
60,5.678,CURR DIR PSYCHOL SCI,70,1,12,12,10,7,3,5,2,3,3,12
61,1.431,J COGN PSYCHOL,70,2,0,5,3,2,6,2,4,11,3,32
62,2.646,PSYCHOL AGING,70,1,6,1,1,2,8,9,6,2,4,30
63,2.986,PSYCHOPHYSIOLOGY,70,0,5,1,4,4,5,4,4,3,2,38
64,1.921,VIS COGN,70,2,3,1,4,11,10,6,2,3,0,28
65,,LANG COGN NEUROSCI,69,1,1,0,3,6,2,5,5,5,7,34
66,2.069,J BEHAV DECIS MAKING,68,0,1,1,2,7,6,6,3,14,0,28
67,2.446,COGNITIVE SCI,67,0,3,3,4,4,4,4,5,4,6,30
68,,APPETITE,66,1,6,2,9,10,6,1,3,9,3,16
69,1.395,SOC INDIC RES,65,0,1,2,5,2,8,5,1,2,3,36
70,1.869,WIRES COGN SCI,65,1,5,2,4,8,6,4,1,4,5,25
71,1.662,SOC PSYCHOL-GERMANY,64,2,5,5,13,5,6,8,2,2,1,15
72,5.064,COGNITIVE PSYCHOL,63,0,2,4,2,5,3,2,5,5,4,31
73,1.389,EVOL PSYCHOL-US,63,0,4,4,5,6,4,7,4,7,0,22
74,1.929,J CROSS CULT PSYCHOL,62,0,3,4,5,8,4,6,8,5,4,15
75,0.906,PERCEPTION,62,2,2,2,6,3,2,3,1,3,2,36
76,,BRAIN RES,61,0,5,2,1,13,4,5,9,2,2,18
77,,ANIM COGN,60,0,1,5,2,6,3,2,6,3,3,29
78,2.882,INT J PSYCHOPHYSIOL,60,0,2,1,3,4,7,5,1,6,2,29
79,1.744,MOTIV EMOTION,60,0,4,3,4,8,8,6,5,3,1,18
80,2.477,BRAIN COGNITION,59,0,0,3,2,3,4,5,5,3,6,28
81,3.130,EVOL HUM BEHAV,57,1,6,8,4,5,4,3,1,7,2,16
82,1.683,J COGN DEV,57,0,1,1,1,7,6,3,5,4,4,25
83,1.712,EUR J SOC PSYCHOL,56,1,4,4,8,6,7,7,2,4,1,12
84,,PSYCHONEUROENDOCRINO,56,3,5,7,6,8,3,1,10,4,2,7
85,5.318,ADV EXP SOC PSYCHOL,54,0,1,5,6,7,6,6,4,3,3,13
86,,FRONT NEUROSCI-SWITZ,54,0,6,0,5,1,9,3,6,1,2,21
87,2.589,ARCH SEX BEHAV,51,0,1,0,3,5,3,1,1,4,2,31
88,,CORTEX,51,2,1,2,3,8,3,4,3,3,3,19
89,3.347,EUR J PERSONALITY,51,0,10,8,4,2,7,4,2,2,1,11
90,,EVOL PSYCHOL-SER,51,0,0,3,8,6,2,3,0,6,4,19
91,6.692,PERS SOC PSYCHOL REV,51,1,6,3,6,5,7,5,1,6,0,11
92,1.388,COGN PROCESS,50,1,3,0,0,4,7,2,4,5,2,22
93,7.972,PSYCHOL REV,50,0,6,1,1,4,3,5,2,4,1,23
94,2.928,BEHAV RES METHODS,49,0,0,3,7,2,7,4,5,5,0,16
95,1.521,JUDGM DECIS MAK,49,1,0,3,6,3,5,5,3,10,2,11
96,1.621,LEARN INDIVID DIFFER,48,0,3,3,5,3,1,3,5,5,5,15
97,1.548,GROUP PROCESS INTERG,47,0,2,4,7,5,8,5,7,0,6,3
98,2.467,PSYCHIAT RES,46,0,6,0,5,3,2,6,4,4,3,13
99,,SCI REP-UK,46,1,4,1,5,6,2,4,3,2,2,16
100,3.590,HEALTH PSYCHOL,45,0,2,5,4,6,5,3,4,4,3,9
101,1.349,INFANT BEHAV DEV,44,1,4,2,1,3,3,0,6,1,8,15
102,2.964,PSYCHOL LEARN MOTIV,44,1,3,4,3,4,1,4,2,4,2,16
103,1.887,RES DEV DISABIL,44,0,5,2,3,4,1,3,1,4,7,14
104,2.640,J ENVIRON PSYCHOL,43,0,5,3,4,5,1,5,4,1,2,13
105,,SOC NEUROSCI-UK,43,0,1,1,0,4,2,5,8,6,0,16
106,1.230,J ECON PSYCHOL,42,3,0,2,2,7,3,0,4,7,3,11
107,1.683,J HAPPINESS STUD,42,0,0,0,1,1,2,1,1,0,3,33
108,2.264,J RES PERS,42,1,2,6,4,4,3,2,3,5,1,11
109,1.019,BASIC APPL SOC PSYCH,41,1,1,6,1,7,6,3,2,2,6,6
110,1.598,J CHILD LANG,41,0,1,0,0,1,5,3,5,2,8,16
111,2.384,POLIT PSYCHOL,40,0,2,1,4,4,2,5,3,4,3,12
112,,DEV COGN NEUROS-NETH,39,0,1,1,5,4,3,2,4,6,1,12
113,1.913,BRIT J SOC PSYCHOL,38,0,1,2,1,3,14,3,5,2,0,7
114,4.000,DEV REV,38,0,4,0,1,3,2,2,8,4,1,13
115,1.836,J EXP PSYCHOL-APPL,38,0,2,3,4,2,2,2,1,5,2,15
116,,CURR BIOL,37,3,4,1,3,3,5,3,3,0,2,10
117,3.518,J EDUC PSYCHOL,37,0,3,5,3,2,3,0,2,2,5,12
118,3.229,J PERS,37,0,1,5,0,7,4,3,1,1,2,13
119,,ANN NY ACAD SCI,36,0,0,6,3,7,2,4,2,0,3,9
120,,BEHAV BRAIN RES,36,0,4,0,4,4,2,2,3,0,1,16
121,2.076,EXP PSYCHOL,36,1,0,4,1,4,4,0,2,4,5,11
122,,FRONT AGING NEUROSCI,36,2,2,0,2,1,1,1,1,0,2,24
123,3.138,LEADERSHIP QUART,36,0,1,2,10,3,7,7,1,1,1,3
124,1.562,RES ORGAN BEHAV,36,2,4,3,4,4,8,3,0,2,1,5
125,1.156,REV GEN PSYCHOL,36,2,4,4,3,3,3,3,4,4,2,4
126,0.100,REV INT PSYCHOL SOC,36,0,2,2,0,4,1,3,2,1,4,17
127,2.009,BILING-LANG COGN,35,0,0,0,1,0,7,4,5,2,1,15
128,3.356,EMOT REV,35,1,3,2,3,0,4,5,6,2,0,9
129,0.790,J APPL SOC PSYCHOL,35,0,1,1,3,4,2,4,6,3,2,9
130,2.070,J SPEECH LANG HEAR R,35,1,2,2,1,3,0,0,4,1,2,19
131,,ANNU REV ORGAN PSYCH,34,0,5,4,4,6,4,7,0,1,0,3
132,6.250,PSYCHOL INQ,34,0,8,3,1,4,7,2,1,2,2,4
133,3.652,NEUROBIOL LEARN MEM,33,0,2,0,3,1,3,5,3,5,1,10
134,3.054,PSYCHOL AESTHET CREA,33,1,0,4,5,3,3,3,3,1,0,10
135,2.172,COGNITIVE DEV,32,0,1,0,0,6,2,1,3,1,5,13
136,3.240,DEV PSYCHOPATHOL,32,0,2,4,5,2,3,3,7,0,2,4
137,5.153,J ABNORM PSYCHOL,32,0,4,0,3,2,1,1,5,3,2,11
138,1.514,SELF IDENTITY,32,0,0,0,5,2,3,5,2,1,1,13
139,6.459,J CHILD PSYCHOL PSYC,31,0,3,4,5,5,1,1,4,0,1,7
140,,J NEUROPHYSIOL,31,1,4,1,1,1,2,6,2,1,1,11
141,,NEUROSCIENCE,31,0,4,0,1,3,3,2,2,4,1,11
142,1.080,PSYCHOL MARKET,31,0,0,2,3,4,2,4,3,3,4,6
143,3.063,TOP COGN SCI,31,0,2,0,1,5,1,3,2,1,2,14
144,,LECT NOTES COMPUT SC,30,0,1,2,0,6,3,1,1,3,1,12
145,1.366,PERS RELATIONSHIP,30,3,3,1,4,7,2,1,1,1,0,7
146,2.764,ADDICT BEHAV,29,0,2,2,2,2,1,1,4,1,1,13
147,2.412,EUR REV SOC PSYCHOL,29,2,1,0,4,1,8,1,5,0,2,5
148,1.694,HUM FACTORS,29,1,0,2,1,1,2,1,4,6,1,10
149,1.214,J SOC CLIN PSYCHOL,29,0,2,1,2,3,3,0,3,4,2,9
150,1.612,LANG LEARN,29,1,3,2,0,2,1,1,6,0,2,11
151,2.020,LAW HUMAN BEHAV,29,0,1,5,2,2,3,1,3,2,2,8
152,0.619,AM J PSYCHOL,28,0,0,2,1,3,0,0,5,2,1,14
153,1.326,J BUS ETHICS,28,0,1,3,4,3,4,2,2,2,2,5
154,2.344,J COMP PSYCHOL,28,0,2,0,1,0,0,1,4,3,0,17
155,3.213,J GERONTOL B-PSYCHOL,28,0,0,1,0,3,6,2,1,2,0,13
156,0.560,PSYCHOL REP,28,0,1,1,1,0,1,2,3,3,1,15
157,1.567,BEHAV PROCESS,27,0,0,0,1,1,1,3,4,5,0,12
158,2.841,BRIT J DEV PSYCHOL,27,0,2,0,4,3,2,2,2,5,3,4
159,2.086,INFANCY,27,0,0,3,0,3,1,3,5,2,2,8
160,4.799,J APPL PSYCHOL,27,0,2,3,3,2,1,3,1,2,2,8
161,3.215,BRAIN LANG,26,0,1,1,1,4,1,1,5,2,0,10
162,2.254,BRIT J PSYCHOL,26,0,0,2,2,3,0,2,1,4,2,10
163,3.665,J AUTISM DEV DISORD,26,0,0,0,0,2,2,2,0,1,5,14
164,1.480,J BUS RES,26,0,0,0,1,0,1,2,1,3,2,16
165,1.297,J ECON BEHAV ORGAN,26,1,0,1,0,0,3,4,2,3,2,10
166,2.256,J MARKETING RES,26,0,3,2,1,2,3,2,1,3,2,7
167,,NAT REV NEUROSCI,26,0,3,2,1,4,1,4,1,1,2,7
168,1.562,CULT DIVERS ETHN MIN,25,1,1,1,0,3,7,0,2,3,0,7
169,6.071,J MANAGE,25,0,1,2,1,3,5,4,2,5,1,1
170,0.500,JPN PSYCHOL RES,25,0,0,0,0,1,3,2,3,3,4,9
171,,P ROY SOC B-BIOL SCI,25,2,1,4,1,2,2,2,2,0,2,7
172,0.739,SYNTHESE,25,0,1,1,1,0,1,1,7,1,4,8
173,3.423,DRUG ALCOHOL DEPEN,24,0,0,2,2,3,2,2,2,0,1,10
174,2.976,PHYSIOL BEHAV,24,0,1,1,3,4,1,2,3,2,1,6
175,,PROCD SOC BEHV,24,0,1,0,2,1,0,1,0,0,3,16
176,1.879,PSYCHOL WOMEN QUART,24,0,1,2,0,5,3,1,3,0,3,6
177,1.057,SCAND J PSYCHOL,24,0,4,1,0,3,1,0,2,2,1,10
178,2.890,SOC SCI MED,24,1,0,0,2,3,4,2,2,4,1,5
179,3.264,CHILD DEV PERSPECT,23,1,2,3,0,1,3,2,2,2,2,5
180,2.182,CYBERPSYCH BEH SOC N,23,0,0,1,1,2,3,1,1,2,3,9
181,1.058,INT J INTERCULT REL,23,1,0,0,4,0,4,0,1,3,3,7
182,1.974,J NONVERBAL BEHAV,23,0,0,0,2,2,1,3,1,3,2,9
183,1.529,J SOC ISSUES,23,1,1,2,1,5,0,2,2,4,2,3
184,2.482,MANAGE SCI,23,0,0,0,3,1,2,2,4,2,0,9
185,0.366,SOC BEHAV PERSONAL,23,0,1,2,0,4,2,2,0,3,1,8
186,0.532,ANAL SOC ISS PUB POL,22,0,1,2,3,1,0,6,2,3,0,4
187,,BIOL PSYCHIAT,22,0,0,3,2,1,2,4,4,0,1,5
188,2.565,EDUC PSYCHOL REV,22,0,5,1,1,2,1,0,3,3,2,4
189,,EUR J NEUROSCI,22,0,2,0,2,2,2,3,0,2,1,8
190,1.179,INFANT CHILD DEV,22,0,0,2,3,2,0,2,0,3,2,8
191,1.911,J POSIT PSYCHOL,22,0,0,0,1,5,1,3,1,3,1,7
192,2.777,J YOUTH ADOLESCENCE,22,0,1,1,2,2,1,2,2,7,1,3
193,3.269,NEUROPSYCHOLOGY,22,0,0,2,1,2,1,4,3,0,0,9
194,,PSYCHOPHARMACOLOGY,22,0,2,2,4,0,1,2,5,1,0,5
195,1.735,SEX ROLES,22,0,2,0,0,2,2,1,2,3,4,6
196,2.070,ACCIDENT ANAL PREV,21,0,1,0,1,1,1,1,1,2,0,13
197,0.504,AN PSICOL-SPAIN,21,0,0,0,1,0,0,5,1,1,2,11
198,0.623,ASIAN J SOC PSYCHOL,21,0,1,0,0,2,4,2,4,2,1,5
199,,HORM BEHAV,21,1,4,2,3,4,1,1,2,0,0,3
200,2.500,HUM NATURE-INT BIOS,21,0,6,2,0,5,4,1,2,0,0,1
201,1.121,J NEUROSCI PSYCHOL E,21,1,0,2,0,2,1,3,0,2,1,9
202,0.981,J SOC PSYCHOL,21,0,2,1,1,0,2,5,2,1,2,5
203,1.803,AGING NEUROPSYCHOL C,20,0,1,1,0,2,0,1,3,0,1,11
204,0.831,COGN SYST RES,20,0,0,2,0,2,5,2,1,1,0,7
205,1.778,EUR PSYCHOL,20,0,2,1,1,3,2,3,0,1,1,6
206,1.316,INT J BEHAV DEV,20,0,0,1,1,1,3,0,2,2,1,9
207,1.957,J ADOLESCENCE,20,0,2,1,2,0,2,4,0,1,2,6
208,1.949,J EXP PSYCHOL-ANIM L,20,0,2,0,0,1,0,0,3,1,0,13
209,3.585,LEARN INSTR,20,0,1,1,0,3,2,1,0,0,1,11
210,1.533,METAPHOR SYMBOL,20,0,0,1,0,4,3,2,1,0,0,9
211,,NAT NEUROSCI,20,0,3,2,4,1,2,1,1,1,1,4
212,,NEUROSCI LETT,20,0,0,1,2,2,1,0,2,1,0,11
213,1.444,NEW IDEAS PSYCHOL,20,0,1,3,0,1,2,2,2,1,1,7
214,1.469,PSYCHOL PUBLIC POL L,20,2,5,1,2,0,0,0,2,2,0,6
215,2.200,THINK REASONING,20,0,0,0,0,1,1,6,1,7,1,3
216,12.674,ANNU REV CLIN PSYCHO,19,0,2,0,3,3,1,2,0,4,0,4
217,,COGN NEUROSCI-UK,19,0,0,0,1,0,1,2,3,2,0,10
218,,HEARING RES,19,0,2,1,3,2,0,1,0,3,0,7
219,1.482,I-PERCEPTION,19,1,1,1,1,0,0,1,2,3,1,8
220,0.579,IND ORGAN PSYCHOL-US,19,1,0,0,1,1,0,0,2,2,1,11
221,2.959,J BEHAV MED,19,0,1,2,2,4,2,1,1,1,1,4
222,1.598,J PHONETICS,19,0,0,0,1,1,1,4,0,0,1,11
223,,NEURON,19,1,3,1,4,1,2,0,1,1,1,4
224,1.896,PSYCHOL SPORT EXERC,19,0,0,0,3,0,4,1,2,1,1,7
225,3.473,PSYCHOSOM MED,19,0,2,2,2,4,2,0,1,1,2,3
226,1.214,SOC ISS POLICY REV,19,0,2,2,1,3,2,1,2,0,0,6
227,1.581,ADV CHILD DEV BEHAV,18,0,1,1,1,2,0,2,2,1,1,7
228,1.721,EUR J DEV PSYCHOL,18,0,1,0,1,1,2,1,3,3,3,3
229,0.831,J PRAGMATICS,18,0,1,0,1,1,0,0,2,2,3,8
230,1.160,J SOC PERS RELAT,18,0,0,1,3,3,2,2,0,1,0,6
231,2.747,PSYCHOL ADDICT BEHAV,18,0,0,1,3,0,0,0,7,2,0,5
232,2.502,RISK ANAL,18,0,0,2,3,1,1,1,1,2,1,6
233,1.170,SOC JUSTICE RES,18,0,1,1,6,2,1,0,1,0,3,3
234,1.473,TRANSPORT RES F-TRAF,18,0,0,0,0,0,2,2,2,2,2,8
235,1.587,COGNITIVE THER RES,17,0,0,1,3,1,1,0,3,2,0,6
236,0.887,DISCOURSE PROCESS,17,0,0,0,0,0,0,3,0,1,0,13
237,1.198,INT J PSYCHOL,17,0,0,1,1,1,3,1,3,2,2,3
238,3.383,J AFFECT DISORDERS,17,0,1,0,0,2,4,0,2,1,0,7
239,1.185,J APPL DEV PSYCHOL,17,0,0,0,1,0,0,2,2,2,2,8
240,2.609,J MATH PSYCHOL,17,0,2,0,1,1,0,0,1,2,1,9
241,,PHYS LIFE REV,17,0,2,3,0,5,1,1,1,0,1,3
242,2.173,PSYCHOL MUSIC,17,0,0,0,1,2,1,0,2,2,1,8
243,0.879,PSYCHOL REC,17,0,0,0,0,1,0,0,2,3,1,10
244,,SCIENCE,17,0,2,1,6,1,4,0,0,0,0,3
245,,SPEECH COMMUN,17,0,0,1,0,2,0,0,3,0,2,9
246,0.778,SWISS J PSYCHOL,17,0,0,2,1,1,2,1,2,1,2,5
247,,BMC PUBLIC HEALTH,16,0,1,1,1,1,1,2,3,1,1,4
248,,CHILD NEUROPSYCHOL,16,0,0,1,0,1,1,1,2,2,2,6
249,0.842,ECOL PSYCHOL,16,0,0,0,0,2,1,0,1,0,2,10
250,2.612,ENVIRON BEHAV,16,0,0,0,1,2,1,2,5,1,0,4
251,2.475,J COUNS PSYCHOL,16,0,2,0,1,4,1,1,0,0,0,7
252,1.713,J FAM PSYCHOL,16,0,4,1,3,3,2,0,0,0,1,2
253,1.020,J LANG SOC PSYCHOL,16,2,1,1,2,0,1,1,0,1,1,6
254,,J SEX MED,16,0,0,1,2,0,2,1,1,0,3,6
255,0.647,LINGUA,16,0,0,1,0,1,1,1,0,0,1,11
256,,NEUROREPORT,16,0,2,0,1,0,1,1,1,0,1,9
257,,PRESENCE-TELEOP VIRT,16,0,0,0,3,0,1,2,1,0,0,9
258,0.147,PSICOL-REFLEX CRIT,16,0,0,0,0,2,2,2,2,1,1,6
259,2.751,PSYCHOL ASSESSMENT,16,0,2,2,2,1,2,0,2,1,1,3
260,3.923,SCHIZOPHR RES,16,0,2,1,1,0,0,0,1,2,3,6
261,2.941,SCI STUD READ,16,0,2,4,0,4,2,1,1,1,0,1
262,,ADV EDUC RES,15,0,0,1,1,1,0,3,0,3,1,5
263,2.275,AGGRESSIVE BEHAV,15,0,0,1,0,0,2,1,3,2,2,4
264,,ANIM BEHAV,15,1,0,1,1,1,2,2,1,3,0,3
265,4.144,ANN BEHAV MED,15,0,0,4,2,1,2,0,4,0,0,2
266,1.512,APPL PSYCHOLINGUIST,15,0,0,1,0,2,2,2,2,0,3,3
267,4.330,AUTISM RES,15,0,2,1,0,2,0,1,4,0,1,4
268,,BEHAV NEUROSCI,15,0,0,0,3,1,2,2,1,3,1,2
269,3.395,BEHAV RES THER,15,1,4,0,1,2,1,0,1,0,1,4
270,,BMC PSYCHIATRY,15,0,1,0,0,0,1,3,1,4,0,5
271,1.460,CREATIVITY RES J,15,0,1,2,2,0,1,1,2,2,0,4
272,,CURR OPIN NEUROBIOL,15,0,0,2,3,1,0,1,1,2,2,3
273,1.556,ERGONOMICS,15,0,1,0,0,1,0,1,1,1,2,8
274,2.083,J CLIN EXP NEUROPSYC,15,0,2,0,1,0,2,1,0,2,4,3
275,,J INT NEUROPSYCH SOC,15,0,2,0,1,0,0,2,1,2,3,4
276,1.059,MARKET LETT,15,1,0,1,0,2,1,0,0,1,0,9
277,0.781,MULTISENS RES,15,0,1,0,0,4,0,1,4,2,0,3
278,,PEERJ,15,0,1,0,1,4,2,1,1,0,0,5
279,,PLOS COMPUT BIOL,15,0,2,0,2,0,0,3,1,0,1,6
280,1.634,READ WRIT,15,0,1,0,0,4,1,0,1,0,1,7
281,0.667,TEACH PSYCHOL,15,0,0,3,1,0,1,1,0,3,0,6
282,,TOPOI-INT REV PHILOS,15,0,1,0,3,2,1,2,1,3,0,2
283,6.448,ACAD MANAGE J,14,0,0,1,0,2,3,1,1,0,2,4
284,6.100,AM PSYCHOL,14,0,1,0,1,0,4,0,1,1,2,4
285,0.440,ANN PSYCHOL,14,0,1,0,0,0,2,1,3,1,2,4
286,3.210,BEHAV GENET,14,0,6,1,2,2,0,0,0,0,0,3
287,,BEHAVIOUR,14,0,1,1,0,1,2,0,2,2,4,1
288,2.776,BRIT J HEALTH PSYCH,14,0,0,1,2,3,3,0,1,1,0,3
289,2.493,COMMUN RES,14,0,0,1,2,0,2,1,2,0,2,4
290,0.429,CURR PSYCHOL,14,0,0,0,2,0,2,2,1,2,0,5
291,3.611,EDUC PSYCHOL-US,14,1,2,0,1,2,1,0,0,0,2,5
292,0.320,EMPIR STUD ARTS,14,0,0,0,2,0,1,1,0,4,0,6
293,2.712,EXP CLIN PSYCHOPHARM,14,0,2,1,1,0,1,4,1,2,0,2
294,,FRONT COMPUT NEUROSC,14,0,0,1,3,2,2,1,1,3,0,1
295,,J BEHAV EXP ECON,14,0,0,2,1,0,0,0,0,1,0,10
296,,J OPT SOC AM A,14,1,1,0,3,2,0,3,0,0,0,4
297,0.633,J PSYCHOLINGUIST RES,14,0,1,0,0,1,0,1,1,1,1,8
298,2.000,MUSIC PERCEPT,14,0,1,0,1,0,0,0,3,0,3,6
299,,NEUROBIOL AGING,14,0,2,1,0,1,2,1,0,0,1,6
300,0.546,PERCEPT MOTOR SKILL,14,0,0,0,1,0,1,1,1,0,0,10
301,1.871,PSYCHOL HEALTH,14,0,1,0,0,1,3,1,1,2,1,4
302,5.938,PSYCHOL MED,14,0,2,2,1,1,0,4,0,1,0,3
303,1.505,SOC DEV,14,0,0,1,1,0,1,1,1,2,2,5
304,0.906,THEOR PSYCHOL,14,0,0,0,3,0,2,2,1,1,0,5
305,1.646,ADV COGN PSYCHOL,13,0,1,2,0,0,1,2,0,1,0,6
306,1.751,AGING MENT HEALTH,13,0,0,0,0,0,0,1,1,1,0,10
307,0.286,AM CRIM LAW REV,13,0,0,0,0,3,2,2,1,0,1,4
308,1.733,DYSLEXIA,13,0,1,3,0,4,2,1,0,0,0,2
309,1.973,EUR J PSYCHOL ASSESS,13,0,0,0,0,1,0,2,4,3,0,3
310,1.426,INSTR SCI,13,0,0,1,0,0,1,1,0,2,1,7
311,1.040,LANG SPEECH,13,0,0,0,0,0,0,3,1,1,3,5
312,0.467,MEM STUD,13,0,0,0,0,0,1,1,3,0,0,8
313,3.775,ORGAN SCI,13,0,0,1,0,1,3,2,1,2,0,3
314,0.784,PHILOS PSYCHOL,13,1,0,0,2,0,0,1,0,5,0,4
315,1.757,APPL PSYCHOL-HLTH WE,12,0,2,0,1,2,0,2,1,0,2,2
316,,BIOL LETTERS,12,0,2,2,1,2,4,0,0,0,0,1
317,2.000,BRIT J EDUC PSYCHOL,12,1,0,0,3,1,1,0,0,1,3,2
318,,COGN COMPUT,12,1,1,0,0,0,0,1,3,1,1,4
319,2.556,COMPUT EDUC,12,0,1,0,0,2,0,0,3,0,1,5
320,1.222,EUR MANAG J,12,0,0,2,1,2,3,1,0,1,0,2
321,2.398,HUM RELAT,12,0,0,1,0,5,0,1,0,0,0,5
322,2.312,J BEHAV THER EXP PSY,12,0,0,0,1,1,1,2,3,2,1,1
323,3.154,J CRIM JUST,12,0,0,2,1,3,0,0,2,1,0,3
324,3.038,J ORGAN BEHAV,12,0,1,1,0,1,0,0,0,0,2,7
325,2.695,J SEX RES,12,0,0,2,1,2,0,0,0,1,1,5
326,2.760,J STUD ALCOHOL DRUGS,12,0,0,1,3,1,1,0,1,1,0,4
327,1.356,LATERALITY,12,0,0,1,0,0,1,0,3,1,0,6
328,,PEDIATRICS,12,0,2,2,1,0,1,2,1,2,0,1
329,2.443,PSYCHO-ONCOLOGY,12,0,1,2,0,1,1,1,2,1,2,1
330,1.063,PSYCHOL CRIME LAW,12,0,0,0,0,1,2,0,0,1,2,6
331,0.940,SOC PSYCHOL EDUC,12,0,0,2,0,0,1,0,3,1,1,4
332,1.926,AGGRESS VIOLENT BEH,11,0,0,0,1,1,1,0,0,0,2,6
333,1.594,AM J SPEECH-LANG PAT,11,0,0,0,0,0,1,1,3,2,1,3
334,1.779,ANXIETY STRESS COPIN,11,0,0,0,0,5,2,1,0,1,1,1
335,1.218,CAN J EXP PSYCHOL,11,0,0,0,0,1,1,2,0,1,0,6
336,,CLIN NEUROPHYSIOL,11,0,0,0,0,0,0,0,2,1,0,8
337,2.073,COGN NEUROPSYCHOL,11,0,0,0,1,1,0,0,0,0,6,3
338,4.407,DEPRESS ANXIETY,11,0,0,0,2,1,2,0,1,1,0,4
339,,EAR HEARING,11,0,2,0,0,0,0,0,3,0,0,6
340,1.140,ETHICS,11,0,0,1,0,0,0,2,1,4,1,2
341,1.602,EUR J PSYCHOTRAUMATO,11,0,0,1,1,2,1,2,1,1,1,1
342,,FOOD QUAL PREFER,11,0,1,0,0,0,1,1,0,4,1,3
343,3.160,J COMMUN,11,0,0,1,1,0,0,0,1,1,0,7
344,0.578,J CONSCIOUSNESS STUD,11,0,2,1,1,1,0,0,0,0,0,6
345,0.605,J GEN PSYCHOL,11,0,1,1,0,6,0,0,1,0,0,2
346,1.489,J NEUROLINGUIST,11,0,0,3,0,1,0,1,1,0,1,4
347,1.759,J PSYCHOPATHOL BEHAV,11,0,1,0,2,2,0,0,3,1,0,2
348,1.590,J PSYCHOPHYSIOL,11,0,0,0,0,0,1,0,0,1,0,9
349,1.754,J RETAILING,11,0,0,0,1,0,1,1,0,2,0,6
350,,JOVE-J VIS EXP,11,0,1,0,0,3,1,3,0,1,0,2
351,,MED DECIS MAKING,11,0,1,1,1,0,0,1,0,6,0,1
352,0.984,MIND BRAIN EDUC,11,0,0,0,0,1,3,1,2,1,0,3
353,,NAT COMMUN,11,0,3,1,0,2,0,1,1,0,0,3
354,,PAIN,11,0,0,3,0,1,1,0,1,0,1,4
355,3.221,PERSONAL DISORD,11,0,0,0,3,0,0,3,2,1,0,2
356,,PSYCHIAT RES-NEUROIM,11,0,0,0,0,0,2,1,1,0,1,6
357,1.838,PSYCHOL MEN MASCULIN,11,0,0,1,0,2,1,1,0,2,0,4
358,7.338,PSYCHOL METHODS,11,0,0,1,1,0,0,0,2,0,1,6
359,0.256,PSYCHOLOGIA,11,0,1,0,1,3,0,0,1,0,1,4
360,0.538,PSYCHOLOGIST,11,1,0,2,0,2,0,2,2,0,0,2
361,2.212,RES AUTISM SPECT DIS,11,0,0,0,0,1,1,0,2,2,1,4
362,0.586,SPAN J PSYCHOL,11,0,0,0,0,3,1,0,1,0,3,3
363,7.475,ACAD MANAGE REV,10,0,0,2,0,1,0,1,0,1,0,5
364,,ACM T APPL PERCEPT,10,0,0,2,0,0,0,0,1,1,0,6
365,4.552,AM J PUBLIC HEALTH,10,1,3,1,0,0,0,0,2,1,0,2
366,3.108,ASSESSMENT,10,0,2,0,0,3,0,0,1,0,1,3
367,3.639,AUTISM,10,0,1,0,0,0,0,0,1,1,1,6
368,3.694,BEHAV THER,10,0,1,0,0,2,1,0,1,0,1,4
369,,BIOMED RES INT,10,0,0,1,0,0,0,2,2,1,2,2
370,6.932,CLIN PSYCHOL REV,10,0,2,0,3,0,0,2,2,0,0,1
371,1.929,CONTEMP EDUC PSYCHOL,10,0,1,0,1,2,0,1,0,1,2,2
372,0.625,DREAMING,10,0,0,0,0,0,0,2,1,2,2,3
373,1.671,EARLY CHILD RES Q,10,0,1,0,0,0,0,0,1,1,0,7
374,0.765,EARLY EDUC DEV,10,0,0,0,0,0,0,0,1,2,0,7
375,2.527,EDUC RESEARCHER,10,2,1,2,1,1,1,0,1,0,0,1
376,1.006,EUR J MARKETING,10,0,0,0,0,2,1,1,0,2,1,3
377,,EXP AGING RES,10,0,0,0,0,0,1,2,0,2,1,4
378,,FRONT NEURAL CIRCUIT,10,2,0,0,0,1,0,0,0,1,1,5
379,,HIPPOCAMPUS,10,0,0,1,2,0,0,2,2,0,1,2
380,,IEEE T AFFECT COMPUT,10,0,0,1,0,1,1,0,3,1,0,3
381,,INT CONF ACOUST SPEE,10,0,1,0,0,0,1,0,2,0,2,4
382,0.697,INT J BILINGUAL,10,0,0,0,0,0,2,0,1,1,0,6
383,,INT J ENV RES PUB HE,10,1,0,0,0,0,0,5,0,0,0,4
384,,INT J OBESITY,10,1,1,0,1,0,0,1,0,4,0,2
385,1.865,J EXP ANAL BEHAV,10,0,0,0,1,1,0,0,3,0,0,5
386,1.269,J FAM ISSUES,10,0,0,0,0,0,2,0,1,0,2,5
387,3.938,J MARKETING,10,0,0,1,0,0,1,1,1,3,0,3
388,1.696,J PROD INNOVAT MANAG,10,0,0,0,0,2,1,1,0,1,2,3
389,1.773,J PSYCHOL,10,0,0,0,0,1,0,1,1,2,1,4
390,0.826,LANG SCI,10,0,1,1,0,1,0,1,2,0,0,4
391,1.885,LEARN BEHAV,10,0,0,0,0,1,0,3,0,0,1,5
392,1.089,MIND LANG,10,0,2,1,0,0,1,0,4,1,0,1
393,1.966,MONOGR SOC RES CHILD,10,0,0,0,0,0,1,0,0,1,1,7
394,,NEUROPSYCHOPHARMACOL,10,0,0,0,2,2,1,1,1,3,0,0
395,,OBESITY,10,1,1,0,3,0,0,0,0,1,0,4
396,,PHILOS STUD,10,0,1,1,0,2,1,0,1,1,0,3
397,0.232,PSIHOLOGIJA,10,0,0,0,2,0,0,0,0,2,1,5
398,0.462,PSYCHIAT PSYCHOL LAW,10,0,0,0,0,1,1,1,1,0,0,6
399,1.097,PSYCHOL RUNDSCH,10,1,0,1,1,0,0,0,2,3,0,2
400,16.833,PSYCHOL SCI PUBL INT,10,0,1,0,0,1,0,4,1,1,0,2
401,2.308,PSYCHOL TRAUMA-US,10,0,0,1,0,0,1,1,0,2,1,4
402,,ANNU REV NEUROSCI,9,1,0,1,3,0,1,0,0,0,0,3
403,1.986,ARCH CLIN NEUROPSYCH,9,0,1,0,0,1,0,1,0,1,1,4
404,,BRAIN STRUCT FUNCT,9,0,0,0,1,2,1,0,0,0,0,5
405,0.239,CESK PSYCHOL,9,0,1,1,1,0,1,0,1,1,0,3
406,0.468,ESTUD PSICOL-MADRID,9,0,1,1,0,3,1,1,0,0,0,2
407,0.444,ETHICS BEHAV,9,0,0,1,1,1,2,0,0,1,1,2
408,1.400,FIRST LANG,9,0,0,0,0,0,1,1,0,0,5,2
409,5.089,GLOBAL ENVIRON CHANG,9,0,1,1,2,1,1,0,1,0,0,2
410,1.598,HUM MOVEMENT SCI,9,0,0,0,1,0,0,0,3,1,0,4
411,1.132,INT J SCI EDUC,9,0,0,0,1,0,0,0,0,0,2,6
412,1.194,IOWA LAW REV,9,0,1,2,0,0,0,0,0,2,0,4
413,0.690,J ADULT DEV,9,0,0,1,0,1,2,2,1,0,0,2
414,1.163,J CHILD FAM STUD,9,0,0,0,0,0,1,0,1,0,0,7
415,1.418,J MOTOR BEHAV,9,0,0,1,1,0,2,0,0,0,1,4
416,,J NEUROSCI METH,9,0,1,1,0,0,0,1,0,2,0,4
417,2.736,J PSYCHOSOM RES,9,0,1,0,0,1,2,1,3,0,0,1
418,1.473,J RES READ,9,0,0,0,1,3,1,0,0,0,0,4
419,3.692,MINDFULNESS,9,0,0,1,0,3,1,1,1,0,1,1
420,0.441,PSICOLOGICA,9,0,0,0,1,2,2,0,0,0,0,4
421,,SLEEP,9,0,0,1,0,0,0,2,0,4,0,2
422,1.413,TEACH TEACH EDUC,9,0,1,0,0,1,2,0,1,1,0,3
423,2.554,TOURISM MANAGE,9,0,0,0,1,0,0,0,1,1,1,5
424,,ALCOHOL CLIN EXP RES,8,0,0,0,4,0,0,0,1,0,1,2
425,4.235,AM J GERIAT PSYCHIAT,8,0,0,0,1,1,1,0,0,2,1,2
426,,AM J PHARM EDUC,8,0,0,2,0,0,0,0,0,2,0,4
427,12.295,AM J PSYCHIAT,8,0,2,0,1,1,0,0,1,0,0,3
428,,APHASIOLOGY,8,0,0,0,0,1,1,0,1,1,1,3
429,1.203,APPL ECON PERSPECT P,8,0,0,0,2,1,1,0,1,1,0,2
430,1.984,APPL PSYCHOL-INT REV,8,0,0,0,3,0,2,0,0,0,0,3
431,0.818,APPL RES QUAL LIFE,8,0,0,0,0,1,1,0,0,0,1,5
432,1.449,BEHAV SCI LAW,8,0,1,0,0,2,1,1,0,0,1,2
433,,BMC NEUROSCI,8,0,1,0,0,0,0,1,0,0,0,6
434,,BRAIN,8,1,1,0,1,0,0,0,0,0,1,4
435,,BRAIN BEHAV,8,0,2,0,0,1,0,0,1,1,0,3
436,,BRAIN BEHAV IMMUN,8,0,2,0,0,1,5,0,0,0,0,0
437,2.167,BRIT J MATH STAT PSY,8,0,1,3,2,0,0,0,0,0,0,2
438,1.912,COGN NEUROPSYCHIATRY,8,0,0,1,1,0,1,0,0,1,0,4
439,2.241,DEV NEUROPSYCHOL,8,0,1,1,0,1,1,0,1,1,0,2
440,1.939,INT J HOSP MANAG,8,0,0,0,0,0,1,1,0,3,0,3
441,,J ACOUST SOC AM,8,0,1,0,0,0,0,3,0,0,0,4
442,,J ALZHEIMERS DIS,8,0,1,0,0,0,0,0,0,1,0,6
443,5.279,J CONSULT CLIN PSYCH,8,0,4,0,0,0,0,0,2,0,1,1
444,1.087,J EXP EDUC,8,0,0,1,0,0,0,1,1,1,0,4
445,,J EYE MOVEMENT RES,8,0,0,0,0,0,0,1,1,0,0,6
446,0.694,J GENET PSYCHOL,8,0,1,0,0,1,1,0,0,2,1,2
447,1.617,J HEALTH COMMUN,8,0,0,0,0,0,0,0,3,1,0,4
448,1.200,J MANAGE PSYCHOL,8,0,0,0,0,0,3,1,0,1,0,3
449,1.182,J OBSESS-COMPULS REL,8,0,1,1,1,0,0,0,1,1,1,2
450,3.957,J PSYCHIATR RES,8,0,0,2,0,1,1,1,0,0,1,2
451,1.125,J RISK UNCERTAINTY,8,0,0,0,0,0,2,1,2,1,0,2
452,2.185,J SPORT EXERCISE PSY,8,0,0,1,1,2,2,0,0,1,0,1
453,1.436,LEARN MOTIV,8,0,0,0,0,2,0,1,2,1,0,2
454,0.809,MUSIC SCI,8,0,1,0,1,0,0,0,1,0,0,5
455,,NEUROIMAGE-CLIN,8,0,0,0,1,0,0,1,1,1,0,4
456,4.592,NEUROPSYCHOL REV,8,2,1,1,1,0,0,0,0,0,0,3
457,,PHILOS PHENOMEN RES,8,1,1,0,0,0,0,0,1,0,1,4
458,0.317,PSYCHOL FR,8,0,1,0,1,1,1,0,0,0,0,4
459,0.795,SOC INFLUENCE,8,0,0,0,4,0,1,0,1,0,0,2
460,0.857,SPAT COGN COMPUT,8,0,1,0,1,0,0,1,2,1,0,2
461,1.461,THINK SKILLS CREAT,8,0,0,0,1,2,0,0,0,0,1,4
462,3.415,WIRES CLIM CHANGE,8,0,2,1,1,1,1,0,1,0,0,1
463,1.569,Z PSYCHOL,8,1,0,0,0,0,1,2,0,2,0,2
464,7.769,ACAD MANAG ANN,7,1,2,0,0,0,0,1,0,0,0,3
465,3.333,ADMIN SCI QUART,7,0,2,1,1,1,0,0,0,1,0,1
466,5.892,ANNU REV ENV RESOUR,7,0,3,0,2,1,0,0,1,0,0,0
467,2.023,APPL ERGON,7,0,0,1,2,0,0,0,0,0,0,4
468,,BEHAV BRAIN FUNCT,7,0,0,0,0,1,0,0,0,1,1,4
469,1.015,CAN J BEHAV SCI,7,0,0,0,0,0,0,0,0,0,2,5
470,,CBE-LIFE SCI EDUC,7,0,0,0,0,0,1,2,0,1,2,1
471,,ELIFE,7,0,0,0,1,0,0,0,0,1,0,5
472,,IEEE T HUM-MACH SYST,7,0,0,1,0,0,0,0,1,0,0,5
473,3.126,INT J EAT DISORDER,7,0,0,1,0,3,0,0,0,0,0,3
474,1.575,INT J RES MARK,7,0,1,0,0,1,1,0,0,0,0,4
475,0.575,INT J SCI MATH EDUC,7,0,0,1,0,0,0,1,0,0,0,5
476,2.384,J ACCOUNT RES,7,0,0,1,1,1,2,1,0,0,0,1
477,2.594,J ANXIETY DISORD,7,0,0,0,0,0,0,0,0,1,2,4
478,0.714,J CONSUM BEHAV,7,0,1,0,0,2,1,0,1,0,0,2
479,,J CONSUM MARK,7,0,0,1,0,1,1,0,0,1,0,3
480,1.125,J LEADERSH ORG STUD,7,0,0,1,0,0,0,1,1,0,0,4
481,2.062,J MANAGE INFORM SYST,7,0,0,1,0,1,0,0,0,1,1,3
482,2.528,J MARITAL FAM THER,7,0,0,0,1,0,0,0,0,0,0,6
483,,J OPHTHALMOL,7,0,1,0,0,0,2,0,0,0,0,4
484,1.837,J PERS ASSESS,7,0,0,0,0,0,0,0,2,1,0,4
485,2.619,J PERS DISORD,7,0,0,0,1,1,2,0,0,0,1,2
486,,J PSYCHOPHARMACOL,7,0,2,1,0,0,0,1,1,0,1,1
487,1.083,LANG ACQUIS,7,0,0,0,0,1,0,0,0,0,0,6
488,,LEARN MEMORY,7,0,2,0,0,0,0,2,0,1,1,1
489,,MOL PSYCHIATR,7,0,1,1,1,0,1,0,1,0,0,2
490,14.547,NAT CLIM CHANGE,7,0,0,0,3,1,2,0,1,0,0,0
491,,PHENOMENOL COGN SCI,7,0,0,1,0,3,1,0,0,0,0,2
492,3.153,PREV SCI,7,0,0,0,2,0,0,2,2,0,0,1
493,,PROC SPIE,7,0,2,0,0,0,1,1,0,1,0,2
494,1.458,PSYCHOL RELIG SPIRIT,7,0,0,0,0,1,0,1,1,0,0,4
495,2.486,QUAL LIFE RES,7,0,0,0,0,1,0,0,0,0,3,3
496,2.280,SCHOOL PSYCHOL REV,7,0,0,0,0,1,0,1,0,2,0,3
497,3.341,STRATEGIC MANAGE J,7,0,0,1,0,0,3,0,0,1,0,2
498,,STRESS,7,0,0,0,0,0,3,1,1,1,0,1
499,2.097,SUBST ABUS,7,1,0,0,1,0,0,2,0,0,0,3
500,2.826,TEX LAW REV,7,0,0,0,2,0,2,0,0,2,0,1
501,0.309,UNIV PSYCHOL,7,0,0,2,0,0,1,0,0,1,0,3
502,,ACAD MED,6,0,0,1,0,2,0,1,0,0,1,1
503,,ADDICT BIOL,6,0,0,0,2,1,2,1,0,0,0,0
504,,AGE,6,0,0,0,0,0,0,0,0,0,0,6
505,3.673,AM ECON REV,6,0,0,0,1,1,1,0,1,0,0,2
506,2.643,ANNU REV ECON,6,1,1,0,0,1,0,0,1,0,0,2
507,,APPL NEUROPSYCH-CHIL,6,0,1,0,0,0,0,0,1,2,0,2
508,2.042,BODY IMAGE,6,0,0,0,0,0,2,0,0,0,0,4
509,,BRAIN TOPOGR,6,0,1,0,1,1,0,0,1,0,0,2
510,,CLIMATIC CHANGE,6,0,1,0,2,2,0,0,0,0,1,0
511,2.560,CURR ANTHROPOL,6,0,1,0,1,2,2,0,0,0,0,0
512,,CURR OPIN NEUROL,6,0,3,0,0,0,0,0,1,0,0,2
513,,CURR PHARM DESIGN,6,0,1,0,1,0,0,0,0,0,0,4
514,0.510,ECON LETT,6,0,2,0,0,1,0,0,0,0,0,3
515,0.667,EDUC PSYCHOL-UK,6,0,0,0,1,0,0,1,2,0,0,2
516,3.336,EUR CHILD ADOLES PSY,6,0,0,1,2,0,0,1,0,0,0,2
517,1.338,EUR J AGEING,6,0,0,0,0,0,1,0,0,0,0,5
518,1.905,HUM COMMUN RES,6,0,0,1,0,1,0,1,0,1,1,1
519,1.788,HUM DEV,6,0,1,0,0,0,1,0,3,0,0,1
520,0.481,HUMOR,6,0,0,1,0,1,0,1,1,0,0,2
521,,ILAR J,6,0,1,0,1,0,0,1,0,0,0,3
522,1.820,IND MARKET MANAG,6,0,0,0,0,0,0,1,1,0,0,4
523,0.391,INT J AGING HUM DEV,6,0,0,0,0,1,0,1,0,0,0,4
524,0.524,INT J CONFL MANAGE,6,2,0,1,0,0,1,1,0,0,1,0
525,,INT J PEDIATR OTORHI,6,0,0,0,0,0,0,0,0,0,0,6
526,0.485,INT J SPORT PSYCHOL,6,0,0,0,1,0,1,0,0,0,2,2
527,1.051,INT THEOR,6,0,0,2,0,1,1,1,0,1,0,0
528,5.498,J CLIN PSYCHIAT,6,0,0,4,0,0,0,0,1,0,0,1
529,1.748,J HEALTH PSYCHOL,6,0,0,1,1,0,1,1,1,1,0,0
530,,J INTEGR NEUROSCI,6,0,0,0,0,0,0,0,0,1,0,5
531,1.901,J LEARN DISABIL-US,6,0,0,1,0,2,0,0,0,0,1,2
532,0.882,J MEDIA PSYCHOL-GER,6,0,0,0,1,1,0,0,1,1,0,2
533,0.400,J MORAL EDUC,6,0,0,0,1,0,2,0,2,0,0,1
534,,J PAIN,6,0,0,0,0,0,3,0,0,0,0,3
535,2.472,J PEDIATR PSYCHOL,6,0,0,0,0,1,0,0,2,0,0,3
536,1.581,J PUBLIC ECON,6,1,0,1,0,1,0,0,1,0,1,1
537,1.915,J RES ADOLESCENCE,6,0,0,0,0,0,0,0,0,2,1,3
538,0.935,J RISK RES,6,0,0,0,0,0,1,0,1,1,1,2
539,,MED EDUC,6,0,0,0,0,0,0,0,0,2,1,3
540,0.302,MIL PSYCHOL,6,0,0,0,0,1,0,0,0,0,0,5
541,5.311,MIS QUART,6,0,0,0,1,0,0,0,1,2,0,2
542,,MOL AUTISM,6,0,0,1,0,2,0,0,2,0,0,1
543,,NATURE,6,1,1,1,2,0,0,0,0,0,0,1
544,0.250,NEGOT CONFL MANAG R,6,0,0,0,1,1,1,1,0,1,0,1
545,,NEUROPHARMACOLOGY,6,0,0,0,1,0,1,1,1,1,0,1
546,,NEUROSCIENTIST,6,0,0,0,0,1,0,2,1,0,2,0
547,3.296,NICOTINE TOB RES,6,0,0,1,2,0,0,0,0,1,0,2
548,,P 1 SUMM FOR CHIN,6,0,1,0,0,0,0,2,0,0,2,1
549,,PROG BRAIN RES,6,0,2,1,1,1,0,0,0,0,1,0
550,,PROG NEUROBIOL,6,0,0,0,0,0,2,0,3,0,1,0
551,,PSIKHOL ZH,6,0,0,0,1,1,0,0,0,0,0,4
552,0.659,PSYCHOL BELG,6,0,0,0,0,0,0,0,0,1,2,3
553,2.368,PSYCHOL VIOLENCE,6,0,0,2,0,2,0,1,1,0,0,0
554,1.973,PUBLIC ADMIN REV,6,0,0,0,1,0,3,0,0,1,0,1
555,0.257,REV MEX PSICOL,6,0,0,0,0,0,0,0,0,0,1,5
556,2.825,SCI EDUC,6,0,0,1,1,0,1,0,0,0,0,3
557,0.794,SMALL GR RES,6,0,0,1,0,1,0,0,1,0,0,3
558,,SPRINGER P MATH STAT,6,1,0,1,0,0,0,1,2,0,0,1
559,1.625,TOP LANG DISORD,6,0,0,0,0,0,1,0,1,2,0,2
560,,TRANSL NEUROSCI,6,0,0,0,0,0,1,0,1,0,0,4
561,,TRANSL PSYCHIAT,6,0,0,1,0,1,1,0,0,0,0,3
562,,2 WORLD C RES PERS,5,0,1,1,0,1,1,0,0,0,0,1
563,3.354,ACAD MANAGE PERSPECT,5,0,0,0,1,1,0,1,0,0,0,2
564,2.164,AJIDD-AM J INTELLECT,5,0,0,0,0,1,0,0,0,0,2,2
565,1.766,AM BEHAV SCI,5,0,0,0,1,1,0,1,0,0,0,2
566,,AM J PREV MED,5,0,1,0,0,0,0,0,1,1,0,2
567,,AM J PRIMATOL,5,0,0,0,2,0,0,0,1,0,0,2
568,,AM SCI,5,0,3,0,1,0,0,0,1,0,0,0
569,,ANADOLU PSIKIYATR DE,5,0,0,0,0,0,0,0,0,1,0,4
570,1.444,ANN DYSLEXIA,5,0,0,0,0,0,2,1,0,0,0,2
571,0.700,ANTHROZOOS,5,0,0,0,0,0,0,1,0,0,0,4
572,1.686,ASIAN AM J PSYCHOL,5,0,2,0,0,0,0,0,0,1,2,0
573,2.127,ATTACH HUM DEV,5,0,1,0,0,2,0,0,0,0,1,1
574,2.588,AUGMENT ALTERN COMM,5,0,0,0,0,0,1,0,0,0,0,4
575,0.891,BEHAV INFORM TECHNOL,5,0,0,0,0,2,0,0,0,0,0,3
576,,BEHAV NEUROL,5,0,0,1,0,0,1,0,0,0,0,3
577,2.279,BRIT J CLIN PSYCHOL,5,0,2,0,0,1,0,0,2,0,0,0
578,2.574,CHILD ABUSE NEGLECT,5,1,3,0,0,0,0,0,0,0,1,0
579,1.105,CHILD YOUTH SERV REV,5,0,1,0,0,0,0,0,0,0,0,4
580,,CLIN INTERV AGING,5,0,0,1,0,0,0,1,0,1,0,2
581,1.600,CLIN PSYCHOL-SCI PR,5,0,0,1,0,1,1,0,1,0,1,0
582,1.175,COGN LINGUIST,5,0,1,0,0,0,1,1,0,1,0,1
583,,COLOR RES APPL,5,0,0,1,0,0,0,1,0,0,0,3
584,,COMPUT GRAPH-UK,5,0,0,0,0,0,0,0,0,0,1,4
585,,COMPUT MATH METHOD M,5,0,0,1,0,0,0,0,0,1,0,3
586,,COMPUT SPEECH LANG,5,0,0,0,0,0,0,0,3,0,0,2
587,0.774,DEATH STUD,5,0,0,0,1,0,0,2,1,0,0,1
588,0.790,EUR J PSYCHOL EDUC,5,0,1,0,0,0,0,0,0,1,1,2
589,1.138,FORDHAM LAW REV,5,0,0,2,1,0,0,0,0,2,0,0
590,3.231,GERONTOLOGIST,5,0,0,0,0,0,1,1,0,0,0,3
591,1.214,GROUP DYN-THEOR RES,5,0,0,0,0,0,2,2,0,1,0,0
592,4.979,HARVARD LAW REV,5,0,2,0,0,0,0,0,1,0,0,2
593,1.297,HEALTH COMMUN,5,0,0,0,1,0,1,0,0,1,0,2
594,,IEEE T PATTERN ANAL,5,0,0,0,0,2,1,0,0,0,1,1
595,,IEEE T SYST MAN CY-S,5,0,0,0,0,0,0,1,2,0,0,2
596,2.126,INT J BEHAV MED,5,0,0,0,0,1,0,0,1,0,0,3
597,1.293,INT J CONSUM STUD,5,0,0,1,0,0,0,1,0,0,0,3
598,,INT J EPIDEMIOL,5,0,0,2,1,0,1,0,0,0,0,1
599,4.526,INT REV SPORT EXER P,5,0,0,0,0,0,0,0,1,0,1,3
600,1.244,INTERACT STUD,5,0,0,0,0,0,0,0,2,1,0,2
601,0.550,IRAN J PUBLIC HEALTH,5,0,1,0,0,0,0,0,0,0,0,4
602,3.481,J ABNORM CHILD PSYCH,5,0,1,0,0,1,0,0,0,0,2,1
603,3.779,J ATTEN DISORD,5,0,0,1,0,1,0,0,2,0,0,1
604,1.260,J BIOSOC SCI,5,0,0,0,0,0,0,1,0,0,1,3
605,2.019,J CLIN PSYCHOL,5,0,1,1,1,0,1,0,0,0,0,1
606,1.449,J COMMUN DISORD,5,0,0,1,0,1,0,0,2,0,0,1
607,1.943,J CREATIVE BEHAV,5,0,0,1,0,0,0,2,0,1,1,0
608,1.798,J DEV ECON,5,0,0,0,0,2,0,1,0,0,0,2
609,1.309,J EARLY ADOLESCENCE,5,0,0,0,0,0,0,0,1,1,1,2
610,1.383,J EMPIR LEGAL STUD,5,0,0,0,0,0,1,1,0,3,0,0
611,3.563,J INT BUS STUD,5,0,0,2,0,0,0,1,0,0,1,1
612,1.210,J INTERPERS VIOLENCE,5,0,1,0,0,0,0,0,2,1,0,1
613,3.763,J MANAGE STUD,5,0,0,1,0,0,3,0,0,0,1,0
614,,J NEUROL SCI,5,0,0,0,0,1,0,2,0,0,0,2
615,1.242,J PUBLIC POLICY MARK,5,0,0,0,0,0,2,0,1,1,0,1
616,1.019,J RELIG HEALTH,5,0,0,0,0,1,0,0,0,0,0,4
617,2.484,J SERV RES-US,5,0,0,0,0,0,0,0,0,1,0,4
618,1.996,J SUBST ABUSE TREAT,5,0,0,0,2,1,0,1,0,0,0,1
619,1.544,J TRAUMA DISSOCIATIO,5,0,0,0,0,0,0,0,3,0,0,2
620,0.161,J VALUE INQUIRY,5,0,0,0,1,0,0,0,0,1,1,2
621,2.588,J VOCAT BEHAV,5,0,0,0,1,0,0,1,0,0,1,2
622,12.008,JAMA PSYCHIAT,5,0,1,0,1,0,0,0,0,0,0,3
623,1.435,LANG SPEECH HEAR SER,5,0,0,1,0,1,0,0,0,0,0,3
624,1.860,MARKET SCI,5,0,0,0,0,1,1,0,0,0,0,3
625,1.289,MERRILL PALMER QUART,5,0,0,0,0,0,0,2,1,0,0,2
626,2.477,MULTIVAR BEHAV RES,5,0,0,0,1,1,0,0,0,0,0,3
627,0.400,NEGOTIATION J,5,0,1,0,0,1,1,1,0,0,0,1
628,,NEUROCASE,5,0,0,0,0,1,0,1,1,0,0,2
629,,NEUROCOMPUTING,5,0,0,0,0,0,0,0,0,1,0,4
630,,NEUROLOGY,5,0,0,0,0,1,0,1,0,0,0,3
631,,NEUROQUANTOLOGY,5,1,0,0,0,0,0,0,1,0,0,3
632,,PHARMACOL BIOCHEM BE,5,0,1,0,0,1,0,0,1,0,1,1
633,,PHYSIOL REV,5,0,0,0,0,0,1,0,0,1,0,3
634,,PREV MED,5,0,2,0,2,0,0,0,0,0,0,1
635,1.398,PROF PSYCHOL-RES PR,5,0,0,0,0,1,0,0,2,0,0,2
636,2.084,PSYCHOPATHOLOGY,5,0,0,0,0,2,1,0,0,1,0,1
637,2.884,READ RES QUART,5,0,0,1,0,0,1,0,1,0,2,0
638,,RESTOR NEUROL NEUROS,5,0,0,0,0,1,0,1,0,1,1,1
639,0.205,REV LAT AM PSICOL,5,0,0,0,1,0,1,1,0,0,1,1
640,,REV MED CHILE,5,0,0,0,0,1,0,0,1,0,0,3
641,,S AFR J PHILOS,5,0,0,0,0,0,0,0,0,1,1,3
642,,SAFETY SCI,5,0,0,0,0,1,0,1,1,0,0,2
643,0.568,SCAND J EDUC RES,5,0,0,0,0,1,0,0,0,1,0,3
644,1.517,SCI COMMUN,5,0,1,0,0,0,1,0,1,0,1,1
645,,SCI JUSTICE,5,0,0,0,3,0,0,0,0,0,0,2
646,0.606,SOC SCI J,5,0,0,0,0,0,0,0,1,1,0,3
647,0.371,SOCIOL SPECTRUM,5,0,0,1,0,0,0,0,0,1,0,3
648,2.562,UCLA LAW REV,5,0,3,0,0,2,0,0,0,0,0,0
649,,WIT TRANS INFO COMM,5,0,0,0,0,0,1,0,0,0,0,4
650,0.299,Z ERZIEHWISS,5,0,0,1,0,0,0,0,0,0,1,3
651,2.267,ACCOUNT REV,4,0,0,0,0,0,1,1,0,0,1,1
652,0.859,ADAPT BEHAV,4,0,0,0,0,0,0,1,0,3,0,0
653,4.829,ADDICTION,4,0,0,0,0,0,1,1,0,0,1,1
654,,ADV INTEL SYS RES,4,0,1,0,0,0,0,1,0,1,0,1
655,,ADV NUTR,4,0,0,0,1,1,0,0,0,1,0,1
656,,AIP CONF P,4,0,1,0,0,0,0,0,0,0,0,3
657,2.889,ALCOHOL ALCOHOLISM,4,0,0,0,1,0,0,0,0,0,2,1
658,1.364,AM J ORTHOPSYCHIAT,4,0,0,1,0,0,1,0,1,0,1,0
659,3.269,AM J POLIT SCI,4,0,0,1,1,0,0,0,0,0,1,1
660,0.766,AM POLIT RES,4,0,0,0,0,0,1,0,1,2,0,0
661,4.390,AM SOCIOL REV,4,0,0,0,0,0,1,0,1,1,1,0
662,2.091,ASIA PAC J MANAG,4,0,0,0,0,0,0,0,1,1,1,1
663,1.023,ASIA PAC J TOUR RES,4,0,0,0,0,1,2,0,1,0,0,0
664,,AUSTRALAS J PHILOS,4,0,0,0,1,0,0,1,0,1,1,0
665,1.905,BEHAV COGN PSYCHOTH,4,0,0,0,0,0,0,0,0,1,1,2
666,,BIOL RHYTHM RES,4,0,0,2,0,1,0,0,0,0,0,1
667,1.676,BMC GERIATR,4,1,0,0,0,0,0,1,0,0,0,2
668,,BRAIN STIMUL,4,0,0,0,0,0,1,1,1,0,0,1
669,,BUILD ENVIRON,4,0,0,1,0,0,0,1,1,0,0,1
670,1.163,BUS HORIZONS,4,0,0,1,0,1,1,0,0,0,1,0
671,2.551,CAN J PSYCHIAT,4,0,1,1,0,1,0,0,0,0,0,1
672,,CHEM SENSES,4,0,0,1,0,1,0,0,0,0,0,2
673,1.162,CHILD INDIC RES,4,0,0,0,0,0,0,1,0,0,1,2
674,2.032,CHILD PSYCHIAT HUM D,4,0,0,0,0,0,0,0,0,0,2,2
675,1.086,CHILD YOUTH CARE FOR,4,0,0,0,0,0,0,0,1,0,0,3
676,3.146,CLIN CHILD FAM PSYCH,4,0,0,2,0,2,0,0,0,0,0,0
677,,COMM COM INF SC,4,0,0,0,0,1,1,1,0,0,0,1
678,,COMPUT VIS IMAGE UND,4,0,0,0,1,0,0,0,0,0,0,3
679,,CONTEMP CLIN TRIALS,4,0,0,0,0,0,1,0,1,0,0,2
680,1.746,CORNELL HOSP Q,4,0,0,0,1,0,0,1,0,0,0,2
681,1.016,CREAT INNOV MANAG,4,0,0,2,0,0,0,0,0,1,0,1
682,3.098,CRIMINOLOGY,4,0,1,0,0,0,0,1,0,0,0,2
683,,CURR NEUROL NEUROSCI,4,0,0,0,0,0,0,1,0,3,0,0
684,2.616,DEMOGRAPHY,4,0,2,0,0,0,0,0,0,0,1,1
685,,EARLY HUM DEV,4,0,0,0,0,1,1,0,0,0,0,2
686,1.680,EAT BEHAV,4,0,0,0,0,1,0,0,0,0,0,3
687,2.720,ECOL ECON,4,0,1,0,0,1,0,0,1,0,0,1
688,2.336,ECON J,4,0,0,0,0,0,0,1,0,0,0,3
689,0.644,ECONOMICS-KIEL,4,0,0,1,1,1,0,1,0,0,0,0
690,2.575,ENERG POLICY,4,0,0,0,0,1,0,0,3,0,0,0
691,1.426,ENVIRON RESOUR ECON,4,0,1,0,0,1,1,0,1,0,0,0
692,,EPILEPSY BEHAV,4,0,0,0,0,1,0,0,0,1,0,2
693,,EUR ARCH PSY CLIN N,4,0,1,0,0,0,0,0,0,0,0,3
694,0.421,EUR EARLY CHILD EDUC,4,0,0,1,0,0,0,0,0,1,1,1
695,1.144,EUR ECON REV,4,0,0,2,0,0,1,0,0,0,0,1
696,,EUR J PAIN,4,0,0,0,2,0,0,0,0,0,1,1
697,1.450,EUR J PSYCHOL APPL L,4,0,0,1,0,0,1,0,0,1,0,1
698,,EUR NEUROPSYCHOPHARM,4,0,0,0,0,2,1,1,0,0,0,0
699,1.067,GAME ECON BEHAV,4,0,0,0,1,0,0,0,0,0,0,3
700,0.600,HIGH ABIL STUD,4,0,0,0,0,0,0,0,0,1,0,3
701,1.273,HUM PERFORM,4,0,0,0,0,0,1,0,0,3,0,0
702,,HUM REPROD UPDATE,4,0,2,0,0,0,0,0,0,0,0,2
703,0.945,INDIANA LAW J,4,0,0,0,0,0,0,1,0,0,1,2
704,0.317,INFANC APRENDIZ,4,0,0,0,0,0,0,1,0,0,1,2
705,,INFORM SCIENCES,4,0,0,0,0,0,0,0,0,0,3,1
706,0.424,INQUIRY,4,0,0,0,0,0,0,0,0,1,1,2
707,1.471,INT J LANG COMM DIS,4,0,0,1,0,2,0,0,0,0,0,1
708,0.992,INT J MENT HEALTH AD,4,0,0,1,0,0,3,0,0,0,0,0
709,1.014,INT J OFFENDER THER,4,0,0,0,0,0,0,1,1,0,1,1
710,,INT J PRIMATOL,4,0,1,0,0,1,0,1,0,0,0,1
711,0.773,INT J PSYCHOL RELIG,4,0,0,0,0,0,0,0,3,0,0,1
712,,INTERDISC EVOL RES,4,0,0,0,0,2,0,1,0,0,0,1
713,,J ACAD NUTR DIET,4,0,0,0,2,1,0,0,1,0,0,0
714,3.612,J ADOLESCENT HEALTH,4,0,0,0,0,0,0,1,1,0,1,1
715,2.563,J ADVERTISING RES,4,0,0,0,0,0,1,0,0,0,0,3
716,1.873,J BEHAV ADDICT,4,0,0,1,0,0,3,0,0,0,0,0
717,,J CHEM EDUC,4,0,0,1,0,0,1,0,0,0,1,1
718,0.336,J COLL STUDENT DEV,4,0,0,0,0,0,0,1,0,0,0,3
719,1.625,J DEAF STUD DEAF EDU,4,0,0,0,0,1,0,0,0,1,0,2
720,0.840,J EDUC RES,4,0,0,1,0,0,1,0,0,1,0,1
721,2.394,J ENVIRON ECON MANAG,4,1,0,0,0,0,0,0,1,0,0,2
722,2.290,J GAMBL STUD,4,0,0,0,0,1,0,1,0,0,0,2
723,2.579,J HEALTH ECON,4,0,0,0,0,0,1,0,0,0,0,3
724,0.267,J HUMANIST PSYCHOL,4,0,0,0,0,1,0,1,1,0,0,1
725,1.788,J INTELL DISABIL RES,4,0,0,0,0,0,1,0,0,2,0,1
726,2.312,J LEARN SCI,4,0,0,1,0,0,0,0,0,0,0,3
727,1.688,J NERV MENT DIS,4,0,0,0,0,0,1,0,0,0,0,3
728,,J NEUROENG REHABIL,4,0,0,1,0,0,0,0,0,1,1,1
729,,J NEUROPSYCH CLIN N,4,0,0,0,1,0,0,0,1,0,2,0
730,2.486,J NEUROPSYCHOL,4,0,0,0,0,0,2,1,0,1,0,0
731,3.818,J OPER MANAG,4,0,1,0,0,0,0,0,2,0,0,1
732,0.288,J PSYCHOL THEOL,4,0,0,0,0,0,0,2,0,0,1,1
733,2.262,J SCHOOL PSYCHOL,4,1,0,0,0,1,0,0,1,0,1,0
734,,J SLEEP RES,4,0,0,0,0,1,0,1,0,1,0,1
735,1.712,J SPORT HEALTH SCI,4,0,1,0,0,0,0,2,0,0,0,1
736,,J SPORT SCI,4,0,0,0,0,0,0,0,2,0,1,1
737,,KNOWL-BASED SYST,4,0,0,0,0,0,0,0,0,0,1,3
738,,LECT NOTES ARTIF INT,4,0,0,1,0,1,0,0,0,1,0,1
739,,LIFE MIND-PHILOS ISS,4,0,0,0,1,0,0,0,0,0,1,2
740,,MED SCI SPORT EXER,4,0,0,1,0,0,0,0,0,1,0,2
741,,MENT HEALTH PHYS ACT,4,0,0,0,0,0,0,0,0,1,1,2
742,1.483,MINN LAW REV,4,0,0,0,0,2,0,0,0,1,0,1
743,0.942,MOD LANG J,4,0,0,0,0,1,0,0,0,0,1,2
744,,MULTIMED TOOLS APPL,4,0,0,0,0,0,0,0,1,0,1,2
745,,NEUROPSYCHOBIOLOGY,4,0,2,0,1,0,0,0,0,0,0,1
746,,NEUROSCI BULL,4,0,0,0,0,0,0,0,0,0,1,3
747,0.980,NONLIN DYNAM PSYCHOL,4,0,0,0,0,1,0,0,1,0,0,2
748,,P ANN HICSS,4,0,0,1,0,1,0,0,0,1,0,1
749,,P IEEE,4,0,0,0,1,1,0,1,1,0,0,0
750,,PAIN RES MANAG,4,0,0,0,0,0,2,1,1,0,0,0
751,0.442,PHILOS SOC SCI,4,0,0,0,0,1,1,1,0,0,1,0
752,,PROG NEURO-PSYCHOPH,4,0,0,0,1,2,0,1,0,0,0,0
753,0.789,PS-POLIT SCI POLIT,4,0,0,2,1,1,0,0,0,0,0,0
754,2.133,PSYCHIAT CLIN N AM,4,0,0,0,1,0,0,1,1,0,0,1
755,1.843,REHABIL PSYCHOL,4,0,0,0,1,0,0,0,0,1,0,2
756,,RELIGION,4,0,0,1,0,0,2,0,1,0,0,0
757,1.267,RES NURS HEALTH,4,0,0,0,0,0,1,0,1,0,0,2
758,,REV NEUROSCIENCE,4,0,1,0,0,1,1,1,0,0,0,0
759,2.182,SCHOOL PSYCHOL QUART,4,0,0,0,0,0,0,0,0,0,1,3
760,1.368,SECOND LANG RES,4,0,0,0,0,0,1,0,0,1,0,2
761,1.303,SOC FORCES,4,0,0,1,0,0,0,1,0,1,0,1
762,1.406,SOC PSYCHOL QUART,4,0,0,0,0,1,1,1,0,0,1,0
763,1.364,SOC SCI COMPUT REV,4,0,0,1,0,0,0,0,1,0,0,2
764,1.295,SOC SCI RES,4,0,0,1,1,0,0,1,0,0,0,1
765,1.814,STRESS HEALTH,4,0,0,0,0,1,1,0,1,0,1,0
766,,SYMMETRY-BASEL,4,0,0,0,0,0,0,0,0,0,0,4
767,0.750,TEACH COLL REC,4,0,0,0,0,0,0,1,0,0,2,1
768,2.058,TECHNOL FORECAST SOC,4,0,0,0,0,0,0,0,0,1,2,1
769,0.206,TIDSSKR SAMFUNNSFOR,4,0,1,1,0,0,0,0,0,0,0,2
770,,TRENDS NEUROSCI,4,0,0,0,0,2,0,0,1,1,0,0
771,1.950,U CHICAGO LAW REV,4,0,0,0,0,0,0,0,0,2,0,2
772,,VOP PSIKHOL+,4,0,0,0,0,0,1,0,0,1,0,2
773,1.965,WORLD DEV,4,0,0,0,0,0,0,0,1,1,0,2
774,0.250,Z GESUNDHEITSPSYCHOL,4,0,0,0,0,0,2,2,0,0,0,0
775,0.400,ZYGON,4,0,1,0,1,0,0,0,0,0,1,1
776,1.586,ACAD MANAG LEARN EDU,3,0,0,0,1,1,0,0,0,0,0,1
777,,ACM T COMPUT-HUM INT,3,0,0,0,0,0,0,0,1,0,0,2
778,1.430,ADDICT RES THEORY,3,0,0,0,0,0,2,0,0,0,0,1
779,1.154,ADICCIONES,3,0,0,0,3,0,0,0,0,0,0,0
780,2.124,ADV HEALTH SCI EDUC,3,0,0,0,0,0,0,0,0,2,0,1
781,0.953,ADV LIFE COURSE RES,3,0,0,1,0,0,0,0,0,0,1,1
782,,ADV STUD BEHAV,3,0,0,0,0,0,0,0,0,0,1,2
783,1.230,AGEING SOC,3,0,0,0,0,0,0,1,1,0,0,1
784,0.522,AM ANN DEAF,3,0,0,1,0,0,0,0,0,0,0,2
785,,AM J EPIDEMIOL,3,0,1,1,0,0,0,0,0,0,1,0
786,,AM J HOSP PALLIAT ME,3,0,0,0,1,0,0,0,0,1,0,1
787,,AM J MED GENET B,3,0,0,0,0,0,1,0,0,0,0,2
788,2.685,ANN TOURISM RES,3,0,0,1,0,0,0,0,0,0,0,2
789,,ARCH GERONTOL GERIAT,3,0,0,0,0,0,0,0,0,0,1,2
790,0.472,ARCH PSYCHOL RELIG,3,0,0,0,0,0,0,0,2,0,0,1
791,0.541,ART PSYCHOTHER,3,0,0,0,0,0,1,1,0,1,0,0
792,0.719,AUST J PSYCHOL,3,0,0,0,1,0,0,0,0,1,0,1
793,,AXIOMATHES,3,0,0,0,0,0,0,0,0,2,0,1
794,1.605,BEHAV MODIF,3,0,1,0,0,0,0,0,1,0,0,1
795,1.483,BIOETHICS,3,0,0,0,0,0,0,1,0,0,0,2
796,,BIOL CYBERN,3,0,0,0,1,0,0,0,0,0,0,2
797,,BIPOLAR DISORD,3,0,0,0,0,0,0,1,0,0,0,2
798,,BMC PEDIATR,3,0,0,0,0,1,0,0,2,0,0,0
799,,BRAIN RES BULL,3,0,0,0,1,0,1,0,0,0,0,1
800,,BRIT J ANAESTH,3,1,0,0,0,0,0,1,0,0,0,1
801,1.584,BRIT J MANAGE,3,0,0,0,0,1,2,0,0,0,0,0
802,,BRIT J SPORT MED,3,0,0,0,0,0,0,0,1,0,0,2
803,1.927,BUS ETHICS Q,3,0,0,0,0,0,1,0,0,0,0,2
804,1.290,CAREER DEV INT,3,1,0,0,1,0,0,0,0,0,0,1
805,,CHEMOSENS PERCEPT,3,0,0,0,0,0,0,0,0,1,0,2
806,1.719,CLIN NEUROPSYCHOL,3,0,0,0,1,0,0,0,0,0,0,2
807,2.632,CLIN PSYCHOL PSYCHOT,3,0,0,0,1,1,0,0,0,0,0,1
808,0.720,CLIN SOC WORK J,3,0,1,0,0,1,0,0,1,0,0,0
809,,CNS NEUROL DISORD-DR,3,0,1,0,0,1,0,0,0,0,0,1
810,1.562,COGN BEHAV PRACT,3,0,0,1,0,0,0,0,0,0,0,2
811,1.308,COGN TECHNOL WORK,3,0,0,0,0,1,0,0,0,0,1,1
812,2.000,COGNITION INSTRUCT,3,0,0,0,0,0,0,0,1,0,1,1
813,,COMMUN ACM,3,0,0,0,0,0,0,0,0,0,0,3
814,0.833,COMMUN MONOGR,3,0,0,1,1,0,0,0,0,0,1,0
815,2.252,COMPR PSYCHIAT,3,0,0,0,0,1,0,0,0,0,0,2
816,,COMPUT GRAPH FORUM,3,0,0,0,0,0,0,0,0,1,0,2
817,1.528,CRIM JUSTICE BEHAV,3,0,0,1,0,0,0,0,0,0,1,1
818,0.044,CROAT J EDUC,3,0,0,0,0,0,0,0,0,1,0,2
819,1.212,CROSS-CULT RES,3,0,0,1,0,0,0,0,0,0,0,2
820,0.956,CULT PSYCHOL,3,0,0,0,0,0,1,0,1,0,0,1
821,3.238,CURR PSYCHIAT REP,3,0,0,0,0,1,0,1,1,0,0,0
822,0.253,DENVER U LAW REV,3,0,0,0,1,0,0,0,2,0,0,0
823,,DESIGN STUD,3,0,0,1,0,0,0,0,0,1,0,1
824,,DEUT Z PHILOS,3,0,0,0,0,0,0,0,3,0,0,0
825,,DEV NEUROSCI-BASEL,3,0,2,0,0,0,0,0,0,0,0,1
826,1.057,DIAGNOSTICA,3,0,0,0,0,1,0,0,0,1,1,0
827,0.815,DISABIL SOC,3,0,0,0,0,0,0,1,1,0,0,1
828,1.015,ECON INQ,3,0,0,0,0,0,0,1,0,0,0,2
829,0.421,EDUC GERONTOL,3,0,0,0,0,1,0,0,0,0,1,1
830,0.230,EDUC LEADERSHIP,3,0,0,0,1,0,0,1,0,1,0,0
831,0.375,EDUC RES-UK,3,0,0,0,0,0,0,0,1,0,1,1
832,0.648,EDUC REV,3,0,0,1,0,0,0,1,0,0,0,1
833,1.018,EDUC TECHNOL SOC,3,0,0,0,0,1,2,0,0,0,0,0
834,1.083,ELEM SCHOOL J,3,0,1,0,0,0,0,0,0,0,1,1
835,,ENVIRON SCI TECHNOL,3,0,1,0,0,0,0,0,0,0,1,1
836,,EPILEPTIC DISORD,3,0,0,0,0,0,0,0,0,1,1,1
837,,ETHICAL THEORY MORAL,3,0,0,0,0,0,0,0,0,2,0,1
838,,ETHOLOGY,3,0,0,0,1,0,0,0,0,0,0,2
839,0.905,ETHOS,3,0,1,1,0,0,1,0,0,0,0,0
840,1.420,ETR&D-EDUC TECH RES,3,0,0,0,0,1,2,0,0,0,0,0
841,1.622,EUR J POPUL,3,0,1,0,1,0,1,0,0,0,0,0
842,3.439,EUR PSYCHIAT,3,0,0,0,0,1,1,0,0,1,0,0
843,,EXPERT REV NEUROTHER,3,1,0,0,0,0,0,0,0,0,0,2
844,1.024,FAM RELAT,3,0,0,0,1,0,0,1,0,0,1,0
845,0.978,FOREIGN POL ANAL-US,3,0,0,0,0,0,0,2,0,0,0,1
846,,FORENSIC SCI INT,3,0,0,0,0,0,1,0,0,0,0,2
847,,FRONT NEUROENDOCRIN,3,0,1,0,0,0,0,1,0,1,0,0
848,,FRONT NEUROROBOTICS,3,0,0,1,0,1,1,0,0,0,0,0
849,,GENES BRAIN BEHAV,3,0,0,0,0,1,0,0,0,0,0,2
850,,GERIATR PSYCHOL NEUR,3,0,0,0,0,0,2,1,0,0,0,0
851,0.603,GLOB POLICY,3,0,2,0,0,0,0,0,0,0,0,1
852,1.652,HARVARD ENVIRON LAW,3,0,0,0,0,1,0,0,0,2,0,0
853,2.120,HEALTH QUAL LIFE OUT,3,0,0,0,1,0,0,1,0,0,0,1
854,0.508,HERD-HEALTH ENV RES,3,0,0,0,0,0,0,0,0,2,0,1
855,1.891,HUM ECOL,3,0,0,0,0,0,0,0,0,1,0,2
856,,HUM FACTOR ERGON MAN,3,0,0,0,0,0,0,0,0,0,0,3
857,0.530,IDS BULL-I DEV STUD,3,0,0,1,1,0,0,0,0,0,0,1
858,,IEEE T HAPTICS,3,0,0,0,0,0,0,0,1,0,0,2
859,,IEEE T VIS COMPUT GR,3,2,0,0,0,1,0,0,0,0,0,0
860,,IMAGE VISION COMPUT,3,0,1,0,0,0,0,0,0,0,0,2
861,1.071,INFANT MENT HEALTH J,3,0,0,2,0,0,0,0,0,0,1,0
862,,INFECT CONT HOSP EP,3,0,0,0,3,0,0,0,0,0,0,0
863,2.436,INFORM SYST RES,3,0,0,0,0,0,0,0,1,1,0,1
864,0.400,INNOVATION-ABINGDON,3,0,0,0,1,0,0,0,0,1,0,1
865,0.548,INT J DEV DISABIL,3,0,0,0,0,0,0,1,0,2,0,0
866,1.333,INT J FORECASTING,3,0,0,0,0,0,1,1,0,0,0,1
867,1.550,INT J INFORM MANAGE,3,0,0,0,0,1,0,0,0,1,0,1
868,3.759,INT J METH PSYCH RES,3,0,0,0,1,0,1,0,0,1,0,0
869,,INT J NEUROPSYCHOPH,3,0,0,0,0,2,1,0,0,0,0,0
870,,INT J NEUROSCI,3,0,0,0,0,0,0,0,0,0,0,3
871,,INT J PROD ECON,3,0,0,0,0,0,1,0,0,0,0,2
872,0.909,INT J QUAL STUD HEAL,3,0,1,0,0,0,0,1,0,1,0,0
873,0.814,INT J SELECT ASSESS,3,0,0,0,0,0,0,0,0,1,0,2
874,,INT J SOC ROBOT,3,0,0,1,0,0,0,1,0,1,0,0
875,0.853,INT J STRESS MANAGE,3,0,0,0,0,0,0,0,1,0,1,1
876,1.934,INT PSYCHOGERIATR,3,0,0,0,0,0,0,1,1,1,0,0
877,,INT S SIGN PROC,3,0,0,0,0,0,0,0,0,0,0,3
878,7.260,J AM ACAD CHILD PSY,3,0,0,0,0,0,1,0,0,0,0,2
879,4.572,J AM GERIATR SOC,3,0,0,0,0,0,0,1,0,1,0,1
880,,J APPL MATH,3,0,1,0,0,0,0,0,1,0,0,1
881,2.075,J BUS PSYCHOL,3,0,0,0,0,0,0,1,0,0,1,1
882,,J CLEAN PROD,3,0,0,0,0,1,0,0,1,0,1,0
883,,J CLIN ONCOL,3,0,2,0,0,0,0,0,0,0,0,1
884,1.189,J COMMUNITY APPL SOC,3,0,0,0,1,1,1,0,0,0,0,0
885,1.609,J CONFLICT RESOLUT,3,0,1,0,0,1,0,0,0,0,1,0
886,0.545,J COUNS DEV,3,0,0,0,1,0,1,0,0,0,0,1
887,1.228,J ETHN MIGR STUD,3,0,0,0,3,0,0,0,0,0,0,0
888,,J EVID-BASED PSYCHOT,3,0,1,0,1,0,1,0,0,0,0,0
889,,J EVOLUTION BIOL,3,1,0,0,0,1,0,0,0,0,0,1
890,,J EXP BIOL,3,0,0,0,0,0,0,1,0,0,0,2
891,1.151,J FAM THER,3,0,0,0,0,0,1,0,0,0,0,2
892,5.416,J GERONTOL A-BIOL,3,0,0,0,0,0,0,0,0,0,0,3
893,0.406,J HOMEL SECUR EMERG,3,0,1,1,1,0,0,0,0,0,0,0
894,0.953,J HOMOSEXUAL,3,0,0,0,0,0,1,0,0,0,0,2
895,1.482,J IMMIGR MINOR HEALT,3,0,0,1,1,0,0,0,0,0,1,0
896,1.222,J INDIVID DIFFER,3,0,0,2,0,0,0,1,0,0,0,0
897,0.707,J LOSS TRAUMA,3,0,0,0,0,0,0,0,0,1,0,2
898,1.770,J MARRIAGE FAM,3,0,0,0,0,0,0,1,0,0,0,2
899,1.511,J MED ETHICS,3,0,0,0,0,0,1,0,0,0,0,2
900,,J MED INTERNET RES,3,0,0,1,0,0,0,0,0,2,0,0
901,,J NEURAL ENG,3,0,0,0,0,0,0,0,0,0,0,3
902,,J NEUROENDOCRINOL,3,0,0,0,0,0,0,0,1,2,0,0
903,,J OCCUP HEALTH,3,0,0,0,1,0,0,0,0,1,0,1
904,1.667,J OCCUP ORGAN PSYCH,3,0,0,0,0,0,1,0,0,0,0,2
905,,J PARKINSON DIS,3,0,0,0,0,1,1,0,0,0,1,0
906,,J PEDIATR-US,3,0,1,0,0,0,0,0,1,0,0,1
907,0.805,J PERS PSYCHOL,3,0,0,0,0,0,1,0,0,0,0,2
908,2.090,J PHYS ACT HEALTH,3,0,0,0,0,0,0,1,0,1,0,1
909,,J PHYS THER SCI,3,0,0,0,0,0,0,0,0,0,0,3
910,1.054,J PSYCHOEDUC ASSESS,3,0,0,0,0,0,0,0,2,1,0,0
911,,J R SOC INTERFACE,3,0,1,0,0,0,1,0,0,0,0,1
912,1.233,J RES MATH EDUC,3,0,1,1,0,0,0,0,0,0,0,1
913,3.162,J RES SCI TEACH,3,0,0,0,0,0,0,0,0,0,0,3
914,1.214,J SCI EDUC TECHNOL,3,0,0,0,0,0,0,0,0,0,0,3
915,1.782,J SEX MARITAL THER,3,0,0,0,0,0,0,0,0,0,0,3
916,0.756,J THEOR SOC BEHAV,3,0,0,1,0,0,0,0,0,0,1,1
917,2.442,J TRAVEL RES,3,0,0,0,0,0,0,0,0,0,0,3
918,,J VERBRAUCH LEBENSM,3,1,0,0,0,0,0,0,0,0,0,2
919,2.889,JUSTICE Q,3,0,0,0,0,0,0,2,0,0,0,1
920,3.037,LANDSCAPE URBAN PLAN,3,0,0,0,0,0,1,2,0,0,0,0
921,1.884,LANGUAGE,3,0,1,0,0,0,0,0,0,0,0,2
922,0.362,LEADERSHIP ORG DEV J,3,0,0,0,0,0,0,0,0,0,0,3
923,1.177,LEISURE SCI,3,0,0,0,0,0,0,0,0,0,0,3
924,,LEONARDO,3,0,0,0,1,0,0,0,0,1,0,1
925,0.430,LIT LINGUIST COMPUT,3,0,0,0,0,0,1,0,1,0,0,1
926,,MACH LEARN,3,0,0,0,1,1,0,0,0,1,0,0
927,0.753,MASS COMMUN SOC,3,0,0,0,0,0,0,1,1,0,0,1
928,,MATERN CHILD NUTR,3,0,0,0,0,0,0,0,2,0,0,1
929,0.462,MEAS EVAL COUNS DEV,3,0,0,0,0,0,0,0,1,0,0,2
930,1.100,MEDIA PSYCHOL,3,0,0,0,0,0,0,1,0,0,0,2
931,0.145,MUSIC EDUC RES,3,0,0,0,0,1,0,0,0,1,0,1
932,,NEURAL NETWORKS,3,0,0,0,0,1,0,0,1,0,0,1
933,1.311,NEUROETHICS-NETH,3,0,0,0,0,0,0,1,0,2,0,0
934,,NEUROINFORMATICS,3,0,0,0,3,0,0,0,0,0,0,0
935,,NEUROPHYSIOL CLIN,3,0,0,1,0,0,0,1,0,0,0,1
936,,NEUROPSYCH DIS TREAT,3,0,0,0,1,0,0,0,0,0,1,1
937,1.124,NEUROREHABILITATION,3,0,0,1,0,0,1,0,0,0,0,1
938,,NEUROTOXICOLOGY,3,0,0,0,0,0,1,0,0,0,0,2
939,,PAIN MED,3,0,0,0,0,0,2,0,0,0,1,0
940,2.199,PATIENT EDUC COUNS,3,0,1,1,0,0,0,1,0,0,0,0
941,,PATTERN RECOGN,3,0,0,0,0,0,0,0,0,0,0,3
942,4.490,PERS PSYCHOL,3,0,1,0,0,0,0,0,1,0,0,1
943,,PHILOSOPHIA,3,0,0,0,0,0,0,0,1,2,0,0
944,1.433,PHYS REV SPEC TOP-PH,3,0,0,0,0,0,0,0,1,0,0,2
945,,PHYS SCRIPTA,3,0,0,0,0,0,0,0,0,0,0,3
946,,PROD OPER MANAG,3,0,0,0,0,0,0,0,0,1,0,2
947,,PROG BIOCHEM BIOPHYS,3,0,0,0,0,1,0,0,1,0,0,1
948,1.210,PSICOTHEMA,3,0,1,0,0,0,1,0,0,0,0,1
949,3.048,PSYCHIATRY,3,0,0,0,1,1,0,0,0,0,0,1
950,1.255,PSYCHOL HEALTH MED,3,0,0,0,0,0,1,0,0,0,1,1
951,1.707,PSYCHOL SERV,3,0,0,0,1,0,0,0,0,0,1,1
952,1.121,PSYCHOTHER PSYCH MED,3,1,0,0,1,1,0,0,0,0,0,0
953,9.196,PSYCHOTHER PSYCHOSOM,3,0,0,0,0,0,0,1,1,0,0,1
954,1.723,PSYCHOTHER RES,3,0,1,0,0,0,0,0,0,1,0,1
955,,RELIG EDUC,3,0,1,0,0,2,0,0,0,0,0,0
956,,RELIGIONS,3,1,0,0,0,1,0,1,0,0,0,0
957,3.117,RES POLICY,3,0,0,1,1,0,0,0,0,0,0,1
958,1.119,RES SOC STRAT MOBIL,3,0,0,0,0,0,2,0,0,0,1,0
959,1.375,RES SOCIAL WORK PRAC,3,0,1,0,1,1,0,0,0,0,0,0
960,,RESP PHYSIOL NEUROBI,3,0,2,0,0,0,0,0,0,0,0,1
961,0.473,S AFR J PSYCHOL,3,1,0,1,1,0,0,0,0,0,0,0
962,0.634,SCI EDUC-NETHERLANDS,3,0,0,0,0,0,0,0,2,0,0,1
963,0.714,SEX RELATSH THER,3,0,0,1,0,0,0,0,0,0,0,2
964,,SLEEP MED REV,3,0,0,0,0,0,0,1,1,1,0,0
965,2.000,SOC NETWORKS,3,0,1,1,1,0,0,0,0,0,0,0
966,0.255,SOC PHILOS POLICY,3,0,0,1,1,0,0,0,0,0,1,0
967,1.711,SOCIOL EDUC,3,0,0,0,0,0,1,0,1,0,0,1
968,1.000,SOCIOL FORUM,3,0,0,0,0,0,1,0,0,0,0,2
969,,SOUTHERN J PHILOS,3,0,0,0,0,0,0,1,0,0,0,2
970,,SPORTS MED,3,0,0,0,0,0,0,0,1,0,0,2
971,,STRAT EM MARK MAN,3,0,0,0,0,0,0,0,1,0,0,2
972,0.452,STUD HIST PHILOS SCI,3,0,0,0,0,1,0,0,0,0,0,2
973,1.853,SUICIDE LIFE-THREAT,3,0,0,0,0,0,0,0,1,0,0,2
974,,SURGERY,3,0,1,0,0,1,0,0,0,0,1,0
975,0.378,TOP GERIATR REHABIL,3,0,1,0,0,0,0,0,0,0,0,2
976,2.789,TRANSPORT RES A-POL,3,0,0,0,0,1,0,0,0,0,0,2
977,,TRENDS IMMUNOL,3,0,0,0,1,2,0,0,0,0,0,0
978,,TRIALS,3,0,0,0,0,0,0,0,1,0,0,2
979,0.037,TURK PSIKOL DERG,3,0,0,0,0,1,0,0,0,0,0,2
980,,TWIN RES HUM GENET,3,1,0,0,0,1,0,0,0,0,1,0
981,,UTILITAS,3,0,0,0,0,0,0,0,1,1,0,1
982,,VIENNA SER THEOR BIO,3,0,0,0,0,1,0,0,1,0,0,1
983,0.308,Z SPORTPSYCHOL,3,0,0,0,0,0,0,1,0,0,1,1
984,,13 WUH INT C EB 2014,2,0,0,0,0,0,1,0,1,0,0,0
985,,2014 INT C ADV ED,2,0,0,0,0,1,0,0,0,0,0,1
986,0.881,ACCOUNT HORIZ,2,0,2,0,0,0,0,0,0,0,0,0
987,,ACOUST AUST,2,0,0,0,0,0,1,0,0,0,0,1
988,,ACS SYM SER,2,0,0,0,0,1,1,0,0,0,0,0
989,,ACTA PAEDIATR,2,0,0,0,0,1,0,0,0,0,0,1
990,5.605,ACTA PSYCHIAT SCAND,2,0,0,0,1,1,0,0,0,0,0,0
991,2.098,ADM POLICY MENT HLTH,2,0,0,0,0,0,0,1,0,0,1,0
992,,ADV EXP MED BIOL,2,0,0,1,0,0,0,0,0,0,0,1
993,,AGEING RES REV,2,0,0,0,0,0,0,0,0,0,0,2
994,,ALZ DIS ASSOC DIS,2,0,0,0,0,1,0,0,0,0,0,1
995,1.357,AM ANTHROPOL,2,0,0,0,0,1,0,0,0,0,0,1
996,1.631,AM ECON J-MICROECON,2,0,0,0,0,0,0,1,0,0,0,1
997,2.157,AM EDUC RES J,2,0,0,1,0,0,0,0,0,0,1,0
998,2.615,AM HIST REV,2,0,0,0,0,0,0,0,1,0,0,1
999,,AM J ALZHEIMERS DIS,2,0,0,0,0,0,0,0,0,0,0,2
1000,1.152,AM J CLIN HYPN,2,0,1,0,0,0,0,0,0,0,1,0
1001,2.145,AM J COMMUN PSYCHOL,2,0,0,1,0,0,0,1,0,0,0,0
1002,,AM J PHYSIOL-REG I,2,0,0,0,0,0,0,1,0,0,0,1
1003,3.688,AM POLIT SCI REV,2,0,0,0,0,0,1,0,1,0,0,0
1004,,ANALYSIS-UK,2,0,1,0,0,0,0,0,0,0,0,1
1005,,ANESTH ANALG,2,0,0,0,0,0,0,1,0,1,0,0
1006,2.291,ANN ASSOC AM GEOGR,2,0,1,0,0,0,1,0,0,0,0,0
1007,1.341,ANTHROPOL THEOR,2,0,0,0,0,0,0,0,0,0,0,2
1008,,APPL ACOUST,2,0,0,0,0,1,0,0,0,0,0,1
1009,1.536,APPL DEV SCI,2,1,0,0,0,0,0,0,0,0,0,1
1010,,APPL MECH MATER,2,0,0,0,0,0,0,0,0,0,0,2
1011,,ARCH PEDIATRIE,2,0,1,0,0,1,0,0,0,0,0,0
1012,1.385,ARCH SUICIDE RES,2,0,0,0,0,1,0,0,1,0,0,0
1013,,ARCH WOMEN MENT HLTH,2,0,0,0,0,0,0,0,1,0,0,1
1014,,ASIA LIFE SCI,2,0,0,1,0,0,0,0,0,0,0,1
1015,0.839,ASIA PAC EDUC REV,2,0,0,0,0,0,1,1,0,0,0,0
1016,0.143,ASIA PAC J SOC WORK,2,0,0,0,0,0,0,0,0,0,1,1
1017,0.737,ASIA-PAC EDUC RES,2,0,0,0,0,0,0,1,0,0,0,1
1018,,ASSESS WRIT,2,0,0,0,0,0,0,0,0,0,0,2
1019,0.861,AUDITING-J PRACT TH,2,0,0,0,0,0,0,0,0,0,1,1
1020,0.267,AUST ABORIG STUD,2,0,0,1,0,1,0,0,0,0,0,0
1021,0.216,AUST J EDUC,2,0,0,0,0,0,0,0,1,0,0,1
1022,0.158,AUST J LINGUIST,2,0,0,0,0,2,0,0,0,0,0,0
1023,3.407,AUST NZ J PSYCHIAT,2,0,0,0,0,0,0,0,0,0,0,2
1024,0.753,AUST PSYCHOL,2,0,0,0,0,0,0,0,0,0,0,2
1025,,B MATH BIOL,2,0,0,0,0,0,0,0,0,0,0,2
1026,0.657,B MENNINGER CLIN,2,0,0,0,0,0,1,0,1,0,0,0
1027,,BEHAV ECOL,2,0,0,0,1,1,0,0,0,0,0,0
1028,,BEHAV ECOL SOCIOBIOL,2,0,0,0,1,0,0,1,0,0,0,0
1029,,BEHAV SLEEP MED,2,0,0,0,0,2,0,0,0,0,0,0
1030,1.522,BIODEMOGR SOC BIOL,2,0,0,0,0,0,0,1,0,0,0,1
1031,1.190,BIOL PHILOS,2,0,0,0,1,0,0,0,0,0,0,1
1032,,BIOL REV,2,0,0,0,0,1,1,0,0,0,0,0
1033,1.585,BIOSOCIETIES,2,0,0,0,0,0,0,0,2,0,0,0
1034,,BIOSTATISTICS,2,0,0,0,2,0,0,0,0,0,0,0
1035,,BMC HEALTH SERV RES,2,0,0,0,0,0,1,0,0,0,0,1
1036,,BMC INFECT DIS,2,0,0,0,2,0,0,0,0,0,0,0
1037,,BMC MED,2,0,0,0,0,0,0,1,0,1,0,0
1038,1.495,BMC MED ETHICS,2,0,0,1,0,0,0,0,0,1,0,0
1039,,BMJ OPEN,2,0,0,0,0,0,0,0,1,0,0,1
1040,,BRAIN IMAGING BEHAV,2,0,0,0,0,0,0,0,1,1,0,0
1041,,BRIT FOOD J,2,0,0,0,0,0,0,0,0,1,0,1
1042,0.458,BRIT J MUSIC EDUC,2,0,0,0,0,0,1,0,0,0,0,1
1043,1.281,BRIT J PHILOS SCI,2,0,0,0,0,0,1,0,0,0,0,1
1044,0.067,CADMO,2,1,0,0,0,0,0,0,0,1,0,0
1045,1.250,CALIF MANAGE REV,2,0,1,0,0,0,0,0,1,0,0,0
1046,,CAN J SURG,2,0,0,0,0,0,0,0,1,0,1,0
1047,0.533,CAREER DEV Q,2,0,0,0,0,1,0,0,1,0,0,0
1048,0.944,CARTOGR GEOGR INF SC,2,0,0,0,0,0,0,0,0,0,0,2
1049,0.535,CHILD HEALTH CARE,2,0,0,0,0,0,0,1,1,0,0,0
1050,0.294,CHIN MANAG STUD,2,0,0,0,0,0,1,0,0,1,0,0
1051,,CLIN GENET,2,0,0,1,0,0,0,0,0,0,0,1
1052,0.575,CLIN LINGUIST PHONET,2,0,0,0,0,0,0,0,0,0,0,2
1053,,CLIN RES HEPATOL GAS,2,0,0,0,0,0,0,0,1,0,1,0
1054,,COGN BEHAV THERAPY,2,0,0,0,0,0,0,1,0,0,0,1
1055,,COGN NEURODYNAMICS,2,0,1,0,0,0,0,0,1,0,0,0
1056,,COMPUT SECUR,2,0,0,1,0,0,0,0,0,1,0,0
1057,,CONTEMP BUDDHISM,2,0,1,0,0,0,0,1,0,0,0,0
1058,0.902,CRIMINOL PUBLIC POL,2,1,0,0,0,0,0,0,1,0,0,0
1059,1.712,CRIT PUBLIC HEALTH,2,0,0,0,0,0,1,0,0,0,0,1
1060,,CROAT J PHILOS,2,0,0,0,0,0,0,0,0,0,0,2
1061,,CURR ALZHEIMER RES,2,0,0,0,1,0,0,1,0,0,0,0
1062,,CURR DIABETES REP,2,0,0,0,0,0,0,1,0,1,0,0
1063,3.942,CURR OPIN PSYCHIATR,2,0,1,1,0,0,0,0,0,0,0,0
1064,0.942,DEVIANT BEHAV,2,0,0,0,0,0,0,0,0,0,1,1
1065,0.710,DISCOURSE SOC,2,0,0,0,0,0,0,0,1,1,0,0
1066,1.000,DRUG-EDUC PREV POLIC,2,0,0,0,0,0,0,1,0,0,0,1
1067,2.493,DUKE LAW J,2,0,0,0,0,2,0,0,0,0,0,0
1068,0.971,ECON EDUC REV,2,0,0,0,0,0,0,0,0,0,2,0
1069,3.889,ECONOMETRICA,2,0,0,0,0,0,0,0,0,0,0,2
1070,1.045,ECONOMICA,2,0,0,0,0,0,0,0,0,0,0,2
1071,0.314,EDUC PHILOS THEORY,2,0,0,0,0,0,0,0,0,0,0,2
1072,1.154,EDUC PSYCHOL MEAS,2,0,0,0,0,0,0,0,0,0,0,2
1073,0.773,EDUC TREAT CHILD,2,0,0,1,0,0,0,0,0,0,0,1
1074,1.182,ELECT STUD,2,0,0,0,1,0,0,0,0,0,0,1
1075,,EMBO REP,2,0,0,1,0,0,0,0,0,0,0,1
1076,,ENDOCR REV,2,0,0,0,0,0,1,0,0,0,0,1
1077,,ENERG BUILDINGS,2,0,0,0,0,0,0,0,1,0,0,1
1078,1.060,ENERG EFFIC,2,0,0,0,0,0,0,1,1,0,0,0
1079,3.144,ENTREP THEORY PRACT,2,0,0,0,0,0,0,0,1,1,0,0
1080,1.088,ENVIRON EDUC RES,2,0,0,0,1,0,0,0,0,0,0,1
1081,,ENVIRON RES LETT,2,0,2,0,0,0,0,0,0,0,0,0
1082,2.461,EUR EAT DISORD REV,2,0,0,0,1,1,0,0,0,0,0,0
1083,0.553,EUR J EDUC,2,0,0,0,0,0,1,0,0,0,1,0
1084,0.225,EUR J LAW ECON,2,0,0,0,0,0,0,0,0,1,0,1
1085,2.591,EUR J PUBLIC HEALTH,2,0,0,0,0,0,0,0,1,0,0,1
1086,0.677,EUR REV APPL PSYCHOL,2,0,0,0,0,0,2,0,0,0,0,0
1087,1.740,EUR SOCIOL REV,2,0,0,0,1,0,0,0,0,0,0,1
1088,1.439,EUR UNION POLIT,2,0,0,0,0,0,0,0,0,0,0,2
1089,3.886,EVOL ANTHROPOL,2,0,0,0,1,0,0,0,1,0,0,0
1090,,EXP BIOL MED,2,0,0,0,0,1,1,0,0,0,0,0
1091,,EXPLORE-NY,2,0,0,0,0,0,0,0,0,2,0,0
1092,,FRONT NEUROINFORM,2,0,0,0,1,0,0,0,0,0,0,1
1093,,FRONT NEUROL NEUROSC,2,0,0,0,0,0,0,0,0,0,0,2
1094,,FUTURE ONCOL,2,0,0,1,0,0,0,0,1,0,0,0
1095,,GAIT POSTURE,2,0,0,0,0,0,0,0,0,0,1,1
1096,0.390,GAMES CULT,2,0,0,0,0,0,1,0,1,0,0,0
1097,0.375,GEDRAG ORGAN,2,0,0,1,0,0,0,0,0,0,0,1
1098,,GEN COMP ENDOCR,2,0,0,0,0,1,0,0,0,0,0,1
1099,2.606,GEN HOSP PSYCHIAT,2,0,0,0,0,1,0,0,0,0,0,1
1100,2.120,GROUP DECIS NEGOT,2,0,0,0,1,0,1,0,0,0,0,0
1101,0.141,HACET U EGITIM FAK,2,0,0,0,0,0,0,0,0,0,0,2
1102,0.917,HASTINGS LAW J,2,0,0,0,0,0,0,0,0,0,0,2
1103,2.227,HEALTH ECON,2,0,0,0,0,0,0,0,0,0,1,1
1104,,HNO,2,0,1,0,0,0,0,0,0,0,0,1
1105,,HTS TEOL STUD-THEOL,2,0,0,1,0,1,0,0,0,0,0,0
1106,,HUM DIMENS WILDL,2,0,0,0,0,0,0,0,1,0,0,1
1107,,HUM REPROD,2,0,1,0,0,0,0,0,0,0,0,1
1108,2.179,HUM RESOUR MANAGE R,2,0,0,0,0,0,2,0,0,0,0,0
1109,1.293,HUM RESOUR MANAGE-US,2,0,0,0,0,0,0,0,1,0,0,1
1110,0.446,HYPATIA,2,0,0,0,0,0,0,0,0,0,0,2
1111,,IEEE T AUTON MENT DE,2,0,0,0,0,0,0,0,1,0,0,1
1112,,IEEE T BIO-MED ENG,2,0,0,0,1,0,0,0,0,0,1,0
1113,,IEEE T CYBERNETICS,2,0,0,0,0,0,0,0,1,0,1,0
1114,,IEEE T INF FOREN SEC,2,0,0,0,0,1,0,0,0,0,0,1
1115,,IEEE T NEUR SYS REH,2,0,0,0,0,0,0,0,1,0,0,1
1116,,INFORMATICA-LITHUAN,2,0,0,0,0,0,0,0,0,1,0,1
1117,1.288,INT GAMBL STUD,2,0,1,0,1,0,0,0,0,0,0,0
1118,,INT J APPROX REASON,2,0,0,0,0,0,0,0,0,0,0,2
1119,,INT J AUDIOL,2,0,0,0,0,1,0,0,0,1,0,0
1120,0.275,INT J AVIAT PSYCHOL,2,0,0,1,0,0,0,0,0,1,0,0
1121,,INT J BEHAV NUTR PHY,2,0,1,0,0,0,0,0,1,0,0,0
1122,,INT J BIOMETEOROL,2,0,0,0,0,0,0,0,0,0,2,0
1123,0.673,INT J CLIN EXP HYP,2,0,0,0,0,0,0,0,1,1,0,0
1124,,INT J CLIN PHARM TH,2,0,0,0,0,2,0,0,0,0,0,0
1125,1.407,INT J CONTEMP HOSP M,2,0,0,0,0,0,0,0,0,1,0,1
1126,0.438,INT J DISABIL DEV ED,2,0,0,0,0,0,0,0,0,0,0,2
1127,0.850,INT J HUM-COMPUT INT,2,0,0,0,0,0,0,0,0,1,0,1
1128,0.934,INT J LAW PSYCHIAT,2,0,0,0,0,0,0,1,0,1,0,0
1129,0.286,INT J MUSIC EDUC,2,0,0,0,0,1,0,0,0,0,0,1
1130,2.901,INT J NURS STUD,2,0,0,0,0,0,1,0,0,0,0,1
1131,,INT J PROSTHODONT,2,0,0,0,0,0,0,0,0,1,0,1
1132,,INT J REMOTE SENS,2,0,0,0,0,0,0,0,1,0,0,1
1133,0.339,INT REV LAW ECON,2,0,0,0,0,0,1,0,0,0,1,0
1134,0.161,INT REV RES DEV DISA,2,0,1,1,0,0,0,0,0,0,0,0
1135,2.463,INTERNET HIGH EDUC,2,0,0,0,0,0,0,0,1,0,0,1
1136,,INVEST OPHTH VIS SCI,2,0,0,1,0,0,0,0,0,0,0,1
1137,1.741,J ADV NURS,2,0,0,0,0,0,0,0,1,0,1,0
1138,1.242,J ADVERTISING,2,0,0,0,0,0,0,0,0,0,0,2
1139,,J AGGRESS MALTREAT T,2,0,0,0,0,1,0,0,0,0,1,0
1140,1.477,J AGING HEALTH,2,0,0,0,0,0,0,0,0,0,0,2
1141,1.966,J AGING PHYS ACTIV,2,0,0,0,0,0,0,0,0,0,0,2
1142,,J ALTERN COMPLEM MED,2,0,0,0,1,0,0,0,0,0,0,1
1143,1.169,J AM ACAD PSYCHIATRY,2,0,0,0,0,0,0,2,0,0,0,0
1144,,J AM ACAD RELIG,2,0,0,1,0,0,0,0,1,0,0,0
1145,,J AM WATER WORKS ASS,2,0,0,0,0,0,0,0,1,0,0,1
1146,2.095,J ANTHROPOL SCI,2,0,0,0,0,0,0,0,0,0,0,2
1147,0.935,J APPL COMMUN RES,2,0,0,1,0,0,0,0,0,0,0,1
1148,,J ASSOC INF SCI TECH,2,0,0,0,0,0,0,0,0,0,0,2
1149,1.774,J ASSOC INF SYST,2,0,0,0,0,0,0,0,1,0,1,0
1150,1.274,J ASSOC NURSE AIDS C,2,0,0,0,0,0,0,0,1,0,0,1
1151,1.507,J CAREER ASSESSMENT,2,0,0,2,0,0,0,0,0,0,0,0
1152,0.891,J CAREER DEV,2,0,0,1,0,0,0,0,0,0,0,1
1153,,J CHILD ADOL PSYCHOP,2,0,0,1,0,1,0,0,0,0,0,0
1154,,J CLIN EPIDEMIOL,2,0,0,0,0,0,0,0,0,0,0,2
1155,,J CLIN PERIODONTOL,2,0,0,0,0,0,0,0,1,0,0,1
1156,1.212,J CLIN PSYCHOL MED S,2,0,1,0,0,0,1,0,0,0,0,0
1157,1.360,J COMPUT ASSIST LEAR,2,0,0,0,0,1,0,0,0,0,0,1
1158,,J COMPUT CIVIL ENG,2,0,0,0,0,0,0,0,2,0,0,0
1159,0.565,J CONSTR PSYCHOL,2,0,0,0,0,0,0,0,0,0,0,2
1160,1.590,J CONSUM AFF,2,0,0,0,0,0,0,0,0,1,1,0
1161,,J DENT,2,0,0,0,0,0,0,0,0,1,0,1
1162,,J DEV ORIG HLTH DIS,2,0,1,1,0,0,0,0,0,0,0,0
1163,1.557,J DEV PHYS DISABIL,2,0,0,0,0,1,0,0,0,0,0,1
1164,0.983,J DEV STUD,2,0,0,0,0,0,0,0,0,0,0,2
1165,,J DISP TECHNOL,2,0,0,0,0,0,0,0,0,0,0,2
1166,0.829,J DIVERS HIGH EDUC,2,0,0,0,0,0,0,0,0,0,0,2
1167,1.402,J ECON SURV,2,0,0,0,0,0,0,0,0,0,0,2
1168,0.670,J EDUC COMPUT RES,2,0,0,0,0,0,1,0,0,0,0,1
1169,1.229,J ELECTRON COMMER RE,2,0,0,0,0,0,0,0,0,0,0,2
1170,,J ELECTRON IMAGING,2,0,0,1,0,0,0,0,0,0,0,1
1171,0.375,J EMPLOYMENT COUNS,2,0,0,0,0,0,0,0,1,0,0,1
1172,2.059,J ENG EDUC,2,0,0,0,0,0,0,0,1,0,0,1
1173,3.501,J EPIDEMIOL COMMUN H,2,0,1,0,0,0,0,1,0,0,0,0
1174,1.167,J EXP CRIMINOL,2,0,0,0,0,0,0,0,0,0,1,1
1175,0.592,J FORENSIC PSYCHI PS,2,0,0,0,0,1,0,0,0,1,0,0
1176,0.420,J FORENSIC PSYCHOL P,2,0,1,0,0,0,0,0,0,0,0,1
1177,0.488,J GEOGR HIGHER EDUC,2,0,0,0,1,0,0,1,0,0,0,0
1178,0.924,J HEALTH CARE POOR U,2,0,1,0,0,1,0,0,0,0,0,0
1179,2.915,J HEALTH SOC BEHAV,2,0,1,0,0,0,0,0,1,0,0,0
1180,0.452,J HIST BEHAV SCI,2,0,0,0,0,0,1,0,0,0,0,1
1181,2.773,J INTERACT MARK,2,0,0,0,0,0,0,0,1,0,0,1
1182,0.800,J INVEST PSYCHOL OFF,2,0,0,1,0,0,0,1,0,0,0,0
1183,,J LITERARY SEMANTICS,2,0,0,0,0,0,2,0,0,0,0,0
1184,1.446,J MANAGE INQUIRY,2,0,0,0,0,0,0,1,0,0,1,0
1185,2.186,J MIX METHOD RES,2,0,0,0,0,0,0,0,0,0,0,2
1186,,J MULTIMODAL USER IN,2,0,0,0,0,0,0,0,1,0,0,1
1187,,J NAT CONSERV,2,0,0,0,0,0,0,0,1,0,0,1
1188,,J NEURAL TRANSM,2,0,0,0,0,0,1,0,0,0,0,1
1189,,J PAIN SYMPTOM MANAG,2,0,2,0,0,0,0,0,0,0,0,0
1190,3.387,J PEACE RES,2,1,0,0,0,0,1,0,0,0,0,0
1191,2.255,J POLIT,2,0,0,0,0,1,0,0,0,0,0,1
1192,0.945,J PROF NURS,2,0,0,0,0,0,0,0,0,0,0,2
1193,5.861,J PSYCHIATR NEUROSCI,2,0,0,0,1,0,0,0,0,0,0,1
1194,0.161,J PSYCHOL AFR,2,0,0,0,1,0,0,0,0,0,0,1
1195,0.556,J PUBLIC RELAT RES,2,0,0,0,0,0,0,0,0,0,0,2
1196,2.385,J QUANT CRIMINOL,2,0,0,1,0,0,0,0,0,0,1,0
1197,2.702,J RES CRIME DELINQ,2,0,0,0,0,0,0,1,0,0,1,0
1198,,J RES MUSIC EDUC,2,0,0,0,0,0,0,0,0,1,0,1
1199,,J SCI MED SPORT,2,0,0,0,1,0,0,0,0,0,0,1
1200,0.989,J SERV MARK,2,0,0,0,0,0,0,0,0,0,0,2
1201,0.811,J SUBST USE,2,0,0,0,0,0,0,1,0,0,0,1
1202,2.360,J TRAUMA STRESS,2,0,1,0,0,0,0,0,0,0,0,1
1203,2.388,J WORLD BUS,2,0,0,0,1,0,0,0,0,0,0,1
1204,0.805,J YOUTH STUD,2,0,0,0,0,0,1,0,0,0,0,1
1205,,JAIDS-J ACQ IMM DEF,2,0,0,0,0,0,0,0,0,1,0,1
1206,,JAMA INTERN MED,2,0,0,0,0,1,0,0,0,1,0,0
1207,,JAMA PEDIATR,2,0,0,0,0,0,1,0,0,0,0,1
1208,,JAMA-J AM MED ASSOC,2,0,1,0,1,0,0,0,0,0,0,0
1209,1.526,KINDH ENTWICKL,2,0,0,0,0,0,0,0,0,0,0,2
1210,0.347,KURAM UYGUL EGIT BIL,2,0,0,0,0,0,0,0,0,0,0,2
1211,0.239,LANG LINGUIST-TAIWAN,2,0,0,0,0,0,0,0,1,0,0,1
1212,1.500,LANG VAR CHANGE,2,0,0,0,1,0,0,1,0,0,0,0
1213,1.054,MANAG SERV QUAL,2,0,0,0,0,0,0,1,0,0,0,1
1214,1.429,MANAGE DECIS,2,0,0,0,1,0,0,0,0,1,0,0
1215,1.531,MARKETING THEOR,2,0,0,1,1,0,0,0,0,0,0,0
1216,2.083,MATERN CHILD HLTH J,2,0,0,0,0,0,0,0,1,1,0,0
1217,,MECH AGEING DEV,2,0,1,0,0,0,0,0,0,0,0,1
1218,0.700,MED HEALTH CARE PHIL,2,0,0,0,0,0,0,1,0,0,1,0
1219,,MED HYPOTHESES,2,0,1,0,1,0,0,0,0,0,0,0
1220,,MED PRIN PRACT,2,0,0,0,0,0,0,0,0,0,0,2
1221,,MED SCI MONITOR,2,0,0,0,0,0,1,1,0,0,0,0
1222,,MED TEACH,2,0,0,0,0,1,1,0,0,0,0,0
1223,1.708,METACOGN LEARN,2,0,0,0,0,0,0,0,0,0,0,2
1224,1.188,METHODOLOGY-EUR,2,0,0,0,0,0,0,0,0,0,0,2
1225,0.841,MILLENNIUM-J INT ST,2,0,0,0,0,0,0,1,1,0,0,0
1226,,MNEMOSYNE,2,0,0,0,0,0,0,1,0,0,0,1
1227,,NARRATIVE,2,0,0,0,0,0,0,1,1,0,0,0
1228,,NAT REV NEUROL,2,0,0,0,1,0,0,0,0,0,0,1
1229,,NATL SYMP FAM ISS,2,0,0,0,2,0,0,0,0,0,0,0
1230,,NEUROPHYSIOLOGY+,2,0,0,0,0,0,0,0,0,0,0,2
1231,,NEUROPSYCHOL REHABIL,2,0,0,0,0,0,0,0,0,0,1,1
1232,,NEUROTOXICOL TERATOL,2,0,1,0,0,0,0,0,0,0,0,1
1233,,NEW YORK REV BOOKS,2,0,0,1,0,0,0,0,0,0,0,1
1234,2.605,NEW YORK U LAW REV,2,0,0,0,0,0,0,0,0,2,0,0
1235,,NOISE HEALTH,2,0,0,0,0,0,0,0,0,0,0,2
1236,0.256,NORD PSYCHOL,2,0,0,0,0,0,0,0,0,1,0,1
1237,,NOUS,2,0,0,0,0,0,0,0,1,1,0,0
1238,,OPT ENG,2,0,0,0,0,0,1,0,0,1,0,0
1239,,OPTOMETRY VISION SCI,2,0,0,0,0,0,1,0,0,0,0,1
1240,4.148,ORGAN RES METHODS,2,0,1,0,0,0,0,0,0,0,0,1
1241,,OTOL NEUROTOL,2,0,0,0,0,0,0,0,0,0,0,2
1242,1.042,OXFORD REV ECON POL,2,0,0,0,0,0,0,0,0,0,2,0
1243,,P EAPM 2014 CAR CUR,2,0,0,0,0,1,0,0,0,0,0,1
1244,,P NUTR SOC,2,0,0,0,0,0,0,0,0,0,0,2
1245,,PAIN PHYSICIAN,2,2,0,0,0,0,0,0,0,0,0,0
1246,1.333,PARENT-SCI PRACT,2,0,1,0,0,0,0,0,0,0,0,1
1247,,PEDIATR ANN,2,0,0,0,0,0,0,0,1,0,0,1
1248,,PEDIATR BLOOD CANCER,2,1,0,0,0,0,0,0,0,0,0,1
1249,,PEDIATR DENT,2,0,0,1,0,0,0,0,0,0,1,0
1250,,PEDIATR EXERC SCI,2,0,0,0,0,0,0,0,0,0,0,2
1251,0.520,PHONETICA,2,1,0,0,0,0,1,0,0,0,0,0
1252,,PHYS REV E,2,0,0,0,0,0,1,0,0,0,0,1
1253,,PHYS THER,2,0,0,1,0,0,0,0,0,1,0,0
1254,,PLAST RECONSTR SURG,2,0,0,0,0,0,0,0,0,0,0,2
1255,,PLOS MED,2,0,0,0,1,0,0,0,0,0,0,1
1256,0.981,POLIT COMMUN,2,0,1,0,0,0,0,0,0,0,0,1
1257,0.939,POLIT STUD-LONDON,2,0,0,0,0,2,0,0,0,0,0,0
1258,,PROBLEMOS,2,0,0,0,0,0,0,0,0,1,0,1
1259,,PROC ECON FINANC,2,0,0,0,0,0,0,1,0,0,0,1
1260,0.323,PSYCHIAT ANN,2,0,0,0,0,2,0,0,0,0,0,0
1261,,PSYCHIAT GENET,2,0,0,1,0,0,1,0,0,0,0,0
1262,1.280,PSYCHIAT INVEST,2,0,0,0,0,0,0,1,0,0,0,1
1263,1.430,PSYCHIAT QUART,2,0,0,0,0,1,1,0,0,0,0,0
1264,,PSYCHOGERIATRICS,2,0,0,0,0,0,1,0,0,0,0,1
1265,0.761,PSYCHOL SCHOOLS,2,0,0,0,0,1,0,0,0,0,0,1
1266,1.422,PSYCHOTHERAPY,2,1,0,0,0,0,0,0,0,0,0,1
1267,0.835,PUBLIC CHOICE,2,0,0,0,0,1,0,0,1,0,0,0
1268,1.775,PUBLIC OPIN QUART,2,0,0,0,0,0,0,0,0,0,0,2
1269,0.720,QUAL QUANT,2,0,0,0,0,0,0,0,0,0,0,2
1270,0.653,QUANT FINANC,2,0,0,0,0,0,0,0,0,1,1,0
1271,,RATIO,2,0,0,0,0,0,0,0,0,1,0,1
1272,0.697,READ WRIT Q,2,0,0,0,0,0,0,0,0,0,0,2
1273,1.742,REM SPEC EDUC,2,0,0,1,1,0,0,0,0,0,0,0
1274,,REND LINCEI-SCI FIS,2,0,0,0,0,0,0,1,1,0,0,0
1275,1.088,RES AGING,2,0,0,0,0,0,0,0,0,0,0,2
1276,0.806,RES SCI EDUC,2,0,0,0,0,0,0,1,0,0,0,1
1277,,RESUSCITATION,2,0,1,0,0,0,0,0,0,1,0,0
1278,0.043,REV ECON POLIT,2,0,0,1,0,0,0,0,1,0,0,0
1279,0.636,REV ESP DOC CIENT,2,0,0,0,0,0,0,0,0,0,0,2
1280,0.857,REV MANAG SCI,2,0,0,0,1,0,0,0,0,0,0,1
1281,,REV NEUROLOGIA,2,0,0,0,0,0,0,0,0,0,2,0
1282,1.308,REV PSICODIDACT,2,0,0,0,1,0,0,0,0,0,0,1
1283,,REV PSIQ CLIN-BRAZIL,2,0,0,0,0,0,2,0,0,0,0,0
1284,0.406,REV RELIG RES,2,0,0,0,0,0,0,0,0,0,0,2
1285,0.723,RIV PSICHIATR,2,0,0,0,0,0,0,1,0,0,0,1
1286,3.454,SCAND J WORK ENV HEA,2,0,0,0,0,0,0,1,0,0,0,1
1287,1.098,SCH MENT HEALTH,2,0,0,0,0,0,0,0,0,0,0,2
1288,8.450,SCHIZOPHRENIA BULL,2,0,0,0,0,1,0,1,0,0,0,0
1289,1.447,SCHOOL PSYCHOL INT,2,0,0,0,0,0,0,0,0,1,0,1
1290,0.963,SCI ENG ETHICS,2,0,0,0,0,0,0,0,1,0,0,1
1291,0.231,SCI TECHNOL SOC,2,0,0,0,0,0,0,0,0,0,1,1
1292,,SCI TOTAL ENVIRON,2,0,1,0,0,0,0,0,1,0,0,0
1293,,SCI WORLD J,2,0,0,0,0,0,1,0,0,0,0,1
1294,2.183,SCIENTOMETRICS,2,0,0,0,0,0,0,0,0,1,0,1
1295,,SEMIOTICA,2,0,0,0,0,0,0,0,0,0,0,2
1296,0.871,SEX RES SOC POLICY,2,0,0,1,0,0,0,1,0,0,0,0
1297,,SHS WEB CONF,2,0,0,0,0,0,0,0,0,1,0,1
1298,,SIMUL HEALTHC,2,0,0,0,0,0,1,0,1,0,0,0
1299,1.269,SOC MENT HEALTH,2,0,0,0,0,0,0,0,1,0,0,1
1300,1.284,SOC NATUR RESOUR,2,0,0,0,0,0,0,0,2,0,0,0
1301,0.867,SOC SERV REV,2,0,0,0,1,0,0,1,0,0,0,0
1302,0.396,SOC WORK PUBLIC HLTH,2,0,0,0,0,0,0,0,1,0,0,1
1303,0.354,SOCIETY,2,0,0,0,0,0,0,0,0,0,0,2
1304,0.618,SOCIOL PERSPECT,2,0,0,0,0,0,0,0,0,0,0,2
1305,1.029,SOUTH CALIF LAW REV,2,0,0,0,0,0,0,0,0,0,2,0
1306,,SPINE,2,0,0,0,0,0,0,0,1,0,0,1
1307,,STAT MED,2,0,0,0,0,0,0,0,0,0,0,2
1308,,STROKE,2,0,0,0,1,0,1,0,0,0,0,0
1309,,STUD LOGICA,2,0,0,1,0,0,0,0,0,0,0,1
1310,0.442,STUD PSYCHOL,2,0,0,0,0,1,0,0,0,1,0,0
1311,2.083,STUD SCI EDUC,2,0,0,0,0,0,0,0,0,0,0,2
1312,1.556,STUD SECOND LANG ACQ,2,0,0,0,0,0,0,0,0,1,0,1
1313,1.234,SUBST USE MISUSE,2,0,0,0,0,0,0,1,1,0,0,0
1314,,SUPPORT CARE CANCER,2,0,0,0,0,0,0,0,1,0,0,1
1315,,SYST RES BEHAV SCI,2,0,0,1,0,0,0,0,0,0,0,1
1316,0.721,SYSTEM,2,0,0,0,0,0,0,0,0,1,0,1
1317,0.433,TEACH HIGH EDUC,2,0,0,0,0,0,0,0,1,0,0,1
1318,0.070,TELOS-US,2,0,0,1,1,0,0,0,0,0,0,0
1319,0.940,TESOL QUART,2,0,0,0,0,0,0,0,1,0,0,1
1320,0.095,TIJDSCHR COMMUNWET,2,0,0,0,0,0,0,0,0,1,0,1
1321,0.550,TRAMES-J HUMANIT SOC,2,0,0,0,0,0,1,0,0,1,0,0
1322,0.374,TRANSFORM BUS ECON,2,0,0,0,0,0,0,0,0,0,0,2
1323,,TRENDS ECOL EVOL,2,0,0,0,1,0,0,1,0,0,0,0
1324,0.486,TURK PSIKIYATR DERG,2,0,0,0,0,0,0,0,0,1,0,1
1325,,USER MODEL USER-ADAP,2,0,0,1,0,0,0,0,1,0,0,0
1326,1.238,VOLUNTAS,2,0,0,0,0,0,0,0,0,0,0,2
1327,1.696,WEATHER CLIM SOC,2,0,0,0,2,0,0,0,0,0,0,0
1328,,WORLD ARCHAEOL,2,0,0,0,0,0,2,0,0,0,0,0
1329,14.225,WORLD PSYCHIATRY,2,0,0,0,0,1,0,0,0,1,0,0
1330,1.722,YOUTH SOC,2,0,0,0,0,0,0,0,0,1,0,1
1331,0.596,Z KL PSYCH PSYCHOTH,2,0,0,0,0,0,0,0,1,0,0,1
1332,,Z NEUROPSYCHOL,2,0,0,0,0,0,0,0,0,0,0,2
1333,0.585,Z PADAGOG PSYCHOL,2,0,0,0,0,0,0,0,0,0,0,2
1334,0.500,Z PSYCHIATR PSYCH PS,2,0,0,0,0,0,0,0,1,0,0,1
Copyright  2018 Clarivate Analytics,,,,,,,,,,,,,,
"By exporting the selected data, you agree to the data usage policy set forth in the Terms of Use",,,,,,,,,,,,,,
