Citing Journal Data: PSYCHOLOGICAL SCIENCE,,,,,,,,,,,,,,
,Impact Factor,Cited Journal,All Yrs,2014,2013,2012,2011,2010,2009,2008,2007,2006,2005,Rest
1, ,ALL Journals,8333,156,480,635,599,541,509,528,420,361,316,3788
2, ,ALL OTHERS (1569),1569,26,80,113,102,74,75,58,65,68,49,859
3,4.940,PSYCHOL SCI,397,36,57,34,36,37,38,29,17,23,8,82
4,5.031,J PERS SOC PSYCHOL,367,3,11,13,13,20,13,12,17,11,8,246
5, ,SCIENCE,158,1,7,13,9,10,10,13,13,12,5,65
6,14.756,PSYCHOL BULL,148,4,9,6,4,6,6,2,5,6,4,96
7, ,P NATL ACAD SCI USA,143,1,10,20,16,22,13,10,13,10,7,21
8,7.972,PSYCHOL REV,122,0,2,2,3,8,1,2,3,2,2,97
9,21.965,TRENDS COGN SCI,115,2,3,11,14,13,6,10,3,10,5,38
10, ,J NEUROSCI,105,0,12,9,12,17,9,9,7,5,3,22
11, ,NATURE,104,1,2,1,1,3,3,6,6,4,8,69
12,3.479,COGNITION,91,1,2,6,5,10,7,21,3,0,2,34
13,5.929,J EXP PSYCHOL GEN,85,2,10,8,1,1,4,6,2,4,4,43
14,4.061,CHILD DEV,82,0,4,2,8,2,1,5,7,1,4,48
15,2.862,J EXP PSYCHOL LEARN,80,0,4,4,4,2,7,6,1,4,6,42
16,4.141,DEV PSYCHOL,72,2,7,2,4,4,6,5,8,3,1,30
17,3.358,J EXP PSYCHOL HUMAN,69,0,5,6,4,4,4,4,3,1,2,36
18,2.285,J EXP SOC PSYCHOL,67,2,4,8,6,6,13,5,4,2,1,16
19, ,NEUROIMAGE,67,3,4,14,3,5,9,1,6,5,6,11
20,2.909,PERS SOC PSYCHOL B,67,0,5,5,1,4,9,4,5,2,7,25
21, ,NAT NEUROSCI,66,0,2,3,6,0,5,7,5,7,11,20
22,3.369,PSYCHON B REV,65,0,4,4,2,3,3,5,4,2,2,36
23, ,PLOS ONE,63,1,15,18,11,8,3,5,2,0,0,0
24,5.678,CURR DIR PSYCHOL SCI,62,0,7,7,15,2,9,4,3,1,5,9
25, ,NEURON,62,1,2,7,5,3,5,9,6,1,5,18
26,21.810,ANNU REV PSYCHOL,58,0,0,3,5,3,2,2,5,3,4,31
27, ,VISION RES,57,0,1,2,3,2,1,2,3,1,3,39
28,6.100,AM PSYCHOL,55,0,0,1,3,2,2,1,1,1,2,42
29, ,CURR BIOL,54,0,2,9,3,7,4,10,4,3,5,7
30,9.546,PERSPECT PSYCHOL SCI,54,3,3,12,15,7,4,4,2,4,0,0
31,5.064,COGNITIVE PSYCHOL,52,0,1,0,2,2,1,0,1,0,2,43
32,3.383,EMOTION,48,1,3,9,3,7,9,2,5,3,0,6
33, ,J VISION,48,0,8,3,6,8,12,5,3,0,0,3
34,2.457,MEM COGNITION,47,1,2,3,1,3,3,3,2,3,4,22
35,3.808,DEVELOPMENTAL SCI,46,3,2,5,8,5,7,6,4,0,0,6
36,4.085,J COGNITIVE NEUROSCI,46,1,1,4,6,4,5,3,0,0,1,21
37,3.302,NEUROPSYCHOLOGIA,45,0,3,5,9,4,2,2,3,4,2,11
38, ,PERCEPT PSYCHOPHYS,44,0,0,0,0,0,0,3,2,1,3,35
39,2.201,ORGAN BEHAV HUM DEC,40,0,2,2,9,2,1,2,1,0,1,20
40,20.771,BEHAV BRAIN SCI,39,0,3,1,1,3,2,4,3,0,4,18
41,2.928,BEHAV RES METHODS,39,1,2,0,1,0,2,10,6,1,1,15
42,4.237,J MEM LANG,38,0,4,3,0,1,2,9,1,3,0,15
43,0.906,PERCEPTION,38,0,1,0,1,2,4,0,3,1,1,25
44, ,PHILOS T R SOC B,38,0,0,9,5,0,4,5,4,1,0,10
45,2.646,PSYCHOL AGING,38,1,1,3,4,1,3,7,0,3,0,15
46,3.130,EVOL HUM BEHAV,35,0,4,7,3,2,3,5,1,2,1,7
47,3.125,J CONSUM RES,35,1,2,2,1,4,2,3,2,1,0,17
48,3.518,J EDUC PSYCHOL,35,0,6,2,1,1,2,2,2,1,1,17
49, ,P ROY SOC B-BIOL SCI,33,0,0,5,2,3,0,4,3,0,3,13
50,6.692,PERS SOC PSYCHOL REV,33,1,0,1,2,4,1,1,3,8,1,11
51, ,NAT REV NEUROSCI,31,0,1,2,2,6,1,4,0,2,3,10
52, ,EXP BRAIN RES,30,0,2,0,1,3,0,5,2,0,1,16
53,1.941,CONSCIOUS COGN,29,0,4,2,4,7,3,1,2,1,0,5
54, ,NEUROSCI BIOBEHAV R,29,0,0,3,10,3,3,2,1,1,0,6
55,2.201,COGNITION EMOTION,28,0,2,2,2,3,1,1,2,0,3,12
56,2.549,J EXP CHILD PSYCHOL,28,0,3,2,3,4,6,1,0,0,0,9
57, ,CEREB CORTEX,27,0,5,5,1,5,2,2,1,2,3,1
58,1.951,PERS INDIV DIFFER,27,2,2,1,0,1,2,2,4,1,0,12
59,4.799,J APPL PSYCHOL,26,1,0,1,1,2,0,3,2,1,1,14
60,3.229,J PERS,26,0,0,1,1,1,0,1,1,2,1,18
61,2.986,PSYCHOPHYSIOLOGY,25,0,0,3,4,1,0,4,0,0,0,13
62,5.318,ADV EXP SOC PSYCHOL,24,0,1,0,0,0,0,0,1,3,1,18
63,2.560,FRONT PSYCHOL,24,4,4,7,6,3,0,0,0,0,0,0
64,3.673,AM ECON REV,23,1,0,3,2,3,1,0,2,1,3,7
65, ,J ACOUST SOC AM,22,0,1,0,0,0,2,0,0,1,1,17
66,7.338,PSYCHOL METHODS,22,0,2,0,1,1,2,0,2,2,1,11
67,1.321,APPL COGNITIVE PSYCH,21,0,1,3,3,1,2,0,1,0,2,8
68, ,J NEUROPHYSIOL,21,0,0,3,0,2,1,0,1,2,2,10
69,2.264,J RES PERS,21,0,1,5,0,2,1,1,1,0,0,10
70, ,**NON-TRADITIONAL**,20,0,0,0,0,0,0,0,0,0,0,20
71, ,ANN NY ACAD SCI,20,0,0,2,2,2,2,3,1,2,0,6
72, ,ANNU REV NEUROSCI,20,0,0,0,0,1,0,0,2,0,0,17
73, ,BIOL PSYCHIAT,19,0,1,0,2,1,0,4,3,0,4,4
74,5.153,J ABNORM PSYCHOL,19,0,0,0,0,0,0,0,0,0,1,18
75,1.688,MEMORY,19,1,0,1,6,2,1,1,1,1,0,5
76,2.168,ATTEN PERCEPT PSYCHO,18,0,0,6,3,7,2,0,0,0,0,0
77,2.446,COGNITIVE SCI,18,0,1,0,0,4,0,2,0,4,2,5
78,1.712,EUR J SOC PSYCHOL,18,0,0,1,2,2,3,0,0,0,1,9
79,1.349,INFANT BEHAV DEV,18,0,0,1,1,0,0,0,0,0,1,15
80, ,J EXP PSYCHOL,18,0,0,0,0,0,0,0,0,0,0,18
81,2.561,SOC PSYCHOL PERS SCI,18,1,5,3,7,2,0,0,0,0,0,0
82, ,SPATIAL VISION,18,0,0,0,0,0,0,0,0,0,0,18
83,1.921,VIS COGN,18,0,1,0,0,4,0,1,1,3,4,4
84,2.248,ACTA PSYCHOL,17,1,0,1,0,2,0,5,1,1,0,6
85,6.459,J CHILD PSYCHOL PSYC,17,0,1,1,3,0,0,0,0,0,1,11
86,2.256,J MARKETING RES,17,0,1,0,5,1,1,5,0,1,0,3
87, ,JAMA-J AM MED ASSOC,17,0,0,3,1,1,1,2,0,3,0,6
88,2.127,Q J EXP PSYCHOL,17,0,2,2,3,1,6,0,0,2,0,1
89, ,APPETITE,16,2,0,3,2,0,2,2,3,0,0,2
90, ,FRONT HUM NEUROSCI,16,1,1,7,3,1,3,0,0,0,0,0
91,3.590,HEALTH PSYCHOL,16,1,3,2,1,1,1,3,0,0,1,3
92,2.069,J BEHAV DECIS MAKING,16,1,5,3,1,1,1,0,0,1,0,3
93, ,NEUROREPORT,16,0,0,1,0,0,0,0,2,1,0,12
94,2.976,PHYSIOL BEHAV,16,0,0,2,0,0,2,3,1,0,1,7
95,7.372,SOC COGN AFFECT NEUR,16,1,6,1,3,2,1,0,2,0,0,0
96,3.245,INTELLIGENCE,15,6,0,2,0,0,0,1,2,1,0,3
97,1.836,J EXP PSYCHOL-APPL,15,0,0,0,0,1,0,3,1,2,0,8
98, ,PSYCHONEUROENDOCRINO,15,0,3,1,3,0,2,0,0,1,1,4
99,6.654,Q J ECON,15,0,0,0,3,0,1,0,0,1,1,9
100,1.156,REV GEN PSYCHOL,15,0,0,1,0,1,1,0,1,0,1,10
101,3.213,J GERONTOL B-PSYCHOL,14,0,1,1,2,1,1,1,2,1,1,3
102,2.882,INT J PSYCHOPHYSIOL,13,1,2,2,0,0,2,0,1,1,0,4
103, ,J VERB LEARN VERB BE,13,0,0,0,0,0,0,0,0,0,0,13
104, ,MOL PSYCHIATR,13,1,2,2,0,0,1,1,1,1,0,4
105, ,NEW YORK TIMES,13,0,2,3,2,0,0,2,0,1,0,3
106,0.619,AM J PSYCHOL,12,0,0,0,1,0,0,0,0,0,0,11
107,4.390,AM SOCIOL REV,12,0,0,0,1,0,1,1,0,0,0,9
108,3.395,BEHAV RES THER,12,0,0,0,1,1,1,2,1,2,2,2
109,3.403,BIOL PSYCHOL,12,0,2,1,1,4,0,0,0,1,0,3
110,1.521,JUDGM DECIS MAK,12,0,0,3,0,3,3,2,1,0,0,0
111,2.384,POLIT PSYCHOL,12,0,0,2,1,0,0,0,0,0,1,8
112, ,PROG BRAIN RES,12,0,1,0,2,0,1,2,2,2,2,0
113,3.473,PSYCHOSOM MED,12,0,1,0,2,0,1,2,1,0,0,5
114, ,SOC PERSONALITY P,12,0,1,2,2,2,0,4,1,0,0,0
115,3.545,AM J SOCIOL,11,0,0,0,0,1,1,0,0,0,1,8
116,2.477,BRAIN COGNITION,11,0,0,1,0,0,0,2,1,1,2,4
117, ,BRAIN RES,11,0,0,0,1,1,3,0,3,1,0,2
118, ,CURR OPIN NEUROBIOL,11,0,1,0,0,2,0,1,1,0,1,5
119,4.000,DEV REV,11,0,0,3,1,1,1,1,0,1,0,3
120,1.744,MOTIV EMOTION,11,0,0,2,0,0,1,0,0,2,0,6
121, ,MPLUS USERS GUIDE,11,0,1,2,1,5,0,0,1,1,0,0
122,1.000,NEBR SYM MOTIV,11,0,0,4,3,0,0,0,0,0,0,4
123, ,NEUROPSYCHOPHARMACOL,11,1,0,0,2,2,1,0,0,1,1,3
124,0.546,PERCEPT MOTOR SKILL,11,0,0,0,0,0,0,0,0,0,0,11
125,6.250,PSYCHOL INQ,11,0,0,1,0,0,1,0,0,0,0,9
126,2.863,PSYCHOL RES-PSYCH FO,11,2,1,1,2,1,0,1,2,0,0,1
127, ,TRENDS NEUROSCI,11,0,1,0,0,0,2,1,0,0,0,7
128,3.210,BEHAV GENET,10,0,2,1,1,1,1,2,0,0,0,2
129, ,BRAIN,10,0,0,3,1,1,0,0,0,0,0,5
130,2.841,BRIT J DEV PSYCHOL,10,0,1,0,3,0,0,1,0,0,0,5
131, ,CORTEX,10,0,1,1,1,0,1,2,0,0,1,3
132,3.240,DEV PSYCHOPATHOL,10,1,1,2,2,0,0,0,1,0,2,1
133, ,EUR J NEUROSCI,10,0,0,0,1,1,0,0,1,0,1,6
134, ,HORM BEHAV,10,0,1,1,0,1,1,0,3,2,0,1
135, ,HUM BRAIN MAPP,10,1,0,0,0,0,1,1,0,0,0,7
136,5.279,J CONSULT CLIN PSYCH,10,0,0,0,0,0,0,0,1,1,1,7
137,2.243,J CONSUM PSYCHOL,10,0,1,0,3,0,0,1,1,0,1,3
138,2.964,PSYCHOL LEARN MOTIV,10,1,0,0,0,1,1,1,0,0,0,6
139, ,ANIM BEHAV,9,1,1,0,1,0,0,1,0,0,1,4
140,2.254,BRIT J PSYCHOL,9,0,0,0,2,0,0,1,0,0,0,6
141,6.932,CLIN PSYCHOL REV,9,0,1,0,3,2,0,0,0,0,0,3
142,3.347,EUR J PERSONALITY,9,0,2,1,1,0,1,0,0,1,0,3
143,1.929,J CROSS CULT PSYCHOL,9,0,0,1,1,0,0,0,0,1,0,6
144,1.837,J PERS ASSESS,9,0,1,0,1,0,0,0,0,1,0,6
145,1.529,J SOC ISSUES,9,1,0,0,0,0,0,0,0,0,0,8
146,2.020,LAW HUMAN BEHAV,9,0,0,0,0,0,1,1,0,1,0,6
147,12.295,AM J PSYCHIAT,8,0,0,0,1,2,0,0,1,0,0,4
148,14.480,ARCH GEN PSYCHIAT,8,0,0,0,1,0,1,0,1,0,1,4
149, ,BEHAV ECOL,8,0,3,1,0,0,0,1,0,0,0,3
150,3.264,CHILD DEV PERSPECT,8,0,3,1,0,0,3,0,1,0,0,0
151, ,COGNITIVE BRAIN RES,8,0,0,0,0,0,0,0,0,0,4,4
152,3.889,ECONOMETRICA,8,0,0,0,0,0,1,0,0,0,0,7
153,1.548,GROUP PROCESS INTERG,8,1,1,1,0,0,1,1,0,1,0,2
154,1.694,HUM FACTORS,8,1,0,0,0,0,1,0,1,1,0,4
155,2.086,INFANCY,8,0,0,1,1,0,0,1,0,0,1,4
156,2.344,J COMP PSYCHOL,8,0,0,2,1,0,0,0,0,1,0,4
157,4.977,J ECON PERSPECT,8,0,0,0,1,0,0,1,1,0,1,4
158,1.949,J EXP PSYCHOL-ANIM L,8,0,0,0,0,3,0,0,0,0,0,5
159, ,J NEUROSCI METH,8,0,0,0,0,0,0,0,6,0,0,2
160,1.974,J NONVERBAL BEHAV,8,0,0,0,0,1,0,0,0,1,0,6
161,2.134,LANG COGNITIVE PROC,8,1,2,0,0,1,0,3,1,0,0,0
162,3.897,REV EDUC RES,8,0,0,0,2,0,1,0,1,0,3,1
163,1.735,SEX ROLES,8,0,2,0,2,0,0,2,0,0,0,2
164,6.448,ACAD MANAGE J,7,0,0,0,1,0,0,0,0,0,1,5
165, ,DEV PSYCHOBIOL,7,0,1,1,0,1,1,0,0,0,1,2
166,3.126,INT J EAT DISORDER,7,0,0,1,0,0,0,0,0,3,0,3
167, ,INTRO MEDIATION MODE,7,0,7,0,0,0,0,0,0,0,0,0
168, ,J ABNORM SOC PSYCH,7,0,0,0,0,0,0,0,0,0,0,7
169,3.665,J AUTISM DEV DISORD,7,1,0,0,0,2,1,0,0,0,0,3
170,1.713,J FAM PSYCHOL,7,0,0,3,0,0,2,0,0,0,1,1
171,3.585,LEARN INSTR,7,0,1,3,1,0,1,1,0,0,0,0
172,1.966,MONOGR SOC RES CHILD,7,0,0,1,0,0,0,0,1,1,0,4
173,1.532,SOC COGNITION,7,0,0,0,0,0,3,1,0,1,0,2
174,7.475,ACAD MANAGE REV,6,0,0,0,0,0,0,1,0,2,0,3
175,3.688,AM POLIT SCI REV,6,0,0,0,1,0,1,0,0,1,0,3
176, ,BEHAV BRAIN RES,6,0,0,0,1,2,0,0,1,0,0,2
177, ,BRAIN BEHAV IMMUN,6,1,1,3,0,0,0,0,0,0,0,1
178,2.000,BRIT J EDUC PSYCHOL,6,0,0,1,1,2,1,0,0,1,0,0
179,1.218,CAN J EXP PSYCHOL,6,0,0,0,0,0,0,1,0,0,0,5
180, ,COGN AFFECT BEHAV NE,6,0,0,2,0,0,0,0,1,1,1,1
181, ,INT J COMPUT VISION,6,0,0,0,0,0,0,0,0,0,0,6
182,3.481,J ABNORM CHILD PSYCH,6,0,1,0,0,0,0,1,0,0,0,4
183,1.957,J ADOLESCENCE,6,0,0,0,1,0,0,0,0,1,0,4
184,0.790,J APPL SOC PSYCHOL,6,1,0,0,0,0,0,1,0,1,0,3
185,1.683,J COGN DEV,6,0,0,0,0,1,1,0,2,0,1,1
186,1.770,J MARRIAGE FAM,6,0,0,0,0,0,0,0,0,0,0,6
187,1.598,J PHONETICS,6,0,2,1,1,0,0,0,0,0,0,2
188,1.621,LEARN INDIVID DIFFER,6,0,2,1,1,0,0,1,0,0,1,0
189,2.482,MANAGE SCI,6,1,2,2,0,0,0,0,0,0,0,1
190, ,NEUROSCI LETT,6,0,0,1,0,1,0,1,0,2,0,1
191, ,OBESITY,6,0,1,0,1,0,1,1,0,0,0,2
192, ,PEDIATRICS,6,0,0,0,1,1,1,1,0,0,0,2
193, ,PLOS BIOL,6,0,1,0,1,0,0,0,0,2,2,0
194, ,PLOS MED,6,0,0,0,0,1,1,0,0,1,3,0
195,5.938,PSYCHOL MED,6,0,0,0,1,0,0,1,0,0,1,3
196, ,PSYCHOL MONOGR,6,0,0,0,0,0,0,0,0,0,0,6
197,16.833,PSYCHOL SCI PUBL INT,6,0,1,0,0,1,0,2,0,0,0,2
198, ,SIGNAL DETECT THEORY,6,0,0,0,0,0,0,0,0,0,0,6
199,1.303,SOC FORCES,6,0,0,1,0,0,0,1,0,0,1,3
200,1.395,SOC INDIC RES,6,0,1,2,0,1,1,0,0,0,0,1
201, ,US TODAY,6,0,0,0,1,0,2,2,1,0,0,0
202,2.070,ACCIDENT ANAL PREV,5,0,0,0,0,0,2,1,0,0,0,2
203,3.333,ADMIN SCI QUART,5,0,1,0,1,0,0,0,2,0,0,1
204, ,AM J PRIMATOL,5,1,0,1,1,0,0,0,0,0,0,2
205, ,AM J TRANSPLANT,5,0,1,0,0,1,0,0,0,0,2,1
206, ,ARCH INTERN MED,5,0,0,0,0,0,0,0,1,1,0,3
207,2.589,ARCH SEX BEHAV,5,0,1,0,0,0,1,2,0,0,0,1
208, ,ATTENTION PERFORM,5,0,0,0,0,0,0,0,0,0,0,5
209, ,BEHAV ECOL EVOLUT,5,0,0,0,0,0,0,0,0,0,0,5
210,2.009,BILING-LANG COGN,5,0,0,3,0,0,1,0,0,0,0,1
211, ,CLIN NEUROPHYSIOL,5,0,0,0,0,0,1,0,0,2,0,2
212,2.172,COGNITIVE DEV,5,0,0,1,0,0,2,0,0,0,0,2
213, ,DEL FOOTB MON LEAG 2,5,1,1,1,0,1,1,0,0,0,0,0
214, ,E PRIME USERS GUIDE,5,0,0,0,0,0,0,0,0,0,0,5
215,3.356,EMOT REV,5,0,2,0,2,1,0,0,0,0,0,0
216,1.397,EXP ECON,5,0,1,0,2,0,0,0,1,0,0,1
217, ,HANDB SOC PSYCHOL,5,0,0,0,0,3,0,0,0,0,0,2
218,1.574,HARVARD BUS REV,5,0,1,0,0,0,0,1,1,0,0,2
219,1.058,INT J INTERCULT REL,5,0,0,0,0,0,0,1,0,0,1,3
220,1.297,J ECON BEHAV ORGAN,5,0,1,0,0,0,0,0,0,0,0,4
221,5.354,J ECON LIT,5,0,0,0,0,2,0,0,0,0,0,3
222,1.901,J LEARN DISABIL-US,5,0,1,0,0,1,0,1,0,0,0,2
223,2.609,J MATH PSYCHOL,5,0,0,1,0,0,0,0,0,1,0,3
224,2.695,J SEX RES,5,0,0,2,0,0,0,0,0,0,0,3
225, ,NAT GENET,5,0,0,1,0,2,0,0,0,1,1,0
226,3.652,NEUROBIOL LEARN MEM,5,0,0,3,0,0,0,0,1,0,1,0
227,3.269,NEUROPSYCHOLOGY,5,1,0,1,1,0,0,0,0,1,0,1
228, ,NEUROSCIENCE,5,0,0,0,0,0,0,0,0,5,0,0
229, ,NEUROSCIENTIST,5,0,0,2,0,0,1,1,0,0,1,0
230, ,PAIN,5,0,0,0,1,0,0,0,0,0,0,4
231,2.467,PSYCHIAT RES,5,2,0,0,0,0,2,0,0,0,0,1
232, ,Q J EXP PSYCHOL-A,5,0,0,0,0,0,0,0,0,0,0,5
233, ,SOC ADOLESCENT SELF,5,0,0,0,0,0,0,0,0,0,0,5
234,1.406,SOC PSYCHOL QUART,5,0,0,0,0,0,1,1,0,1,0,2
235,2.890,SOC SCI MED,5,0,0,2,0,0,0,0,0,1,0,2
236, ,TRENDS ECOL EVOL,5,0,0,0,0,1,1,0,1,0,0,2
237, ,TWIN RES HUM GENET,5,0,2,0,0,0,0,0,1,1,1,0
238, ,UNDERSTANDING NEW ST,5,0,0,5,0,0,0,0,0,0,0,0
239,1.646,ADV COGN PSYCHOL,4,0,0,1,1,0,0,0,2,0,0,0
240,2.275,AGGRESSIVE BEHAV,4,0,0,2,0,1,0,1,0,0,0,0
241,2.157,AM EDUC RES J,4,0,1,0,0,1,0,0,0,0,0,2
242, ,AM J HUM GENET,4,0,0,1,0,0,0,0,0,1,0,2
243,3.269,AM J POLIT SCI,4,0,0,0,0,0,0,0,0,0,0,4
244, ,AM NAT,4,0,0,0,0,0,0,0,0,1,0,3
245,4.144,ANN BEHAV MED,4,0,0,0,0,0,1,1,1,0,0,1
246, ,ANN NEUROL,4,0,0,0,0,0,0,0,0,0,1,3
247,1.984,APPL PSYCHOL-INT REV,4,0,0,1,0,0,0,3,0,0,0,0
248, ,BEHAV NEUROSCI,4,0,0,0,1,0,0,0,1,0,1,1
249, ,BEHAVIOUR,4,0,0,0,0,0,0,1,0,0,0,3
250, ,BIOL LETTERS,4,0,0,0,2,1,1,0,0,0,0,0
251, ,BMJ-BRIT MED J,4,0,0,0,0,0,0,0,0,0,0,4
252,3.215,BRAIN LANG,4,0,0,0,0,0,0,0,1,0,0,3
253,2.073,COGN NEUROPSYCHOL,4,0,0,1,0,0,1,0,0,1,0,1
254,1.929,CONTEMP EDUC PSYCHOL,4,0,0,0,0,0,0,0,0,0,1,3
255,1.671,EARLY CHILD RES Q,4,0,1,0,0,1,0,1,0,0,0,1
256, ,EUR J COGN PSYCHOL,4,0,0,0,0,0,0,0,2,0,0,2
257,2.076,EXP PSYCHOL,4,0,0,0,0,1,2,1,0,0,0,0
258,2.500,HUM NATURE-INT BIOS,4,0,0,0,0,0,1,0,0,1,0,2
259,2.398,HUM RELAT,4,0,0,0,0,0,0,0,0,0,0,4
260,1.316,INT J BEHAV DEV,4,0,0,0,0,0,0,0,1,0,0,3
261, ,INT J OBESITY,4,0,1,0,0,0,0,0,0,0,0,3
262,3.383,J AFFECT DISORDERS,4,0,0,1,0,0,0,0,0,1,0,2
263,7.260,J AM ACAD CHILD PSY,4,0,0,1,0,0,1,0,1,0,0,1
264,4.572,J AM GERIATR SOC,4,1,0,2,0,0,0,0,0,0,1,0
265,1.185,J APPL DEV PSYCHOL,4,0,0,0,0,1,0,1,0,0,0,2
266,1.326,J BUS ETHICS,4,0,0,0,1,1,0,2,0,0,0,0
267,2.019,J CLIN PSYCHOL,4,0,0,1,0,0,0,0,1,0,0,2
268,1.911,J POSIT PSYCHOL,4,0,0,0,0,0,3,1,0,0,0,0
269,3.957,J PSYCHIATR RES,4,1,1,0,0,0,0,0,0,0,0,2
270,2.736,J PSYCHOSOM RES,4,0,1,0,0,0,0,0,0,0,0,3
271,0.981,J SOC PSYCHOL,4,0,0,0,0,1,0,1,0,0,0,2
272,2.070,J SPEECH LANG HEAR R,4,0,0,0,0,0,0,0,2,1,0,1
273,2.477,MULTIVAR BEHAV RES,4,0,0,1,0,0,1,0,0,0,0,2
274, ,NAT COMMUN,4,0,0,3,1,0,0,0,0,0,0,0
275, ,NAT PREJUDICE,4,0,0,0,0,0,0,0,0,0,0,4
276, ,NEUROLOGY,4,0,0,0,0,0,0,0,1,0,0,3
277, ,NEW ENGL J MED,4,0,0,0,0,0,1,0,1,1,0,1
278,1.366,PERS RELATIONSHIP,4,0,0,1,0,0,0,0,0,0,0,3
279,1.469,PSYCHOL PUBLIC POL L,4,0,0,0,0,0,0,1,0,0,0,3
280, ,PSYCHOPHARMACOLOGY,4,0,1,0,0,1,0,0,0,0,0,2
281, ,Q REV BIOL,4,0,0,0,0,0,0,0,0,0,0,4
282, ,R LANG ENV STAT COMP,4,1,1,0,1,0,0,1,0,0,0,0
283, ,SCI AM,4,0,1,0,0,0,0,0,0,0,0,3
284,2.825,SCI EDUC,4,0,0,0,0,0,1,0,0,0,0,3
285,1.514,SELF IDENTITY,4,0,0,1,0,1,0,1,0,1,0,0
286,1.170,SOC JUSTICE RES,4,0,0,0,0,0,1,0,2,0,0,1
287, ,THINKING FAST SLOW,4,0,0,0,4,0,0,0,0,0,0,0
288, ,WELL BEING FDN HEDON,4,0,0,0,0,0,0,0,0,0,0,4
289,1.581,ADV CHILD DEV BEHAV,3,0,0,0,0,0,1,0,0,1,0,1
290,1.766,AM BEHAV SCI,3,0,0,0,0,0,0,0,1,1,0,1
291, ,AM J CLIN NUTR,3,0,0,0,0,0,0,0,0,0,0,3
292, ,AM J EPIDEMIOL,3,0,0,0,0,0,1,0,0,0,0,2
293, ,AM J PREV MED,3,0,1,0,0,0,0,0,1,0,0,1
294,4.552,AM J PUBLIC HEALTH,3,0,0,0,0,1,0,0,0,0,0,2
295, ,AM SCI,3,0,0,0,0,0,0,0,0,0,0,3
296,1.178,APPL PSYCH MEAS,3,0,0,0,0,0,0,0,0,0,0,3
297, ,ARE WE FREE PSYCHOL,3,0,0,0,0,0,0,3,0,0,0,0
298,1.019,BASIC APPL SOC PSYCH,3,0,0,0,0,0,0,0,0,1,0,2
299,1.567,BEHAV PROCESS,3,0,0,0,0,0,0,0,1,0,0,2
300, ,BEHAV SCI,3,0,0,0,0,0,0,0,0,0,0,3
301, ,BIOMETRICS,3,0,0,0,0,0,0,0,0,0,0,3
302, ,BIOMETRIKA,3,0,0,0,0,0,0,0,0,0,0,3
303,1.913,BRIT J SOC PSYCHOL,3,0,0,0,0,0,0,0,1,0,0,2
304,1.015,CAN J BEHAV SCI,3,0,0,0,0,0,0,1,0,0,0,2
305, ,CAN J PSYCHOL,3,0,0,0,0,0,0,0,0,0,0,3
306, ,CHOICES VALUES FRAME,3,0,0,0,0,0,0,0,0,0,0,3
307, ,CIRCULATION,3,0,0,0,0,0,0,0,0,0,0,3
308, ,COGNITION CATEGORIZA,3,0,0,0,0,0,0,0,0,0,0,3
309,2.556,COMPUT EDUC,3,0,0,0,0,0,0,3,0,0,0,0
310, ,DETECTION THEOR USE,3,0,0,0,0,0,0,0,0,0,2,1
311, ,DIAGN STAT MAN MENT,3,0,0,0,0,0,0,0,0,0,0,3
312,3.611,EDUC PSYCHOL-US,3,0,0,0,0,0,0,0,0,0,0,3
313,2.527,EDUC RESEARCHER,3,0,0,0,0,0,1,0,0,1,0,1
314, ,ETHOLOGY,3,0,0,0,0,0,0,0,0,1,0,2
315,1.721,EUR J DEV PSYCHOL,3,0,0,1,0,0,0,0,2,0,0,0
316,2.412,EUR REV SOC PSYCHOL,3,0,0,1,0,0,0,0,2,0,0,0
317, ,EUR REV SOCIAL,3,0,0,0,0,0,0,0,0,0,0,3
318, ,EXPLORATORY DATA ANA,3,0,0,0,0,0,0,0,0,0,0,3
319, ,EXPRESS EMOT MAN,3,0,0,0,0,0,0,0,0,0,0,3
320, ,FRONT NEUROSCI-SWITZ,3,0,0,2,0,1,0,0,0,0,0,0
321, ,HDB FACE PERCEPTION,3,0,0,0,3,0,0,0,0,0,0,0
322, ,HIERARCHICAL LINEAR,3,0,0,0,0,0,0,0,0,0,0,3
323,1.905,HUM COMMUN RES,3,1,0,0,0,1,0,0,0,0,0,1
324, ,INT J NEUROSCI,3,0,0,0,0,0,0,0,0,0,0,3
325, ,INTELLIGENCE ANAL BE,3,0,0,0,3,0,0,0,0,0,0,0
326, ,J AM STAT ASSOC,3,0,0,0,0,0,0,0,0,0,0,3
327,2.959,J BEHAV MED,3,0,0,0,0,1,0,0,0,0,0,2
328,1.598,J CHILD LANG,3,1,0,0,0,0,0,0,1,0,0,1
329,3.312,J CLIN CHILD ADOLESC,3,0,0,0,0,0,0,2,0,1,0,0
330,1.180,J DEMOCR,3,0,0,0,0,1,0,0,0,0,0,2
331,1.230,J ECON PSYCHOL,3,0,0,0,0,0,0,2,1,0,0,0
332,2.640,J ENVIRON PSYCHOL,3,0,0,0,0,0,0,0,1,0,0,2
333,1.228,J ETHN MIGR STUD,3,0,0,0,2,1,0,0,0,0,0,0
334, ,J GERONTOL,3,0,0,0,0,0,0,0,0,0,0,3
335,2.915,J HEALTH SOC BEHAV,3,0,0,0,0,0,0,0,0,0,0,3
336,6.071,J MANAGE,3,0,0,0,0,1,0,0,0,1,0,1
337,3.938,J MARKETING,3,0,0,0,0,0,0,0,2,0,0,1
338, ,J PHYSIOL-PARIS,3,0,0,0,0,0,0,0,0,0,0,3
339,2.255,J POLIT,3,0,0,0,0,0,1,1,0,0,1,0
340,3.593,J POLIT ECON,3,0,0,0,0,1,0,0,0,0,0,2
341,1.581,J PUBLIC ECON,3,0,0,0,0,0,1,0,0,0,1,1
342, ,J SLEEP RES,3,0,0,0,0,0,0,0,0,0,1,2
343,1.160,J SOC PERS RELAT,3,0,0,0,0,0,0,0,0,0,0,3
344, ,LANCET,3,0,0,1,0,0,0,0,0,0,0,2
345, ,MED DECIS MAKING,3,0,0,0,0,0,1,1,0,0,0,1
346, ,METHODOLOGY GENET,3,0,0,0,0,0,0,0,0,0,0,3
347, ,MULTIPLE REGRESSION,3,0,0,0,0,0,0,0,0,0,0,3
348, ,NEURAL NETWORKS,3,0,0,0,0,0,0,0,0,2,0,1
349, ,NEUROECONOMICS DECIS,3,0,0,0,0,0,1,2,0,0,0,0
350, ,NUDGE IMPROVING DECI,3,0,0,0,0,0,1,2,0,0,0,0
351, ,OBSERVER-LONDON,3,0,2,0,0,1,0,0,0,0,0,0
352, ,OUTLIERS STORY SUCCE,3,0,0,0,0,0,0,3,0,0,0,0
353, ,OXFORD HDB THINKING,3,0,0,3,0,0,0,0,0,0,0,0
354,4.490,PERS PSYCHOL,3,0,0,1,0,0,0,0,0,0,0,2
355, ,PHARMACOL BIOCHEM BE,3,0,0,0,1,1,0,0,0,0,0,1
356, ,PLOS COMPUT BIOL,3,0,0,0,0,0,3,0,0,0,0,0
357, ,PLOS GENET,3,0,1,0,0,1,1,0,0,0,0,0
358, ,PREJUDICE DISCRIMINA,3,0,0,0,0,0,0,0,0,0,0,3
359,1.775,PUBLIC OPIN QUART,3,0,0,0,1,0,0,1,0,0,0,1
360,1.843,REHABIL PSYCHOL,3,0,0,1,0,1,0,0,0,0,0,1
361, ,REPRESSION DISSOCIAT,3,0,0,0,0,0,0,0,0,0,0,3
362, ,RESTOR NEUROL NEUROS,3,0,0,0,2,0,1,0,0,0,0,0
363,1.114,SCAND POLIT STUD,3,0,0,0,0,0,0,1,2,0,0,0
364, ,SENSORIMOTOR FDN HIG,3,0,0,0,0,0,0,1,2,0,0,0
365, ,SLEEP,3,0,0,0,0,0,0,0,0,0,0,3
366,1.505,SOC DEV,3,0,0,0,0,0,0,1,0,0,0,2
367, ,SOC DOMINANCE INT,3,0,0,0,0,0,0,0,0,0,0,3
368,2.000,SOC NETWORKS,3,0,0,0,0,0,1,0,0,0,0,2
369, ,SOC PSYCHOL HDB B,3,0,0,0,0,0,0,0,2,0,0,1
370,4.176,STRUCT EQU MODELING,3,0,0,0,0,0,0,0,1,1,0,1
371, ,TWIN RES,3,0,0,0,0,0,0,0,0,0,0,3
372, ,WECHSLER ABBREVIATED,3,0,0,0,0,0,0,0,0,0,0,3
373, ,WECHSLER INTELLIGENC,3,0,0,0,0,0,0,0,0,0,0,3
374,7.769,ACAD MANAG ANN,2,0,0,1,0,1,0,0,0,0,0,0
375,2.124,ADV HEALTH SCI EDUC,2,0,0,0,0,2,0,0,0,0,0,0
376, ,ADV NEURAL INFORM PR,2,0,0,0,0,0,1,1,0,0,0,0
377,3.115,AM ECON J-APPL ECON,2,0,0,0,0,2,0,0,0,0,0,0
378,0.532,ANAL SOC ISS PUB POL,2,0,0,0,0,0,0,0,1,0,1,0
379, ,ANAL VISUAL BEHAV,2,0,0,0,0,0,0,0,0,0,0,2
380, ,ANIM COGN,2,0,0,0,1,0,0,0,0,0,0,1
381,2.717,ANNU REV ANTHROPOL,2,0,0,0,0,0,0,0,0,1,1,0
382,12.674,ANNU REV CLIN PSYCHO,2,0,0,0,1,0,0,0,0,0,1,0
383,4.080,ANNU REV SOCIOL,2,0,0,0,0,0,0,0,0,0,0,2
384,1.536,APPL DEV SCI,2,0,0,0,0,0,0,0,0,0,0,2
385,1.453,APPL LINGUIST,2,0,0,0,0,0,0,0,0,0,0,2
386, ,APPL LONGITUDINAL DA,2,0,0,0,0,0,0,0,0,0,0,2
387, ,APPL MULTIPLE REGRES,2,0,0,0,0,0,0,0,0,0,0,2
388,1.986,ARCH CLIN NEUROPSYCH,2,0,0,0,0,1,0,1,0,0,0,0
389, ,ARCH DIS CHILD,2,0,0,0,0,0,0,0,0,0,0,2
390, ,ATTENTION EFFORT,2,0,0,0,0,0,0,0,0,0,0,2
391, ,ATTENTION MEMORY EXE,2,0,0,0,0,0,0,0,0,0,0,2
392,0.719,AUST J PSYCHOL,2,0,0,1,0,0,0,0,0,0,0,1
393, ,BEHAV BRAIN IN PRESS,2,0,0,0,0,0,0,0,0,0,0,2
394, ,BIG BOOK CONCEPTS,2,0,0,0,0,0,0,0,0,0,0,2
395, ,BIOL CYBERN,2,0,0,0,0,0,0,0,0,0,0,2
396, ,BIOL FDN LANGUAGE,2,0,0,0,0,0,0,0,0,0,0,2
397,1.264,BIRTH-ISS PERINAT C,2,0,0,0,0,0,0,0,0,0,0,2
398, ,BJOG-INT J OBSTET GY,2,0,0,0,0,0,1,0,0,0,0,1
399,2.279,BRIT J CLIN PSYCHOL,2,0,0,0,0,0,0,0,0,0,0,2
400,2.776,BRIT J HEALTH PSYCH,2,0,0,0,0,1,0,0,0,0,0,1
401,7.991,BRIT J PSYCHIAT,2,0,0,1,1,0,0,0,0,0,0,0
402, ,BRIT J SPORT MED,2,0,1,1,0,0,0,0,0,0,0,0
403,3.458,BROOKINGS PAP ECO AC,2,0,0,0,0,0,0,1,0,0,0,1
404, ,CAMBRIDGE HDB EXPERT,2,0,0,0,0,0,0,0,0,2,0,0
405,2.373,CHILD MALTREATMENT,2,0,0,0,0,0,0,0,0,0,0,2
406, ,CHILD NEUROPSYCHOL,2,0,0,0,0,0,0,1,0,0,0,1
407, ,CHIMPANZEES GOMBE PA,2,0,0,0,0,0,0,0,0,0,0,2
408, ,CHRONOBIOL INT,2,0,0,0,0,0,0,1,0,0,0,1
409, ,CLIN EVALUATION LANG,2,0,0,0,0,0,0,0,0,0,0,2
410,1.912,COGN NEUROPSYCHIATRY,2,0,0,0,0,0,0,0,0,0,0,2
411, ,COGN NEUROSCI-UK,2,0,0,0,0,2,0,0,0,0,0,0
412,1.388,COGN PROCESS,2,0,0,0,1,0,0,0,1,0,0,0
413, ,COGNITIVE DEV ACQUIS,2,0,0,0,0,0,0,0,0,0,0,2
414,0.833,COMMUN MONOGR,2,0,0,0,0,0,1,0,0,0,0,1
415, ,COMP COGNITION BEHAV,2,0,0,0,0,0,2,0,0,0,0,0
416, ,CONCEPTUAL CHANGE CH,2,0,0,0,0,0,0,0,0,0,0,2
417, ,CONVENTION PHILOS ST,2,0,0,0,0,0,0,0,0,0,0,2
418, ,COUNSELING VALUES,2,0,0,0,0,0,1,0,0,0,0,1
419, ,CULT EVOL,2,0,0,0,0,0,0,0,0,0,0,2
420,0.956,CULT PSYCHOL,2,0,0,0,0,0,0,0,0,2,0,0
421, ,CULTURES CONSEQUENCE,2,0,0,0,0,0,0,0,0,0,0,2
422,0.429,CURR PSYCHOL,2,0,0,0,0,1,0,0,0,0,0,1
423,0.628,DAEDALUS-US,2,0,0,0,0,0,0,0,0,0,0,2
424, ,DEV COGN NEUROS-NETH,2,0,1,0,1,0,0,0,0,0,0,0
425,2.241,DEV NEUROPSYCHOL,2,0,0,0,1,1,0,0,0,0,0,0
426, ,DEV SOC PSYCHOL G,2,0,0,0,0,0,0,0,0,0,0,2
427, ,DIFFERENTIATION SOC,2,0,0,0,0,0,0,0,0,0,0,2
428, ,DOC OPHTHALMOL,2,0,0,0,0,0,0,0,0,0,0,2
429, ,DOING BAYESIAN DATA,2,0,0,0,1,1,0,0,0,0,0,0
430, ,DUELLING LANGUAGES G,2,0,0,0,0,0,0,0,0,0,0,2
431,0.971,ECON EDUC REV,2,0,0,0,0,0,0,0,1,0,0,1
432,2.336,ECON J,2,0,0,0,0,0,0,0,0,0,0,2
433,0.510,ECON LETT,2,0,0,0,0,1,0,0,0,0,0,1
434,1.154,EDUC PSYCHOL MEAS,2,0,0,0,0,0,0,0,0,0,0,2
435,2.565,EDUC PSYCHOL REV,2,0,0,0,0,0,0,0,0,0,0,2
436, ,EMERGENCE SPEECH CAP,2,0,0,0,0,0,0,0,0,0,0,2
437, ,EMOTION CULT EMPI,2,0,0,0,0,0,0,0,0,0,0,2
438, ,ESPN,2,0,0,1,0,1,0,0,0,0,0,0
439,0.444,ETHICS BEHAV,2,0,0,0,0,0,0,0,0,0,1,1
440,0.956,ETHNIC RACIAL STUD,2,0,0,0,0,0,0,0,0,0,0,2
441,0.905,ETHOS,2,0,0,0,0,0,0,0,0,0,0,2
442, ,EUR J PHARMACOL,2,0,0,0,0,0,0,1,0,0,0,1
443,1.778,EUR PSYCHOL,2,0,1,0,0,0,0,1,0,0,0,0
444,1.740,EUR SOCIOL REV,2,0,0,0,0,2,0,0,0,0,0,0
445,3.886,EVOL ANTHROPOL,2,0,0,0,0,0,0,0,0,0,0,2
446, ,EVOL BIOL HU,2,0,0,0,0,0,0,2,0,0,0,0
447, ,EVOLUTION CHALLENGES,2,0,0,2,0,0,0,0,0,0,0,0
448, ,EVOLUTION HUM SEXU,2,0,0,0,0,0,0,0,0,0,0,2
449, ,EVOLUTION SOC PSY,2,0,0,0,0,0,0,0,0,2,0,0
450, ,EYE MOVEMENTS READIN,2,0,0,0,0,0,0,0,0,0,0,2
451, ,FACIAL ACTION CODING,2,0,0,0,0,0,0,0,0,0,0,2
452,2.009,FOREIGN AFF,2,0,0,0,0,0,0,0,0,0,0,2
453, ,FRONT BEHAV NEUROSCI,2,0,0,0,0,1,1,0,0,0,0,0
454, ,FRONTIERS INTEGRATIV,2,0,0,2,0,0,0,0,0,0,0,0
455,2.606,GEN HOSP PSYCHIAT,2,0,0,0,1,0,0,0,0,0,1,0
456, ,GENETICA,2,0,0,0,0,0,0,2,0,0,0,0
457,3.231,GERONTOLOGIST,2,0,0,0,0,0,0,1,0,0,0,1
458, ,HAND MIND WHAT GESTU,2,0,0,0,0,0,0,0,0,0,0,2
459, ,HANDB CULT PSYCHOL,2,0,0,0,0,0,0,0,2,0,0,0
460, ,HANDB EVOL PSY,2,0,0,0,0,0,0,0,0,0,2,0
461, ,HANDB FORGIVENESS,2,0,0,0,0,0,0,0,0,0,2,0
462, ,HANDB PERS THEORY,2,0,0,0,0,0,0,1,0,0,0,1
463, ,HDB CHILD PSYCHOL SO,2,0,0,0,0,0,0,0,0,0,0,2
464, ,HDB METAMEMORY MEMOR,2,0,0,0,0,0,0,2,0,0,0,0
465, ,HDB PSYCHOPHYSIOLOGY,2,0,0,0,0,0,0,0,0,0,0,2
466,1.788,HUM DEV,2,0,0,0,0,0,0,0,0,0,0,2
467,1.891,HUM ECOL,2,0,0,0,0,0,0,0,0,0,0,2
468, ,IEEE T PATTERN ANAL,2,0,0,0,0,0,0,0,0,0,0,2
469,1.179,INFANT CHILD DEV,2,0,0,0,0,0,0,1,0,0,0,1
470, ,INHIBITION COGNITION,2,0,0,0,0,0,0,0,2,0,0,0
471, ,INT J DEV NEUROSCI,2,0,0,0,0,0,0,0,0,0,2,0
472,1.333,INT J FORECASTING,2,1,0,0,0,0,0,0,0,0,0,1
473,1.293,INT J HUM-COMPUT ST,2,0,0,0,1,0,1,0,0,0,0,0
474,3.759,INT J METH PSYCH RES,2,0,0,0,0,0,0,0,0,0,0,2
475,1.198,INT J PSYCHOL,2,0,1,0,0,0,0,0,0,0,0,1
476,0.485,INT J SPORT PSYCHOL,2,0,0,0,0,0,0,0,1,0,0,1
477,1.966,INT REV PSYCHIATR,2,0,0,0,0,1,0,0,0,0,0,1
478,3.868,INT SECURITY,2,0,0,0,0,0,0,0,1,0,0,1
479, ,INTRO METAANALYSIS,2,0,0,0,0,0,2,0,0,0,0,0
480, ,INVEST OPHTH VIS SCI,2,0,0,0,0,0,0,0,0,0,0,2
481,2.724,J ACCOUNT ECON,2,0,0,1,0,0,0,0,0,0,0,1
482,1.477,J AGING HEALTH,2,0,0,0,0,0,0,0,0,0,0,2
483, ,J AM COLL CARDIOL,2,0,0,0,0,0,0,0,0,0,0,2
484, ,J CEREBR BLOOD F MET,2,0,0,0,0,0,0,0,0,0,0,2
485, ,J COGNITION CULTURE,2,1,0,0,0,1,0,0,0,0,0,0
486, ,J COMP NEUROL,2,0,0,0,0,0,0,0,0,0,1,1
487, ,J COMPUT ASSIST TOMO,2,0,0,0,0,0,0,0,0,0,0,2
488,0.909,J COMPUT HIGH EDUC,2,0,0,0,0,0,0,0,0,0,0,2
489,2.475,J COUNS PSYCHOL,2,0,0,0,0,0,0,0,0,2,0,0
490,1.255,J EDUC BEHAV STAT,2,0,0,0,0,0,0,0,0,1,0,1
491, ,J EDUC GIFTED,2,0,0,0,0,0,0,0,0,0,1,1
492,3.501,J EPIDEMIOL COMMUN H,2,0,0,0,0,0,0,0,0,0,0,2
493,1.087,J EXP EDUC,2,0,0,0,0,0,0,0,0,0,0,2
494,1.269,J FAM ISSUES,2,0,0,0,0,0,0,0,0,0,0,2
495,5.424,J FINANC,2,0,0,0,0,0,0,1,0,0,0,1
496,0.592,J FORENSIC PSYCHI PS,2,0,1,0,0,0,0,0,0,0,0,1
497,0.694,J GENET PSYCHOL,2,0,0,0,0,0,0,0,1,0,0,1
498,1.683,J HAPPINESS STUD,2,0,1,0,1,0,0,0,0,0,0,0
499,2.579,J HEALTH ECON,2,0,0,0,0,1,0,0,1,0,0,0
500,1.020,J LANG SOC PSYCHOL,2,1,0,0,0,1,0,0,0,0,0,0
501,1.276,J LEGAL STUD,2,0,0,0,0,0,0,0,0,0,1,1
502,0.400,J MORAL EDUC,2,0,0,0,0,0,0,0,0,0,0,2
503, ,J NEUROL NEUROSUR PS,2,0,0,0,0,0,0,0,0,0,0,2
504, ,J OPT SOC AM A,2,0,0,0,0,0,0,0,0,0,0,2
505,3.038,J ORGAN BEHAV,2,0,0,0,0,0,0,0,0,0,0,2
506,3.387,J PEACE RES,2,0,0,1,0,0,0,0,0,0,0,1
507, ,J PEDIATR-US,2,0,1,0,0,0,0,1,0,0,0,0
508,0.831,J PRAGMATICS,2,0,0,1,1,0,0,0,0,0,0,0
509,5.861,J PSYCHIATR NEUROSCI,2,0,0,0,0,0,1,0,0,0,0,1
510,1.054,J PSYCHOEDUC ASSESS,2,0,0,0,0,0,0,0,0,0,0,2
511, ,J R STAT SOC B,2,0,0,0,0,0,0,0,0,0,0,2
512,1.233,J RES MATH EDUC,2,0,0,0,1,0,0,0,0,0,0,1
513,1.125,J RISK UNCERTAINTY,2,0,0,0,0,0,0,1,0,0,0,1
514, ,J SPEECH HEAR RES,2,0,0,0,0,0,0,0,0,0,0,2
515, ,J THEOR BIOL,2,0,0,0,0,0,0,0,0,0,0,2
516, ,JOINT ATTENTION ITS,2,0,0,0,0,0,0,0,0,0,0,2
517, ,JUDGMENT UNCERTAINTY,2,0,0,0,0,0,0,0,0,0,0,2
518, ,KAUFMAN BRIEF INTELL,2,0,0,0,0,0,0,0,0,0,0,2
519, ,LAB FORC STAT CURR P,2,0,2,0,0,0,0,0,0,0,0,0
520,1.612,LANG LEARN,2,0,0,0,0,0,0,2,0,0,0,0
521, ,LEARN MEMORY,2,0,0,0,0,0,1,0,0,0,1,0
522, ,LEARN MEMORY COMP,2,0,0,0,0,0,0,2,0,0,0,0
523, ,LECT NOTES COMPUT SC,2,0,1,0,0,0,0,1,0,0,0,0
524, ,LOSING CONTROL WHY P,2,0,0,0,0,0,0,0,0,0,0,2
525, ,MAGN RESON MED,2,0,0,0,0,0,1,0,0,0,0,1
526,1.100,MEDIA PSYCHOL,2,0,0,0,0,0,0,0,0,0,1,1
527,1.289,MERRILL PALMER QUART,2,0,1,0,0,0,0,0,0,0,0,1
528, ,METACOGNITION KNOWIN,2,0,0,0,0,0,0,0,0,0,0,2
529, ,MINDBLINDNESS ESSAY,2,0,0,0,0,0,0,0,0,0,0,2
530, ,MODEL SELECTION MULT,2,0,0,0,0,0,0,0,0,0,0,2
531, ,MON WEATHER REV,2,0,0,0,0,0,0,0,0,0,0,2
532, ,MORALITY MORAL BEHAV,2,0,0,0,0,0,0,0,0,0,0,2
533, ,MOTOR CONTROL,2,0,0,0,1,0,0,1,0,0,0,0
534, ,MX STAT MODELING,2,0,0,0,0,0,0,0,0,2,0,0
535, ,NAT CREATIVITY CO,2,0,0,0,0,0,0,0,0,0,0,2
536, ,NAT HYPN,2,0,0,0,0,0,0,0,0,0,0,2
537, ,NAT REV GENET,2,0,0,0,1,0,0,1,0,0,0,0
538, ,NETWORK-COMP NEURAL,2,0,0,0,0,0,0,0,0,0,0,2
539, ,NEUROBIOL AGING,2,1,0,0,1,0,0,0,0,0,0,0
540,1.444,NEW IDEAS PSYCHOL,2,0,0,1,0,0,0,0,0,0,0,1
541, ,NONPARAMETRICS STAT,2,0,0,0,0,0,0,0,0,0,0,2
542,1.491,NONPROF VOLUNT SEC Q,2,0,0,0,1,0,1,0,0,0,0,0
543, ,ONT SYMP P,2,0,0,0,0,0,0,0,0,0,0,2
544,3.775,ORGAN SCI,2,0,0,1,1,0,0,0,0,0,0,0
545, ,OXFORD HDB EYE MOVEM,2,0,0,0,2,0,0,0,0,0,0,0
546, ,P 33 ANN C COGN SCI,2,0,0,0,2,0,0,0,0,0,0,0
547, ,P 35 ANN C COGN SCI,2,0,2,0,0,0,0,0,0,0,0,0
548, ,PASSIONS REASON STRA,2,0,0,0,0,0,0,0,0,0,0,2
549, ,PATTERN HUM CONCER,2,0,0,0,0,0,0,0,0,0,0,2
550, ,PERSONALITY IN PRESS,2,0,0,0,0,0,0,0,0,0,0,2
551,1.273,PHILOS PUBLIC AFF,2,0,0,0,0,0,0,0,0,0,0,2
552, ,PHONOLOGICAL ENCODIN,2,0,0,0,0,0,0,0,0,0,2,0
553, ,PICTURES FACIAL AFFE,2,0,0,0,0,0,0,0,0,0,0,2
554, ,PRAAT DOING PHONETIC,2,2,0,0,0,0,0,0,0,0,0,0
555, ,PRIMATES,2,0,0,0,0,0,0,0,0,0,0,2
556, ,PRINCIPLES PSYCHOL,2,0,0,0,0,0,0,0,0,0,0,2
557,1.398,PROF PSYCHOL-RES PR,2,0,0,0,0,0,0,0,0,0,0,2
558, ,PROG NEUROBIOL,2,0,0,0,0,0,2,0,0,0,0,0
559,2.443,PSYCHO-ONCOLOGY,2,0,0,1,0,1,0,0,0,0,0,0
560, ,PSYCHOL ACTION LINKI,2,0,0,0,0,0,0,0,0,0,0,2
561,2.751,PSYCHOL ASSESSMENT,2,0,0,0,0,0,0,0,0,0,0,2
562, ,PSYCHOL INTELL,2,0,0,0,0,0,0,0,0,0,0,2
563, ,PSYCHOL INTERGROUP R,2,0,0,0,0,0,0,0,0,0,0,2
564, ,PSYCHOL INTERPERSONA,2,0,0,0,0,0,0,0,0,0,0,2
565, ,PSYCHOL MONOGR G,2,0,0,0,0,0,0,0,0,0,0,2
566,2.173,PSYCHOL MUSIC,2,0,1,0,0,0,0,0,0,0,0,1
567,0.879,PSYCHOL REC,2,0,0,0,0,1,1,0,0,0,0,0
568,0.560,PSYCHOL REP,2,0,0,0,0,0,0,0,0,0,0,2
569,1.879,PSYCHOL WOMEN QUART,2,0,0,0,0,0,0,0,0,0,0,2
570,1.085,PSYCHOMETRIKA,2,0,0,0,2,0,0,0,0,0,0,0
571, ,PSYCHON SCI,2,0,0,0,0,0,0,0,0,0,0,2
572, ,PUBL MAN AM PSYCH AS,2,0,0,0,0,1,1,0,0,0,0,0
573,0.835,PUBLIC CHOICE,2,0,0,0,0,0,0,0,0,1,0,1
574,1.887,RES DEV DISABIL,2,0,0,0,2,0,0,0,0,0,0,0
575,1.160,RES HIGH EDUC,2,0,0,0,0,0,1,0,1,0,0,0
576,1.267,RES NURS HEALTH,2,0,0,0,0,0,0,0,0,0,0,2
577,1.562,RES ORGAN BEHAV,2,0,0,0,0,0,0,0,0,0,0,2
578,2.749,REV ECON STAT,2,0,0,1,0,0,0,0,0,0,0,1
579, ,RIGHTEOUS MIND WHY G,2,0,0,2,0,0,0,0,0,0,0,0
580, ,ROBBERS CAVE EXPT IN,2,0,0,0,0,0,0,0,0,0,0,2
581, ,SCAND J STAT,2,0,0,0,0,0,0,0,0,0,0,2
582, ,SCI AM MIND,2,0,1,0,1,0,0,0,0,0,0,0
583, ,SCI MEMORY CONCEPTS,2,0,0,0,0,0,0,0,2,0,0,0
584, ,SIGNIFICANCE TESTING,2,0,1,0,0,0,0,0,0,0,0,1
585, ,SOC LEARN THEO,2,0,0,0,0,0,0,0,0,0,0,2
586, ,SOC PSYCHOL,2,0,0,0,0,0,0,0,0,0,0,2
587, ,SOC PSYCHOL MORAL,2,0,0,1,1,0,0,0,0,0,0,0
588,2.450,SOCIOL METHODOL,2,0,0,0,0,0,0,0,0,1,0,1
589, ,SPEAKING,2,0,0,0,0,0,0,0,0,0,0,2
590, ,SPIRIT LEVEL WHY GRE,2,0,0,0,0,2,0,0,0,0,0,0
591, ,STAND PROG MATRI,2,0,0,0,0,0,0,0,0,0,0,2
592, ,STAT POWER ANAL BEHA,2,0,0,0,0,0,0,0,0,0,0,2
593, ,STRUCTURED CLIN INTE,2,0,0,0,0,0,0,0,0,0,0,2
594,0.750,TEACH COLL REC,2,0,1,0,0,0,0,0,0,0,0,1
595, ,THEOR COGNITIVE DIS,2,0,0,0,0,0,0,0,0,0,0,2
596, ,THEOR MORAL SENTIME,2,0,0,0,0,0,0,0,0,0,0,2
597, ,THEOR PROBABILITY,2,0,0,0,0,0,0,0,0,0,0,2
598, ,TIME DECISION EC PSY,2,0,0,0,0,0,0,0,0,0,0,2
599,1.473,TRANSPORT RES F-TRAF,2,0,0,0,0,0,0,0,0,0,2,0
600, ,TREATISE HUM NATUR,2,0,0,0,0,1,0,0,0,0,0,1
601, ,TRENDS ENDOCRIN MET,2,0,0,1,0,1,0,0,0,0,0,0
602, ,TUTOR QUANT METHODS,2,0,0,0,0,0,0,0,0,0,2,0
603, ,US NEWS WORLD REP,2,0,0,2,0,0,0,0,0,0,0,0
604, ,USING MULTIVAR S,2,0,0,0,0,0,0,0,1,0,0,1
605, ,VISUAL NEUROSCI,2,0,0,0,0,0,0,0,1,0,0,1
606, ,WECHSLER INDIVIDUAL,2,0,0,0,0,0,0,0,0,0,1,1
607, ,WHITHER OPPORTUNITY,2,0,0,0,2,0,0,0,0,0,0,0
608,1.869,WIRES COGN SCI,2,1,0,0,0,1,0,0,0,0,0,0
609, ,WOODCOCK JOHNSON TES,2,0,0,0,0,0,0,0,0,0,0,2
610, ,WORDS THOUGHTS THEOR,2,0,0,0,0,0,0,0,0,0,0,2
611,2.450,WORLD POLIT,2,0,0,0,0,1,0,0,0,0,1,0
612, ,YOUNG CHILDREN,2,0,1,0,0,0,0,0,0,0,0,1
613, ,YOUNG CHILDRENS NAIV,2,0,0,0,0,0,0,0,0,0,0,2
614,1.569,Z PSYCHOL,2,0,0,0,0,0,2,0,0,0,0,0
Copyright Â© 2018 Clarivate Analytics,,,,,,,,,,,,,,
"By exporting the selected data, you agree to the data usage policy set forth in the Terms of Use",,,,,,,,,,,,,,
