Citing Journal Data: JOURNAL OF PERSONALITY AND SOCIAL PSYCHOLOGY,,,,,,,,,,,,,,
,Impact Factor,Cited Journal,All Yrs,2000,1999,1998,1997,1996,1995,1994,1993,1992,1991,Rest
1, ,ALL Journals,9466,122,422,670,614,610,498,515,483,402,443,4687
2, ,ALL OTHERS (1692),1692,51,105,90,88,89,74,86,72,64,74,899
3,3.172,J PERS SOC PSYCHOL,1886,21,72,158,144,117,125,93,117,78,79,882
4,6.913,PSYCHOL BULL,315,2,11,9,11,20,23,21,14,22,14,168
5,6.069,PSYCHOL REV,236,3,10,2,1,20,20,10,6,3,12,149
6,1.205,PERS SOC PSYCHOL B,219,0,7,29,25,33,33,13,25,8,12,34
7,1.481,J EXP SOC PSYCHOL,185,4,12,8,17,4,8,5,8,7,10,102
8,5.250,ADV EXP SOC PSYCHOL,145,0,2,7,12,3,3,4,0,10,11,93
9,1.488,J PERS,135,0,7,9,9,9,5,5,9,6,12,64
10,3.352,J ABNORM PSYCHOL,131,1,1,2,9,4,4,14,8,9,3,76
11,6.857,AM PSYCHOL,126,4,11,5,12,1,6,3,13,0,7,64
12,2.768,CHILD DEV,104,0,3,11,8,4,7,4,6,6,6,49
13,1.069,EUR J SOC PSYCHOL,98,2,6,9,4,3,5,5,7,6,1,50
14, ,PERSONALITY SOC P,78,7,12,13,10,2,6,0,2,3,1,22
15,4.390,J CONSULT CLIN PSYCH,77,0,1,6,4,2,2,4,0,0,4,54
16,1.415,SOC COGNITION,64,0,5,4,2,2,4,1,3,2,11,30
17,2.044,DEV PSYCHOL,63,1,2,7,11,4,4,0,4,2,2,26
18,0.920,PERS INDIV DIFFER,57,0,5,4,5,4,3,3,4,2,4,23
19, ,HANDB SOC PSYCHOL,56,0,0,43,1,0,0,0,0,0,0,12
20,1.200,ORGAN BEHAV HUM DEC,53,1,1,6,6,10,4,4,2,2,0,17
21,2.565,PSYCHOL SCI,49,1,7,3,9,10,4,3,0,7,4,1
22, ,SOC PSYCHOL HDB B,48,0,0,0,1,47,0,0,0,0,0,0
23,5.851,ANNU REV PSYCHOL,47,1,1,4,2,2,1,5,2,5,2,22
24, ,ADV SOC COGNITION,46,0,0,7,18,2,1,1,3,0,3,11
25,1.352,BRIT J SOC PSYCHOL,41,0,0,1,2,5,3,2,5,3,3,17
26, ,HDB MOTIVATION COGNI,41,0,0,0,0,10,0,0,0,0,0,31
27,0.734,J PERS ASSESS,41,0,0,1,7,3,5,2,3,0,2,18
28,1.000,J RES PERS,41,0,1,2,3,6,2,0,2,1,0,24
29,0.722,J APPL SOC PSYCHOL,39,0,1,1,3,2,2,3,1,0,5,21
30,2.135,J MARRIAGE FAM,39,0,2,3,1,2,3,1,0,1,1,25
31,1.277,SOC PSYCHOL QUART,34,0,0,1,1,0,1,2,1,1,2,25
32,1.699,BEHAV RES THER,32,0,1,2,4,1,3,0,5,1,1,14
33, ,EUR REV SOCIAL,32,0,2,4,0,1,0,4,4,4,2,11
34,1.218,J CROSS CULT PSYCHOL,32,0,2,2,4,3,3,3,0,0,0,15
35,0.882,J SOC CLIN PSYCHOL,32,0,0,1,1,3,2,2,5,3,1,14
36,0.286,J SOC PSYCHOL,31,0,0,0,0,1,1,1,1,0,0,27
37, ,SCIENCE,31,0,0,2,2,0,1,2,2,0,1,21
38,11.778,ARCH GEN PSYCHIAT,30,0,0,2,2,3,0,2,5,0,2,14
39,1.730,J APPL PSYCHOL,30,0,0,3,0,6,1,0,2,1,2,15
40,1.017,PERS RELATIONSHIP,28,1,6,3,7,2,3,3,0,0,0,3
41,2.414,PSYCHOL INQ,28,0,3,4,1,5,4,3,0,0,5,3
42,2.753,J EXP PSYCHOL LEARN,27,1,0,4,2,2,1,0,1,0,1,15
43,1.167,J SOC ISSUES,27,0,1,1,2,1,0,2,0,1,1,18
44,0.559,J SOC PERS RELAT,27,0,1,2,1,5,1,2,3,1,0,11
45, ,REV PERSONALITY SOCI,27,0,0,0,0,0,0,0,0,9,1,17
46,0.756,COGNITIVE THER RES,25,0,2,1,3,1,1,0,1,3,2,11
47,1.133,MOTIV EMOTION,25,0,1,4,2,0,0,1,0,1,0,16
48, ,J EXP PSYCHOL,24,0,0,0,0,0,0,0,0,0,0,24
49,0.894,PSYCHOL WOMEN QUART,24,1,1,2,5,1,2,3,0,3,2,4
50,0.415,SEX ROLES,24,0,0,3,4,2,1,0,1,0,0,13
51, ,HANDB CHILD PSYCHOL,23,0,0,20,0,0,0,0,0,0,0,3
52, ,MULTIPLE REGRESSION,23,0,0,0,0,0,0,0,0,0,23,0
53, ,UNINTENDED THOUGHT,23,0,0,0,0,0,0,0,0,0,0,23
54,0.832,HUM RELAT,22,0,0,0,0,0,0,0,0,0,0,22
55,1.863,COGNITION EMOTION,21,0,2,1,2,3,1,1,2,1,0,8
56,3.463,COGNITIVE PSYCHOL,21,0,0,0,0,1,0,1,1,5,0,13
57,0.238,PSYCHOL REP,21,0,2,1,0,1,1,3,1,0,0,12
58, ,ATTACHMENT THEOR CL,20,0,0,20,0,0,0,0,0,0,0,0
59, ,HANDB SOC COGNITION,20,0,0,0,0,0,0,13,0,0,0,7
60, ,IN PRESS PERSONALITY,20,0,0,0,0,0,0,0,0,0,0,20
61,0.393,J PSYCHOL,19,0,0,0,0,0,2,0,1,1,1,14
62,3.255,AM SOCIOL REV,18,0,0,3,0,0,0,0,0,0,0,15
63,0.375,BASIC APPL SOC PSYCH,18,0,0,2,1,0,2,4,1,0,1,7
64,3.074,HEALTH PSYCHOL,18,0,0,4,2,1,4,2,0,1,0,4
65, ,NEBR SYM MOTIV,18,0,0,0,0,0,0,6,1,0,2,9
66,2.308,PSYCHOL AGING,18,0,1,1,3,1,0,1,2,0,3,6
67,1.271,ARCH SEX BEHAV,17,0,0,0,1,0,2,0,4,3,0,7
68,1.516,BEHAV GENET,17,0,1,1,1,1,1,1,5,0,1,5
69,0.641,MULTIVAR BEHAV RES,17,0,0,0,2,0,2,0,2,0,0,11
70,1.430,CURR DIR PSYCHOL SCI,16,0,6,2,1,1,1,1,2,2,0,0
71, ,HDB PERSONALITY PSYC,16,0,0,0,16,0,0,0,0,0,0,0
72, ,ATTACHMENT LOSS,15,0,0,0,0,0,0,0,0,0,0,15
73, ,ETHOL SOCIOBIOL,15,0,0,0,0,0,2,2,2,0,0,9
74,2.005,J STUD ALCOHOL,14,0,0,1,1,0,3,2,1,0,0,6
75, ,SOC COMP CONT THE,14,0,0,0,0,0,0,0,0,0,14,0
76,2.829,AM J SOCIOL,13,0,0,0,0,0,0,0,0,0,0,13
77, ,DEV COURSE MARITAL D,13,0,0,13,0,0,0,0,0,0,0,0
78,3.079,DEV PSYCHOPATHOL,13,0,1,0,3,3,3,1,2,0,0,0
79, ,DEV STRUCT TEMPER,13,0,0,0,0,0,0,13,0,0,0,0
80, ,DUAL PROCESS THEORIE,13,0,13,0,0,0,0,0,0,0,0,0
81,0.168,J SOC BEHAV PERS,13,0,0,0,2,3,1,1,0,0,1,5
82,1.670,PSYCHOL ASSESSMENT,13,0,0,0,3,0,3,1,3,3,0,0
83,3.106,PSYCHOPHYSIOLOGY,13,0,1,0,0,1,0,0,1,0,1,9
84, ,ADV PERSONAL RELATIO,12,0,0,0,0,0,0,7,3,0,1,1
85,0.815,AGGRESSIVE BEHAV,12,0,0,2,1,0,0,3,1,0,0,5
86,1.430,CLIN PSYCHOL REV,12,0,1,0,2,0,0,0,1,0,1,7
87, ,CONSTRUCTION SOC,12,0,0,0,0,0,0,0,0,12,0,0
88,0.845,EUR J PERSONALITY,12,0,0,2,0,2,1,0,3,2,0,2
89,0.400,INT J INTERCULT REL,12,0,0,0,0,3,0,0,0,1,1,7
90,0.308,PERCEPT MOTOR SKILL,12,0,0,1,2,1,0,3,1,0,0,4
91, ,PSYCHOL ACTION LINKI,12,0,0,0,0,12,0,0,0,0,0,0
92, ,PSYCHOL PERSPECTIVES,12,0,0,0,0,0,0,0,3,0,0,9
93, ,REDISCOVERING SOC,12,0,0,0,0,0,0,0,0,0,0,12
94, ,HANDB PERS THEORY,11,1,4,0,0,0,0,0,0,0,0,6
95, ,HDB PERSONAL RELATIO,11,0,0,0,7,0,0,0,0,0,0,4
96,3.000,MONOGR SOC RES CHILD,11,0,0,0,0,0,0,6,0,0,0,5
97,2.190,PSYCHOL METHODS,11,0,0,2,3,6,0,0,0,0,0,0
98, ,REV GEN PSYCHOL,11,3,2,5,1,0,0,0,0,0,0,0
99, ,SOC COMP PROCESSE,11,0,0,0,0,0,0,0,0,0,0,11
100, ,STAT POWER ANAL BEHA,11,0,0,0,0,0,0,0,0,0,0,11
101,0.608,EDUC PSYCHOL MEAS,10,0,0,0,0,0,0,0,0,3,0,7
102, ,HANDB MENT CONTROL,10,0,0,0,0,0,0,0,10,0,0,0
103,1.844,J EDUC PSYCHOL,10,0,0,0,0,1,1,0,0,0,0,8
104,3.636,J EXP PSYCHOL GEN,10,0,0,1,1,0,0,1,1,0,0,6
105,2.490,J HEALTH SOC BEHAV,10,1,1,1,0,1,0,1,0,0,0,5
106,1.308,J SEX RES,10,0,0,1,0,0,0,0,1,0,0,8
107, ,SOC ADOLESCENT SELF,10,0,0,0,0,0,0,0,0,0,0,10
108,3.333,ADMIN SCI QUART,9,0,0,0,1,0,2,1,1,2,0,2
109, ,ADV GROUP PROCESSES,9,0,1,0,0,0,0,1,0,0,1,6
110, ,ATTRIBUTION PERCEIV,9,0,0,0,0,0,0,0,0,0,0,9
111,14.250,BEHAV BRAIN SCI,9,0,2,0,0,1,2,0,0,0,0,4
112,4.827,BRIT J PSYCHIAT,9,0,0,0,0,1,0,0,0,0,0,8
113, ,IN PRESS J PERSONALI,9,0,0,0,0,0,0,0,0,0,0,9
114,0.575,INT J PSYCHOL,9,0,0,0,0,1,0,1,0,0,2,5
115, ,INTERGROUP COGNITION,9,0,0,9,0,0,0,0,0,0,0,0
116,2.247,J EXP PSYCHOL HUMAN,9,0,0,2,0,0,0,2,0,0,0,5
117,0.750,MERRILL PALMER QUART,9,0,0,0,0,1,0,3,1,0,1,3
118, ,NAT EMOTION FUNDA,9,0,0,0,0,0,0,9,0,0,0,0
119, ,PRINCIPLES PSYCHOL,9,0,0,0,0,0,0,0,0,0,0,9
120,3.246,PSYCHOSOM MED,9,0,1,0,0,0,0,1,1,0,0,6
121, ,REVISED NEO PERSONAL,9,0,0,1,0,0,0,0,0,8,0,0
122, ,ATTITUDE STRENGTH AN,8,0,0,0,0,0,8,0,0,0,0,0
123, ,B PSYCHONOMIC SOC,8,0,0,0,0,0,0,0,0,1,2,5
124, ,BRIT J SOC CLIN PSYC,8,0,0,0,0,0,0,0,0,0,0,8
125, ,HIERARCHICAL LINEAR,8,0,0,0,0,0,0,0,0,8,0,0
126,2.460,J CONSUM RES,8,1,1,1,2,0,0,0,0,0,1,2
127, ,SOC PSYCHOL INTER,8,0,0,0,0,0,1,0,0,0,0,7
128, ,SOCIOMETRY,8,0,0,0,0,0,0,0,0,0,0,8
129, ,STEREOTYPES STEREOTY,8,0,0,0,0,8,0,0,0,0,0,0
130, ,THEOR OBJECTIVE SEL,8,0,0,0,0,0,0,0,0,0,0,8
131, ,5 FACTOR MODEL PERSO,7,0,0,0,0,7,0,0,0,0,0,0
132, ,AFFECT COGNITION STE,7,0,0,0,0,0,0,0,7,0,0,0
133, ,APPL MULTIPLE REGRES,7,0,0,0,0,0,0,0,0,0,0,7
134,0.561,APPL PSYCH MEAS,7,0,0,0,0,1,1,0,0,0,0,5
135,1.053,BRIT J PSYCHOL,7,0,0,0,0,0,0,0,1,0,0,6
136,1.874,ECONOMETRICA,7,0,0,0,0,0,0,0,0,0,0,7
137, ,HDB ATTACHMENT THEOR,7,0,6,0,0,0,0,0,0,0,0,1
138, ,HLTH COPING WELL BEI,7,0,0,0,7,0,0,0,0,0,0,0
139, ,INDIVIDUALISM COLLEC,7,0,0,0,0,0,6,1,0,0,0,0
140, ,INTRINSIC MOTIVATION,7,0,0,0,0,0,0,0,0,0,0,7
141,1.099,J BEHAV MED,7,0,0,0,1,0,0,0,0,1,0,5
142,0.680,J CLIN PSYCHOL,7,0,0,0,0,1,0,0,1,0,0,5
143, ,J EXP PSYCHOL GENER,7,0,0,0,0,0,0,0,0,0,0,7
144,0.667,J PSYCHOPATHOL BEHAV,7,0,0,0,0,1,0,3,0,0,0,3
145, ,J VERB LEARN VERB BE,7,0,0,0,0,0,0,0,0,0,0,7
146, ,JUDGMENT UNCERTAINTY,7,0,0,0,0,0,0,0,0,0,0,7
147, ,MANUAL EYSENCK PERSO,7,0,0,0,0,0,0,0,0,0,1,6
148, ,PATTERNS ATTACHMENT,7,0,0,0,0,0,0,0,0,0,0,7
149, ,PERSONALITY PSYCHOL,7,0,0,0,0,0,0,0,0,0,0,7
150, ,SCI AM,7,0,0,1,0,0,0,0,0,0,0,6
151,0.619,AM BEHAV SCI,6,0,1,0,0,0,0,0,0,0,0,5
152, ,ANXIETY ANXIETY DISO,6,0,0,0,0,0,0,0,0,0,0,6
153, ,ATTENTION SELF REGUL,6,0,0,0,0,0,0,0,0,0,0,6
154,0.245,CAN J BEHAV SCI,6,0,0,0,0,1,1,0,1,0,0,3
155,2.622,COGNITION,6,0,0,0,0,1,0,1,2,0,1,1
156, ,COGNITIVE PROCESS,6,0,0,0,0,0,0,0,0,0,0,6
157,1.091,COMMUN RES,6,0,0,0,0,0,0,0,0,1,0,5
158, ,GROUPS CONTACT PSYCH,6,0,0,0,0,0,0,0,0,0,0,6
159, ,HDB BASIC PRINCIPLES,6,0,0,0,1,5,0,0,0,0,0,0
160, ,HLM HIERARCHICAL LIN,6,0,0,0,0,5,0,1,0,0,0,0
161,0.633,INT J CONFL MANAGE,6,0,0,1,2,0,0,3,0,0,0,0
162,0.870,J CONFLICT RESOLUT,6,0,0,0,0,0,0,1,1,0,0,4
163,1.058,J FAM PSYCHOL,6,0,1,0,1,1,3,0,0,0,0,0
164, ,KNOWLEDGE STRUCT,6,0,0,0,0,6,0,0,0,0,0,0
165, ,MEASURES PERSONALITY,6,0,0,0,0,0,0,0,0,0,6,0
166,1.507,MEM COGNITION,6,0,1,1,0,1,0,0,0,2,0,1
167, ,MEMORY COGNITION ITS,6,0,0,0,0,0,0,0,0,0,0,6
168, ,NAT PREJUDICE,6,0,0,0,0,0,0,0,0,0,0,6
169, ,NATURE,6,0,0,0,0,0,0,2,0,0,0,4
170, ,PERSONALITY COGNITIO,6,0,0,0,0,0,0,0,0,0,0,6
171, ,PREJUDICE DISCRIMINA,6,0,0,0,0,0,0,0,0,0,0,6
172, ,PSYCHOL ASSESSMENT J,6,0,0,0,0,0,0,0,0,6,0,0
173, ,PSYCHOL INTERPERSONA,6,0,0,0,0,0,0,0,0,0,0,6
174,3.412,PSYCHOL MED,6,0,0,3,1,0,0,1,0,0,0,1
175, ,PSYCHOL SOC SELF,6,0,6,0,0,0,0,0,0,0,0,0
176, ,PSYCHOMETRIC THEOR,6,0,0,0,0,0,0,2,0,0,0,4
177, ,SELF ESTEEM PUZZLE L,6,0,0,0,0,0,0,0,6,0,0,0
178, ,SOC IDENTITY SOCI,6,0,6,0,0,0,0,0,0,0,0,0
179,1.258,SOCIOL METHOD RES,6,0,0,0,0,0,0,1,0,1,0,4
180, ,STRESS APPRAISAL COP,6,0,0,0,0,0,0,0,0,0,0,6
181, ,THESIS U ILLINOIS,6,1,0,0,3,0,0,0,1,0,1,0
182, ,VIOLENCE VICTIMS,6,0,0,0,0,0,1,1,1,0,1,2
183, ,VISION RES,6,0,0,3,1,2,0,0,0,0,0,0
184,1.500,AM J COMMUN PSYCHOL,5,0,0,0,0,0,0,0,0,0,0,5
185,0.286,AM J PSYCHOL,5,0,0,0,0,0,0,0,0,1,0,4
186,3.269,AM J PUBLIC HEALTH,5,0,0,0,0,0,1,0,0,4,0,0
187, ,ATTACHMENT PROCESSES,5,0,0,0,0,0,0,5,0,0,0,0
188, ,BASIC PROCESSES READ,5,0,0,0,0,0,0,0,0,0,5,0
189,0.750,BEHAV RES METH INS C,5,0,0,0,0,1,0,0,2,0,0,2
190, ,BIG 5 INVENTORY VERS,5,0,0,0,0,0,0,0,0,0,5,0
191, ,DIFFERENTIATION SOC,5,0,0,0,0,0,0,0,0,0,0,5
192,1.396,ECON J,5,0,0,0,0,0,3,1,0,0,0,1
193, ,EMOTION SOC JUDGM,5,0,0,0,0,0,0,0,0,0,5,0
194, ,HUM AGGRESSION,5,0,0,0,0,0,0,2,0,0,0,3
195,1.733,HUM PERFORM,5,0,1,1,0,0,0,1,0,1,0,1
196,0.706,INT J BEHAV DEV,5,0,0,1,0,0,0,0,0,0,0,4
197, ,INTERPERSONAL PERCEP,5,0,0,0,0,0,0,2,0,0,0,3
198,1.564,J COUNS PSYCHOL,5,0,0,0,0,0,1,1,0,1,0,2
199,0.476,J GENET PSYCHOL,5,0,0,0,0,0,0,0,0,0,0,5
200,1.062,J INTERPERS VIOLENCE,5,0,1,2,1,0,0,0,1,0,0,0
201, ,LANGUAGE INTERACTION,5,0,0,0,0,0,0,0,0,5,0,0
202, ,MANUAL STATE TRAIT A,5,0,0,0,0,0,0,0,0,0,0,5
203,0.950,MINN SYM CHILD PSYCH,5,0,0,0,0,0,0,0,0,0,1,4
204, ,NAT GENET,5,0,0,0,1,0,3,0,0,0,0,1
205, ,PSYCHOL INTERGROUP R,5,0,0,0,0,0,0,0,0,0,0,5
206,0.898,PSYCHOMETRIKA,5,0,0,0,0,0,0,0,0,1,0,4
207,4.024,Q J ECON,5,0,0,0,0,0,0,0,0,0,2,3
208, ,RELAT DEPRIV SOC JUS,5,0,0,0,0,0,0,0,0,0,0,5
209, ,RESPONSES VICTIMIZAT,5,0,0,5,0,0,0,0,0,0,0,0
210, ,SOC COMPARISON CO,5,0,0,0,0,0,0,0,0,0,5,0
211,1.227,SOCIOL METHODOL,5,0,0,0,0,0,0,0,0,0,0,5
212,2.375,ACAD MANAGE J,4,0,0,0,0,0,0,1,0,1,1,1
213, ,ACTA GENET MED GEMEL,4,0,0,0,0,0,0,0,0,0,0,4
214,1.267,ACTA PSYCHOL,4,0,1,0,0,0,0,0,0,0,1,2
215, ,ADAPTATION LEVEL THE,4,0,0,0,0,0,0,0,0,0,0,4
216, ,ADV BEHAV RES THER,4,0,0,0,0,0,0,0,0,0,0,4
217, ,AFFECT COGNITION SOC,4,0,0,0,0,0,0,0,0,0,0,4
218,0.755,AGGRESS VIOLENT BEH,4,0,0,3,0,1,0,0,0,0,0,0
219,1.795,AM ECON REV,4,0,0,0,0,0,0,0,1,0,0,3
220,2.506,ANN BEHAV MED,4,0,0,0,0,1,1,2,0,0,0,0
221,2.809,ANNU REV SOCIOL,4,0,0,0,1,0,0,0,1,0,0,2
222, ,ANXIETY RES,4,0,0,0,0,0,0,0,0,0,1,3
223,1.500,BIOL PSYCHOL,4,0,0,0,0,0,1,0,1,1,0,1
224, ,CLIN HDB MARRIAGE CO,4,0,0,0,4,0,0,0,0,0,0,0
225, ,CLOSE RELATIONSHIPS,4,0,0,0,0,0,0,0,0,0,0,4
226, ,COGNITIVE THER EM,4,0,0,0,0,0,0,0,0,0,0,4
227, ,DYNAMIC THEOR PERSO,4,0,0,0,0,0,0,0,0,0,0,4
228, ,EMPATHIC ACCURACY,4,0,0,0,4,0,0,0,0,0,0,0
229,0.973,ENVIRON BEHAV,4,0,0,0,0,0,0,0,0,0,0,4
230, ,EVOCATIVE IMAGES THE,4,0,4,0,0,0,0,0,0,0,0,0
231, ,EVOLUTION DESIRE STR,4,0,0,0,0,0,0,4,0,0,0,0
232, ,EVOLUTION HUM SEXU,4,0,0,0,0,0,0,0,0,0,0,4
233, ,EXPRESS EMOT MAN,4,0,0,0,0,0,0,0,0,0,0,4
234, ,GROUP CONFLICT COOPE,4,0,0,0,0,0,0,0,0,0,0,4
235,0.577,HUM DEV,4,0,0,0,0,0,0,0,0,0,0,4
236, ,INT J EPIDEMIOL,4,0,0,0,3,0,0,0,0,0,0,1
237, ,INTRO MULTILEVEL MOD,4,0,0,4,0,0,0,0,0,0,0,0
238,1.917,J ABNORM CHILD PSYCH,4,0,0,1,0,2,1,0,0,0,0,0
239,0.656,J ADOLESCENCE,4,0,0,1,0,0,0,0,1,0,0,2
240,0.925,J ADOLESCENT RES,4,0,0,1,1,0,0,0,1,0,1,0
241,0.477,J APPL DEV PSYCHOL,4,0,0,0,0,0,0,1,1,0,0,2
242,1.639,J BEHAV DECIS MAKING,4,0,1,0,0,0,0,2,1,0,0,0
243, ,J COGNITIVE PSYCHOTH,4,0,3,0,0,0,0,0,0,0,0,1
244, ,J EXP RES PERSONALI,4,0,0,0,0,0,0,0,0,0,0,4
245,1.679,J MARKETING RES,4,0,0,0,0,0,0,0,0,1,0,3
246,0.704,J NONVERBAL BEHAV,4,0,0,0,0,0,0,0,1,0,0,3
247,1.333,J PERS DISORD,4,0,2,0,0,0,1,0,0,0,0,1
248,2.320,J POLIT ECON,4,0,0,0,0,0,0,0,0,0,0,4
249,1.446,J PSYCHOSOM RES,4,0,0,1,0,1,1,0,0,0,0,1
250, ,MIND SELF SOC,4,0,0,0,0,0,0,0,0,0,0,4
251, ,MOTIV PERS,4,0,0,0,0,0,0,0,0,2,0,2
252, ,PARENTAL DESCRIPTION,4,0,0,4,0,0,0,0,0,0,0,0
253, ,PSYCHIAT DEV,4,0,0,0,0,0,0,0,0,0,0,4
254, ,PSYCHOL ACTION,4,0,0,0,0,4,0,0,0,0,0,0
255, ,PSYCHOL ATTITUDES,4,0,0,0,0,0,0,0,4,0,0,0
256, ,PSYCHOL FACIAL EXPRE,4,0,0,0,4,0,0,0,0,0,0,0
257, ,PSYCHOL THEORIES DRI,4,0,1,0,0,0,0,0,0,0,0,3
258, ,PSYCHOL TODAY,4,0,0,0,0,0,0,0,0,0,0,4
259,1.580,PSYCHON B REV,4,0,1,0,1,0,0,2,0,0,0,0
260,0.863,PUBLIC OPIN QUART,4,0,0,0,0,0,0,0,0,0,1,3
261, ,SEXUALLY AGGRESSIVE,4,0,0,4,0,0,0,0,0,0,0,0
262,0.532,SMALL GR RES,4,0,0,1,0,0,0,1,2,0,0,0
263, ,SOC DILEMMAS THEO,4,0,0,0,0,0,0,0,0,4,0,0
264,0.435,SOC INDIC RES,4,0,0,0,0,0,0,0,1,0,1,2
265, ,SOC PSYCHOL STERE,4,0,0,0,4,0,0,0,0,0,0,0
266, ,SOC SUPPORT INTER,4,0,0,0,0,0,0,0,0,0,0,4
267, ,STRIVING FEELING INT,4,0,0,0,0,4,0,0,0,0,0,0
268, ,STRUCT EQUATION,4,0,1,0,1,0,1,1,0,0,0,0
269, ,TEMPERAMENT CHILDHOO,4,0,0,0,0,0,0,0,0,0,0,4
270, ,TESTING STRUCT E,4,0,0,0,0,0,0,0,4,0,0,0
271, ,THEOR COGNITIVE DIS,4,0,0,0,0,0,0,0,0,0,0,4
272, ,THEOR PSYCHOL REACT,4,0,0,0,0,0,0,0,0,0,0,4
273, ,THESIS U MICHIGAN AN,4,0,1,0,2,1,0,0,0,0,0,0
274, ,THESIS U TEXAS ARLIN,4,1,0,1,0,0,0,1,0,1,0,0
275, ,WELL BEING FDN HEDON,4,0,4,0,0,0,0,0,0,0,0,0
276, ,14 INT C INT ASS CRO,3,0,0,3,0,0,0,0,0,0,0,0
277, ,5 7 YEAR SHIFT,3,0,0,0,0,3,0,0,0,0,0,0
278, ,ACTION CONTROL COGNI,3,0,0,0,0,0,0,0,0,0,0,3
279, ,ADV SOC PSYCHOL,3,0,0,0,0,0,3,0,0,0,0,0
280, ,AGGRESSION SOC LE,3,0,0,0,0,0,0,0,0,0,0,3
281, ,AIDS,3,0,0,0,0,0,0,0,0,0,0,3
282, ,ALCOHOL CLIN EXP RES,3,0,0,0,0,1,1,1,0,0,0,0
283, ,AM EDUC RES J,3,0,0,0,0,0,2,0,0,0,1,0
284, ,ANNU REV NEUROSCI,3,0,0,0,0,0,0,0,0,2,0,1
285,0.518,APPL PSYCHOL-INT REV,3,0,0,1,1,0,0,0,0,0,0,1
286, ,APPROACHES EMOTION,3,0,0,0,0,0,0,0,0,0,0,3
287, ,ARCH PSYCHOL,3,0,0,0,0,0,0,0,0,0,0,3
288, ,ATTACHMENT LOSS ATTA,3,0,0,0,0,0,0,0,0,0,0,3
289, ,ATTACHMENT LOSS SEPA,3,0,0,0,0,0,0,0,0,0,0,3
290, ,ATTENTION PERFORM,3,0,0,0,0,0,0,0,0,0,0,3
291, ,ATTRIBUTION SOC I,3,0,0,2,0,0,1,0,0,0,0,0
292,0.660,AUST J PSYCHOL,3,0,0,0,0,0,0,0,0,0,0,3
293, ,BELIEF ATTITUDE INTE,3,0,0,0,0,0,0,0,0,0,0,3
294, ,BIENN M SOC RES CHIL,3,0,2,0,1,0,0,0,0,0,0,0
295, ,BIOL BASIS PERSONALI,3,0,0,0,0,0,0,0,0,0,0,3
296,1.091,BRIT J CLIN PSYCHOL,3,0,1,0,0,0,0,0,0,0,0,2
297,0.516,CAN PSYCHOL,3,0,0,0,0,0,0,0,1,0,0,2
298, ,COGNITIVE SOC PSY,3,0,0,0,0,0,0,0,0,0,0,3
299, ,COGNITIVE STRUCT,3,0,0,0,0,0,0,0,0,0,0,3
300, ,COHERENCE PERSONALIT,3,0,3,0,0,0,0,0,0,0,0,0
301, ,CONCEIVING SELF,3,0,0,0,0,0,0,0,0,0,0,3
302, ,CONT APPROACHES COGN,3,0,0,0,0,0,0,0,0,0,0,3
303, ,DES ANAL RES HDB,3,0,0,0,0,0,0,0,0,0,3,0
304, ,EMOTION ADAPTATION,3,0,0,0,0,0,0,0,0,0,3,0
305, ,EMOTION DISCLOSURE H,3,0,0,0,0,0,3,0,0,0,0,0
306, ,EMOTIONS,3,0,0,0,0,0,0,0,0,0,0,3
307,1.741,EVOL HUM BEHAV,3,0,1,2,0,0,0,0,0,0,0,0
308, ,EXPLORATIONS TEMPERA,3,0,0,0,0,0,0,0,0,0,3,0
309, ,EXPLORATORY DATA ANA,3,0,0,0,0,0,0,0,0,0,0,3
310, ,FIELD THEOR SOCIAL,3,0,0,0,0,0,0,0,0,0,0,3
311, ,GENES ENV PERSONALIT,3,0,0,0,0,0,0,0,0,3,0,0
312,0.703,GENET SOC GEN PSYCH,3,0,0,1,0,0,0,0,1,0,0,1
313, ,HANDB EMOTION MEMORY,3,0,0,0,0,0,0,0,0,2,1,0
314, ,HANDB RES SYNTHESIS,3,0,0,0,0,0,0,3,0,0,0,0
315, ,HDB RES METHODS SOCI,3,2,1,0,0,0,0,0,0,0,0,0
316, ,HLTH COPING PERSPECT,3,0,0,0,3,0,0,0,0,0,0,0
317,0.700,HUM COMMUN RES,3,0,0,0,1,0,0,0,1,0,0,1
318, ,HUM DEV INTERACTIO,3,0,0,0,0,0,0,0,0,0,0,3
319, ,HUM INFERENCE STRA,3,0,0,0,0,0,0,0,0,0,0,3
320, ,HUM NAT SOCIAL,3,0,0,0,0,0,0,0,0,0,0,3
321, ,IMPRESSION MANAGEMEN,3,0,0,0,0,0,1,0,0,0,0,2
322, ,IN PRESS COGNITIVE S,3,0,0,0,0,0,0,0,0,0,0,3
323, ,IN PRESS EUROPEAN J,3,0,0,0,0,0,0,0,0,0,0,3
324, ,IN PRESS HDB SOCIAL,3,0,0,0,0,0,0,0,0,0,0,3
325, ,IN PRESS J EXPT SOCI,3,0,0,0,0,0,0,0,0,0,0,3
326, ,INDIVIDUAL DIFFERENC,3,0,0,0,0,1,0,0,0,0,0,2
327,1.188,INFANT BEHAV DEV,3,0,1,0,0,0,0,0,0,0,0,2
328, ,INTERGROUP BEHAV,3,0,0,0,0,0,0,0,0,0,0,3
329, ,INTERPERSONAL RELATI,3,0,0,0,0,0,0,0,0,0,0,3
330, ,INTIMATE RELATIONSHI,3,0,0,0,0,0,0,0,0,2,0,1
331, ,INTRO QUANT G,3,0,0,0,0,0,0,0,0,0,0,3
332,2.940,J CHILD PSYCHOL PSYC,3,0,0,0,1,0,0,1,0,0,0,1
333,5.115,J COGNITIVE NEUROSCI,3,1,0,0,0,0,0,0,0,0,2,0
334,0.535,J COMMUN,3,0,0,0,0,0,0,0,0,0,0,3
335,0.395,J EARLY ADOLESCENCE,3,0,0,0,0,0,1,1,0,1,0,0
336,2.336,J ECON PERSPECT,3,0,0,0,0,0,0,0,0,0,2,1
337, ,J EXP SOCIAL PSY S1,3,0,0,0,0,0,0,0,0,0,0,3
338, ,J GERONTOL,3,0,0,0,0,0,0,0,0,0,0,3
339,0.296,J HOMOSEXUAL,3,0,0,0,0,0,1,1,1,0,0,0
340,2.638,J MEM LANG,3,0,0,0,0,0,1,0,1,0,0,1
341,1.626,J NERV MENT DIS,3,0,0,0,1,0,0,0,0,1,0,1
342,0.808,J ORGAN BEHAV,3,0,0,1,0,0,0,0,1,1,0,0
343,0.773,J SCI STUD RELIG,3,0,0,0,0,0,1,0,0,0,0,2
344, ,J SUPPL ABSTR SERV,3,0,0,0,0,0,0,0,0,0,0,3
345,0.488,J THEOR SOC BEHAV,3,0,0,0,0,0,0,0,0,0,0,3
346,1.356,J VOCAT BEHAV,3,0,0,0,0,0,0,0,0,1,0,2
347, ,JPN J EXPT SOCI,3,0,0,0,0,0,1,0,0,0,0,2
348, ,JSAS CAT SELECT DOC,3,0,0,0,0,0,0,0,0,0,0,3
349, ,LAY EPISTEMICS HUMAN,3,0,0,0,0,0,0,0,0,0,0,3
350, ,METHODOLOGY GENET,3,0,0,0,0,0,0,0,0,3,0,0
351, ,MODEL PERSONALITY,3,0,0,0,0,0,0,0,0,0,0,3
352, ,NEW DIR ATTRIB RES,3,0,0,0,0,0,0,0,0,0,0,3
353, ,NEW DIRECTIONS METHO,3,0,0,0,0,0,0,0,0,0,0,3
354, ,NEWSWEEK,3,0,1,1,0,0,1,0,0,0,0,0
355,1.252,PERCEPT PSYCHOPHYS,3,0,0,0,0,2,0,0,0,0,0,1
356, ,PERS ASSESS,3,0,0,0,0,0,0,0,0,0,0,3
357, ,PERSONALITY RES FORM,3,0,0,0,0,0,0,0,0,0,0,3
358, ,PERSPECTIVES PERSONA,3,0,0,0,0,0,0,0,0,0,2,1
359, ,PLANS STRUCT BEHA,3,0,0,0,0,0,0,0,0,0,0,3
360,0.862,POLIT PSYCHOL,3,0,0,0,1,0,0,0,0,0,0,2
361,1.088,PSYCHOL ADDICT BEHAV,3,0,0,0,1,0,0,1,0,0,1,0
362, ,PSYCHOL AFFILIATION,3,0,0,0,0,0,0,0,0,0,0,3
363, ,PSYCHOL AGGRESSION,3,0,0,0,0,0,0,0,0,0,0,3
364, ,PSYCHOL FEAR STRESS,3,0,0,0,0,0,0,0,0,0,0,3
365, ,PSYCHOL JEALOUSY ENV,3,0,0,0,0,0,0,0,0,0,3,0
366, ,PSYCHOL MONOGR,3,0,0,0,0,0,0,0,0,0,0,3
367, ,PSYCHOL STUDY SCI,3,0,0,0,0,0,0,0,0,0,0,3
368, ,PUBLIC SELF PRIVATE,3,0,0,0,0,0,0,0,0,0,0,3
369,1.452,Q J EXP PSYCHOL-A,3,0,0,0,0,0,0,0,0,0,0,3
370, ,REPRESENT R SOC PSYC,3,0,0,1,0,0,0,0,0,0,0,2
371,0.785,RES AGING,3,0,0,0,0,0,0,0,0,2,0,1
372,0.522,RES LANG SOC INTERAC,3,0,0,0,0,0,0,2,0,0,1,0
373, ,RES METHODS PERSONAL,3,0,0,0,0,0,0,0,0,0,0,3
374,0.330,SCAND J PSYCHOL,3,0,0,0,0,0,1,1,0,0,0,1
375, ,SCRIPTS PLANS GOALS,3,0,0,0,0,0,0,0,0,0,0,3
376,0.227,SOC BEHAV PERSONAL,3,0,0,0,0,0,0,0,0,1,0,2
377, ,SOC COGNITIVE DEV,3,0,0,0,0,0,0,0,0,0,0,3
378, ,SOC COMP SOCIAL J,3,0,0,0,0,0,0,0,0,0,0,3
379, ,SOC DESIRABILITY,3,0,0,0,0,0,0,0,0,0,0,3
380,1.215,SOC FORCES,3,0,0,0,1,0,0,0,0,0,0,2
381,0.882,SOC SCI RES,3,0,0,0,1,0,0,0,0,0,0,2
382, ,SOURCEBOOK SOC SU,3,0,0,0,3,0,0,0,0,0,0,0
383, ,STAT SOC SCI,3,0,0,0,0,3,0,0,0,0,0,0
384, ,STUDYING LIVES TIME,3,0,0,0,0,0,0,1,2,0,0,0
385,0.205,SYNTAX SEMANTICS,3,0,0,0,0,0,0,0,0,0,0,3
386, ,TEMPERAMENT DEV,3,0,0,0,0,0,0,0,0,0,0,3
387, ,TEMPERAMENT INDIVIDU,3,0,0,0,0,0,0,3,0,0,0,0
388,1.372,THEOR PSYCHOL,3,0,0,0,0,0,2,0,0,0,1,0
389, ,THESIS HARVARD U CAM,3,0,0,0,0,0,0,0,0,0,0,3
390, ,THINKING FEELING ROL,3,3,0,0,0,0,0,0,0,0,0,0
391, ,TIME,3,0,1,0,0,0,0,0,1,0,0,1
392,0.500,Z EXP PSYCHOL,3,0,0,2,1,0,0,0,0,0,0,0
393, ,101 ANN CONV AM PSYC,2,0,0,0,0,0,0,0,2,0,0,0
394, ,102 ANN CONV AM PSYC,2,0,0,0,0,0,0,2,0,0,0,0
395, ,106 ANN CONV AM PSYC,2,0,0,2,0,0,0,0,0,0,0,0
396, ,107 ANN CONV AM PSYC,2,0,2,0,0,0,0,0,0,0,0,0
397, ,26 INT C PSYCH MONTR,2,0,0,0,0,2,0,0,0,0,0,0
398,3.912,ACAD MANAGE REV,2,0,1,0,0,0,0,0,0,0,0,1
399, ,ACCULTURATION THEOR,2,0,0,0,0,0,0,0,0,0,0,2
400, ,ACHIEVEMENT MOTIVATI,2,0,0,0,0,0,0,0,0,2,0,0
401, ,ACTS MEANING,2,0,0,0,0,0,0,0,0,0,0,2
402, ,ADAPTION LEVEL THEOR,2,0,0,0,0,0,0,0,0,0,0,2
403, ,ADV CRIMINOLOGICAL T,2,0,0,0,1,0,0,0,0,1,0,0
404, ,ADV PERSONALITY ASSE,2,0,0,0,0,0,1,0,0,1,0,0
405, ,ADV PSYCHOL SCI,2,0,0,2,0,0,0,0,0,0,0,0
406, ,AFFECT COGNITION 17,2,0,0,0,0,0,0,0,0,0,0,2
407, ,AFFECT IMAGERY CONSC,2,0,0,0,0,0,0,0,0,0,0,2
408, ,AFFIRMATIVE ACTION P,2,0,0,0,0,0,0,0,0,0,0,2
409, ,AGGRESSION ITS CAUSE,2,0,0,0,0,0,0,0,2,0,0,0
410, ,AGGRESSION THEORETIC,2,0,0,0,0,0,0,0,0,0,0,2
411, ,AGGRESSIVE BEHAV CUR,2,0,0,0,0,0,0,2,0,0,0,0
412,0.710,AM ANTHROPOL,2,0,0,0,0,0,0,0,0,0,0,2
413,6.577,AM J PSYCHIAT,2,0,0,0,0,0,0,0,1,0,0,1
414, ,AMOS USERS GUIDE VER,2,0,0,0,2,0,0,0,0,0,0,0
415, ,ANN HUM GENET,2,0,0,0,0,0,0,0,0,0,0,2
416, ,ANN M E PSYCH ASS BO,2,0,1,0,0,0,0,0,0,0,0,1
417, ,ANN M SOC AUSTR SOC,2,0,0,2,0,0,0,0,0,0,0,0
418, ,ANN M SOC EXP SOC PS,2,0,0,2,0,0,0,0,0,0,0,0
419, ,ANN REV GERONTOLOGY,2,0,0,0,1,0,0,0,0,0,1,0
420, ,ANXIETY DISORDERS PH,2,0,0,0,0,0,0,0,0,0,0,2
421, ,ANXIETY ITS DISORDER,2,0,0,0,0,0,0,0,0,0,0,2
422,0.929,APPL COGNITIVE PSYCH,2,0,0,0,0,0,0,0,0,0,1,1
423, ,ART SCI NEGOTIATION,2,0,0,0,0,0,0,0,0,0,0,2
424,0.918,ASSESSMENT,2,0,0,0,0,0,0,2,0,0,0,0
425, ,ASSESSMENT STRATEGIE,2,0,0,0,0,0,0,0,0,0,0,2
426, ,ATTITUDE STRUCT F,2,0,0,0,0,0,0,0,0,0,0,2
427, ,ATTRACTION PARADIGM,2,0,0,0,0,0,0,0,0,0,0,2
428, ,ATTRIBUTION BASIC IS,2,0,0,0,0,0,0,0,0,0,0,2
429, ,ATTRIBUTION PROCESSE,2,0,0,2,0,0,0,0,0,0,0,0
430,0.054,AUST J EDUC,2,0,0,0,0,1,0,0,0,0,0,1
431, ,AVERSIVE INTERPERSON,2,0,0,0,2,0,0,0,0,0,0,0
432, ,BASIC APPL SOCIAL,2,0,0,0,0,0,0,0,0,0,0,2
433,0.734,BEHAV MODIF,2,0,0,0,0,0,0,0,0,0,0,2
434,1.494,BEHAV THER,2,0,1,0,0,0,0,0,0,0,0,1
435, ,BIOMETRIKA,2,0,0,0,0,0,0,0,0,0,0,2
436, ,BLACK WHITE TEST SCO,2,0,0,2,0,0,0,0,0,0,0,0
437, ,BLACKWELL HDB SOCIAL,2,2,0,0,0,0,0,0,0,0,0,0
438, ,BODY IMAGES DEV DEVI,2,0,0,0,0,0,0,0,0,0,0,2
439,0.791,BRIT J CRIMINOL,2,0,0,0,0,1,0,0,0,0,0,1
440,0.537,BRIT J EDUC PSYCHOL,2,0,0,0,0,0,0,0,0,0,0,2
441, ,CALIF PSYCHOL I,2,0,0,0,0,0,0,0,0,0,0,2
442, ,CHILD SOC,2,0,0,0,0,0,0,0,0,0,0,2
443, ,CHOICE TIME,2,0,0,0,0,0,0,0,0,2,0,0
444, ,COGNITIVE BEHAV MARI,2,0,0,0,0,0,0,0,0,0,0,2
445, ,COGNITIVE PERSPECTIV,2,0,0,0,0,0,0,0,0,0,0,2
446,1.629,COGNITIVE SCI,2,0,0,0,0,0,0,0,0,0,0,2
447, ,COGNITIVE THEOR DEP,2,0,0,0,0,0,0,0,0,0,0,2
448, ,COGNITIVE THER DE,2,0,0,0,0,0,0,0,0,0,0,2
449, ,COMMITMENT CONFLICT,2,0,0,0,0,0,0,0,0,0,0,2
450, ,COMMUN PERSUA,2,0,0,0,0,0,0,0,0,0,0,2
451, ,COMORBIDITY MOOD ANX,2,0,0,0,0,0,0,0,0,0,0,2
452,1.400,COMPR PSYCHIAT,2,0,0,0,0,0,0,0,0,0,0,2
453, ,CONFLICT AROUSAL CUR,2,0,0,0,0,0,0,0,0,0,0,2
454, ,CONSISTENCY PERSONAL,2,0,0,0,0,0,0,0,0,0,0,2
455, ,CONSTANCY CHANGE HUM,2,0,0,0,0,0,0,0,0,0,0,2
456, ,CONTROL AGGRESSION I,2,0,0,0,0,0,0,0,0,0,0,2
457, ,COPING PSYCHOL WHAT,2,0,2,0,0,0,0,0,0,0,0,0
458, ,CREATIVE COGNITION A,2,0,0,0,0,0,2,0,0,0,0,0
459, ,CULTURES CONSEQUENCE,2,0,0,0,0,0,0,0,0,0,0,2
460,2.429,CURR ANTHROPOL,2,0,1,0,0,0,0,0,0,0,0,1
461, ,CURR CONTROVERSIE,2,0,0,0,0,1,0,0,1,0,0,0
462, ,DECISION VALUES GROU,2,0,0,0,0,0,0,0,0,0,0,2
463, ,DEMYSTIFYING MENTALI,2,0,0,0,0,0,0,0,0,0,0,2
464, ,DIAGN STAT MAN MENT,2,0,0,0,0,0,0,1,0,0,0,1
465, ,DIFFERENCES MAKE DIF,2,0,0,0,0,0,0,2,0,0,0,0
466, ,DIFFERENTIATING NORM,2,0,0,0,0,0,0,2,0,0,0,0
467, ,DIMENSIONS PERSONALI,2,0,0,0,0,0,0,0,0,0,0,2
468,1.581,DISCOURSE PROCESS,2,0,0,1,0,0,0,0,0,0,0,1
469, ,DISSERT ABSTR,2,0,0,0,0,0,0,0,1,0,0,1
470, ,DUALITY HUM EXISTE,2,0,0,0,0,0,0,0,0,0,0,2
471, ,ECOL APPROACH,2,0,0,0,0,0,0,0,0,0,0,2
472, ,EFFICACY AGENCY SELF,2,0,0,0,0,0,2,0,0,0,0,0
473, ,ELEM FORMS RELIG LIF,2,0,0,0,0,0,0,0,0,0,0,2
474, ,ELIMINATING RACISM P,2,0,0,0,0,0,0,0,0,0,0,2
475, ,EMERGING FIELD PERSO,2,0,0,0,0,0,0,0,0,0,0,2
476, ,EMOTION PSYCHOTHERAP,2,0,0,0,0,0,0,0,0,0,1,1
477, ,EMOTION SOC JUDGE,2,0,0,0,0,0,0,0,0,0,2,0
478, ,EMOTIONAL CONTAGION,2,0,0,0,0,0,0,2,0,0,0,0
479, ,EMOTIONS COGNITION B,2,0,0,0,0,0,0,0,0,0,0,2
480, ,EMPIRICAL PERSPECTIV,2,0,0,0,0,0,0,2,0,0,0,0
481, ,ENHANCING ED HETEROG,2,0,0,0,2,0,0,0,0,0,0,0
482, ,ESSENTIALS BEHAV RES,2,0,0,0,0,0,0,0,0,0,1,1
483, ,EVOLUTION COOPERATIO,2,0,0,0,0,0,0,0,0,0,0,2
484, ,EXP DES PROCEDUR,2,0,0,0,0,0,2,0,0,0,0,0
485, ,EXPLORATIONS POLITIC,2,0,0,0,0,0,0,0,2,0,0,0
486, ,FAM TROUBLED TI,2,0,0,0,0,0,0,2,0,0,0,0
487, ,FRUSTRATION AGGRESS,2,0,0,0,0,0,0,0,0,0,0,2
488, ,FUNCTIONS SOC CON,2,0,0,0,0,0,0,0,0,0,0,2
489, ,GENDER INTERACTION I,2,0,0,0,0,0,0,0,0,2,0,0
490, ,GENDER THOUGHT,2,0,0,0,0,0,0,0,0,0,0,2
491, ,GENES CULT PERSON,2,0,0,0,0,0,0,0,0,0,0,2
492, ,GETTING YES NEGOTIAT,2,0,0,0,0,0,0,0,0,0,0,2
493, ,GROUP DYNAMICS,2,0,0,0,0,0,0,0,0,0,0,2
494, ,GROUP MOTIVATION SOC,2,0,0,0,0,0,0,0,2,0,0,0
495, ,HANDB ENV PSYCHOL,2,0,0,0,0,0,0,0,0,0,0,2
496, ,HANDB MOD ITEM RESP,2,0,0,0,1,1,0,0,0,0,0,0
497, ,HANDB PERSONALITY,2,0,1,0,0,0,0,0,0,0,0,1
498, ,HANDB SOC SUPPORT F,2,0,0,0,0,2,0,0,0,0,0,0
499, ,HAPPINESS PLEASURE J,2,0,0,0,0,0,2,0,0,0,0,0
500,1.076,HARVARD REV PSYCHIAT,2,0,0,0,0,1,0,0,1,0,0,0
501, ,HDB CHINESE PSYCHOL,2,0,0,0,0,2,0,0,0,0,0,0
502, ,HDB COPING THEORY RE,2,0,0,0,0,2,0,0,0,0,0,0
503, ,HDB EMOTION ADULT DE,2,0,0,0,0,2,0,0,0,0,0,0
504, ,HDB RES METHODS CLIN,2,0,0,0,0,0,0,0,0,0,0,2
505, ,HDB STRESS THEORETIC,2,0,0,0,0,0,0,0,2,0,0,0
506, ,HEARTS EYE,2,0,0,0,0,0,0,2,0,0,0,0
507, ,HUM AGGRESSION THE,2,0,0,2,0,0,0,0,0,0,0,0
508, ,HUM COMMUN,2,0,0,0,0,0,0,0,0,0,0,2
509, ,HUM EMOTIONS,2,0,0,0,0,0,0,0,0,0,0,2
510, ,HUM GROUPS SOCIAL,2,0,0,0,0,0,0,0,0,0,0,2
511, ,IMAGINATION COGNITIO,2,0,0,0,0,0,0,0,1,0,0,1
512, ,IN PRESS AM PSYCHOL,2,0,0,0,0,0,0,0,0,0,0,2
513, ,IN PRESS BLACKWELL H,2,0,0,0,0,0,0,0,0,0,0,2
514, ,IN PRESS COGNITION E,2,0,0,0,0,0,0,0,0,0,0,2
515, ,IN PRESS HDB RES MET,2,0,0,0,0,0,0,0,0,0,0,2
516, ,IN PRESS INTERPERSON,2,0,0,0,0,0,0,0,0,0,0,2
517, ,IN PRESS J CONSUMER,2,0,0,0,0,0,0,0,0,0,0,2
518, ,IN PRESS PSYCHOL LEG,2,0,0,0,0,0,0,0,0,0,0,2
519, ,IN PRESS PSYCHOL REV,2,0,0,0,0,0,0,0,0,0,0,2
520, ,IN PRESS REV GEN PSY,2,0,0,0,0,0,0,0,0,0,0,2
521, ,IN PRESS SOCIAL COGN,2,0,0,0,0,0,0,0,0,0,0,2
522, ,IN PRESS SOCIAL MIND,2,0,0,0,0,0,0,0,0,0,0,2
523, ,IN PRESS TEMPERAMENT,2,0,0,0,0,0,0,0,0,0,0,2
524, ,IN PRESS TENURE SOCI,2,0,0,0,0,0,0,0,0,0,0,2
525, ,IND PSYCHOTECHNIK,2,0,0,0,0,0,0,0,0,0,0,2
526, ,INFLUENCE SCI PRACTI,2,0,0,0,0,0,0,0,1,0,0,1
527,1.093,INFORM SYST RES,2,0,1,0,0,1,0,0,0,0,0,0
528, ,INT AFF PICT SYST DI,2,0,0,0,0,0,2,0,0,0,0,0
529, ,INT AFFECTIVE PICTUR,2,0,0,0,0,0,2,0,0,0,0,0
530,0.431,INT J AGING HUM DEV,2,0,0,0,0,0,0,0,0,0,0,2
531,1.336,INT J EAT DISORDER,2,0,1,0,1,0,0,0,0,0,0,0
532, ,INT J METHOD PSYCH,2,0,0,0,0,1,1,0,0,0,0,0
533, ,INT REV STUDIES EMOT,2,0,0,0,0,0,0,0,0,1,1,0
534,0.500,INTELLIGENCE,2,0,0,0,0,0,0,0,0,1,0,1
535, ,INTERGROUP CONFLICT,2,0,0,0,0,0,0,0,0,0,0,2
536, ,J ACOUST SOC AM,2,0,0,0,0,0,0,1,0,0,0,1
537,3.175,J AM ACAD CHILD PSY,2,0,0,0,1,1,0,0,0,0,0,0
538, ,J AM STAT ASSOC,2,0,0,0,0,0,0,0,0,0,0,2
539,1.513,J ANXIETY DISORD,2,0,0,0,1,0,0,0,0,0,0,1
540, ,J BEHAV DECISIO,2,0,0,0,0,0,0,0,0,1,0,1
541,0.549,J BIOSOC SCI,2,0,0,0,0,0,0,0,0,0,0,2
542, ,J CHINESE PHILOS,2,0,0,0,0,0,0,0,0,0,0,2
543,0.650,J COUNS DEV,2,0,0,0,0,0,0,0,0,0,0,2
544,0.567,J ECON BEHAV ORGAN,2,0,0,0,0,0,1,0,0,0,0,1
545,1.088,J EDUC BEHAV STAT,2,0,0,2,0,0,0,0,0,0,0,0
546,1.172,J EXP ANAL BEHAV,2,0,0,0,0,1,0,0,0,0,0,1
547, ,J EXP PSYCHOLOGY HU,2,0,0,0,0,0,0,0,0,0,0,2
548,0.760,J FAM VIOLENCE,2,0,0,0,0,0,1,0,0,0,0,1
549,1.102,J GERONTOL B-PSYCHOL,2,0,0,1,0,1,0,0,0,0,0,0
550,0.525,J LANG SOC PSYCHOL,2,1,0,0,0,1,0,0,0,0,0,0
551,1.235,J MANAGE,2,0,0,0,1,0,0,1,0,0,0,0
552,0.736,J POLIT,2,0,0,0,0,0,0,0,0,1,0,1
553, ,J THEOR BIOL,2,0,0,0,0,0,0,0,0,0,0,2
554,1.836,J TRAUMA STRESS,2,0,0,1,0,1,0,0,0,0,0,0
555, ,JAMA-J AM MED ASSOC,2,0,1,0,0,0,0,0,0,0,0,1
556, ,JOINT M EUR ASS EXP,2,0,0,0,0,0,0,1,0,1,0,0
557,0.122,JPN PSYCHOL RES,2,0,0,0,0,0,0,1,0,0,0,1
558, ,JUDGMENT REASONING C,2,0,0,0,0,0,0,0,0,0,0,2
559, ,LANG THOUGHT CHILD,2,0,0,0,0,0,0,0,0,0,0,2
560, ,LISREL 8 USERS REFER,2,0,0,0,0,2,0,0,0,0,0,0
561, ,LOSING CONTROL WHY P,2,0,0,0,0,0,0,2,0,0,0,0
562, ,LOVE LOVING,2,0,0,0,0,0,0,0,0,0,0,2
563, ,MAKING GRADE SELF WO,2,0,0,0,0,0,0,0,0,2,0,0
564,1.011,MANAGE SCI,2,0,0,0,0,0,0,0,0,0,1,1
565, ,MANAGER NEGOTIATOR B,2,0,0,0,0,0,0,0,0,0,0,2
566, ,MARSHALING SOC SU,2,0,0,0,0,0,0,0,0,0,0,2
567, ,MATH THEOR COMMUNIC,2,0,0,0,0,0,0,0,0,0,0,2
568, ,MED PSYCHOL PHYSL SE,2,0,0,0,0,0,0,0,0,0,0,2
569, ,MEL PROF USE,2,0,0,0,0,0,2,0,0,0,0,0
570, ,MEMORY SOC COGNIT,2,0,0,0,0,0,0,0,0,0,0,2
571, ,MESSAGE SOC PSYCH,2,0,0,0,2,0,0,0,0,0,0,0
572, ,METHODS MODELS STUDY,2,0,0,2,0,0,0,0,0,0,0,0
573, ,MICE MEN BRIDGING GA,2,0,0,2,0,0,0,0,0,0,0,0
574, ,MONOGR SOC R 209,2,0,0,0,0,0,0,0,0,0,0,2
575, ,MULTILEVEL ANAL INTR,2,0,2,0,0,0,0,0,0,0,0,0
576, ,MULTILEVEL STAT MODE,2,0,0,0,0,0,2,0,0,0,0,0
577, ,MULTIVAR TAXOMET,2,0,0,2,0,0,0,0,0,0,0,0
578, ,MX STAT MODELING,2,0,0,0,1,0,1,0,0,0,0,0
579, ,NAT EMOTION,2,0,0,0,0,0,0,2,0,0,0,0
580, ,NAT HUM VALUES,2,0,0,0,0,0,0,0,0,0,0,2
581, ,NEBR S MOT LINC,2,0,0,0,0,0,0,0,0,0,0,2
582, ,NEGOTIATION BEHAV,2,0,0,0,0,0,0,0,0,0,0,2
583, ,NEGOTIATION SOC C,2,0,0,0,0,0,0,0,2,0,0,0
584, ,NEO PERSONALITY INVE,2,0,0,0,0,0,0,0,0,0,0,2
585, ,NEW YORK TIMES,2,0,0,1,0,0,0,0,1,0,0,0
586, ,OBJECT RELATIONS PSY,2,0,0,0,0,0,0,0,0,0,0,2
587, ,OMEGA,2,0,0,0,0,0,0,0,0,1,0,1
588, ,ONT SYMP P,2,0,0,0,0,0,0,2,0,0,0,0
589, ,ORIGINS FEAR,2,0,0,0,0,0,0,0,0,0,0,2
590, ,P 8 C INT SOC RES EM,2,0,0,0,0,1,0,1,0,0,0,0
591, ,P NATL ACAD SCI USA,2,0,0,0,0,0,0,0,0,0,0,2
592, ,PARALLEL DISTRIBUTED,2,0,0,0,0,0,0,0,0,0,0,2
593, ,PARENTAL BELIEF SYST,2,0,0,0,0,0,0,0,0,2,0,0
594,1.733,PERS PSYCHOL,2,0,0,0,0,0,0,0,0,0,2,0
595, ,PERSONAL CAUSATION I,2,0,0,0,0,0,0,0,0,0,0,2
596, ,PERSONALITY ROLES SO,2,0,0,0,0,0,0,0,0,0,0,2
597, ,PERSONALITY STRUCT,2,0,0,0,0,0,0,0,0,0,0,2
598, ,PERSONALITY SYST,2,0,0,0,0,0,0,0,0,0,0,2
599, ,PHILA IN 0927,2,0,0,0,2,0,0,0,0,0,0,0
600, ,POLLYANNA PRINCIPLE,2,0,0,0,0,0,0,0,0,0,0,2
601, ,POSITIVE ILLUSIONS C,2,0,0,0,0,0,0,0,0,0,0,2
602, ,PRELIS,2,0,0,0,0,0,0,0,2,0,0,0
603, ,PRINCIPLES PSYCHOPHY,2,0,0,0,0,0,0,0,0,0,0,2
604, ,PROG ASIAN SOCIAL P,2,0,0,0,2,0,0,0,0,0,0,0
605, ,PROG EXP PERSONALI,2,0,0,0,0,0,0,0,0,0,0,2
606,1.709,PSYCHIAT CLIN N AM,2,0,0,0,0,0,1,1,0,0,0,0
607, ,PSYCHOBIOLOGY PERSON,2,0,0,0,0,0,0,0,0,0,2,0
608, ,PSYCHOL CONSERVATISM,2,0,0,0,0,0,0,0,0,0,0,2
609, ,PSYCHOL GROUP INFLUE,2,0,0,0,0,0,0,0,0,0,0,2
610, ,PSYCHOL ISSUES,2,0,0,0,0,0,0,0,0,0,0,2
611, ,PSYCHOL LEARN MOTIV,2,0,0,0,0,0,0,0,0,0,0,2
612,0.363,PSYCHOL MARKET,2,0,0,0,0,2,0,0,0,0,0,0
613, ,PSYCHOL MONOGR G,2,0,0,0,0,0,0,0,0,0,0,2
614, ,PSYCHOL PERSONAL CON,2,0,0,0,0,0,0,0,0,0,0,2
615, ,PSYCHOL POLITICS,2,0,0,0,0,0,0,0,0,0,0,2
616,0.159,PSYCHOLOGY,2,0,0,0,0,0,0,0,0,0,0,2
617, ,PSYCHON SCI,2,0,0,0,0,0,0,0,0,0,0,2
618, ,PYGMALION CLASSROOM,2,0,0,0,0,0,0,0,0,0,0,2
619, ,Q J STUD ALCOHOL,2,0,0,0,0,0,0,0,0,0,0,2
620, ,QUEER SCI USE ABUSE,2,0,0,0,0,2,0,0,0,0,0,0
621, ,RATIONALITY COGNITIO,2,0,0,0,0,0,0,0,0,0,2,0
622, ,READINGS SOC PSYC,2,0,0,0,0,0,0,0,0,0,0,2
623, ,RELATIONSHIPS PERCEP,2,0,0,0,0,0,0,0,0,0,0,2
624, ,RES COMMUNITY MENTAL,2,0,0,0,0,0,0,0,0,0,0,2
625, ,RES NEGOTIATION ORG,2,0,0,0,0,0,0,0,0,0,0,2
626, ,RESOLUTION CONFLICT,2,0,0,0,0,0,0,0,0,0,0,2
627,2.088,REV EDUC RES,2,0,0,0,0,0,0,0,0,1,0,1
628, ,SAS STAT SOFTW CHANG,2,0,0,0,2,0,0,0,0,0,0,0
629, ,SAS SYST MIXED MOD,2,0,0,0,0,2,0,0,0,0,0,0
630,1.424,SCHOOL PSYCHOL REV,2,0,0,1,0,0,0,0,0,0,0,1
631, ,SCI PRACTICE COGNITI,2,0,0,0,2,0,0,0,0,0,0,0
632, ,SECURE BASE CLIN APP,2,0,0,0,0,0,0,0,0,0,0,2
633, ,SELF IDENTITY PSYCHO,2,0,0,0,0,0,0,0,0,0,0,2
634, ,SELF REGULATION BEHA,2,0,0,2,0,0,0,0,0,0,0,0
635, ,SELFISH GENE,2,0,0,0,0,0,0,0,0,0,0,2
636, ,SEX DIFFERENCES SOCI,2,0,0,0,0,0,0,0,0,0,0,2
637, ,SEX PERSONALITY,2,0,0,0,0,0,0,0,0,0,0,2
638, ,SEX POWER CONFLICT,2,0,0,0,0,2,0,0,0,0,0,0
639, ,SEXUAL BEHAV HUMAN M,2,0,0,0,0,0,0,0,0,0,0,2
640, ,SHYNESS PERSPECTIVES,2,0,0,0,0,0,0,0,0,0,0,2
641, ,SOC APPL ASPECTS,2,0,0,0,0,0,0,0,0,0,0,2
642, ,SOC COGNITION ONT,2,0,0,0,0,0,0,0,0,0,0,2
643, ,SOC COGNITION SOC,2,0,0,0,0,0,0,0,0,0,0,2
644, ,SOC COMPARISON PR,2,0,0,0,0,0,0,0,0,0,0,2
645, ,SOC COMPARISON SO,2,0,0,0,0,0,0,0,0,0,0,2
646, ,SOC CONFLICT ESCA,2,0,0,0,0,0,0,1,0,0,0,1
647, ,SOC CONSTRUCTION,2,0,0,0,0,0,0,0,0,0,0,2
648, ,SOC DILEMMAS PERS,2,0,0,0,0,0,2,0,0,0,0,0
649, ,SOC DIMENSION,2,0,0,0,0,0,0,0,0,0,0,2
650, ,SOC DIMENSION EUR,2,0,0,0,0,0,0,0,0,0,0,2
651, ,SOC FDN THOUGHT A,2,0,0,0,0,0,0,0,0,0,0,2
652, ,SOC INFLUENCE ONT,2,0,0,0,0,0,0,0,0,0,0,2
653, ,SOC INFLUENCE SOC,2,0,0,0,0,0,0,0,1,0,0,1
654, ,SOC JUSTICE RES,2,0,0,0,0,1,0,1,0,0,0,0
655, ,SOC LEARN THEO,2,0,0,0,0,0,0,0,0,0,0,2
656, ,SOC ORG SEXUALITY,2,0,0,0,0,0,0,2,0,0,0,0
657,1.085,SOC PROBL,2,0,0,0,0,0,0,0,1,1,0,0
658, ,SOC PROCESSES CLI,2,0,0,0,0,0,0,0,0,0,0,2
659,1.622,SOC PSYCH PSYCH EPID,2,0,0,0,1,0,0,0,0,0,0,1
660, ,SOC PSYCHOL EMOTI,2,0,2,0,0,0,0,0,0,0,0,0
661, ,SOC PSYCHOPHYSIOL,2,0,0,0,0,0,0,0,0,0,0,2
662,1.691,SOC SCI MED,2,0,0,0,1,0,0,0,0,0,0,1
663, ,STAT ABSTR US,2,0,0,0,0,1,0,0,0,0,0,1
664, ,STAT METHODS PSYCHOL,2,0,0,0,0,0,0,0,0,1,0,1
665, ,STAT THEORIES MENTAL,2,0,0,0,0,0,0,0,0,0,0,2
666, ,STEREOTYPE ACCURACY,2,0,0,0,0,0,2,0,0,0,0,0
667, ,STRAIGHT DEVIOUS PAT,2,0,0,0,0,0,0,0,0,0,0,2
668, ,STRATEGY CONFLICT,2,0,0,0,0,0,0,0,0,0,0,2
669, ,STRUCT EQUATIONS,2,0,0,0,0,0,0,0,0,0,0,2
670, ,STRUCT PSYCHOL WE,2,0,0,0,0,0,0,0,0,0,0,2
671, ,STUDYING INTERPERSON,2,0,0,0,0,0,0,0,0,0,2,0
672, ,SYMBOLIC SELF COMPLE,2,0,0,0,0,0,0,0,0,0,0,2
673, ,TEMPERAMENT EARLY DE,2,0,0,0,0,0,0,0,0,0,0,2
674, ,TEMPERAMENT THEOR P,2,0,0,0,0,0,0,0,0,0,0,2
675, ,THER TECHNIQUE,2,0,0,0,0,0,0,0,0,0,0,2
676, ,THESIS COLUMBIA U,2,0,1,1,0,0,0,0,0,0,0,0
677, ,THESIS STANFORD U,2,0,0,0,0,1,0,1,0,0,0,0
678, ,THESIS U QUEENSLAND,2,0,0,0,0,0,0,2,0,0,0,0
679, ,THINKING CLEARLY PSY,2,0,0,0,0,0,0,0,0,0,2,0
680, ,TIMS STUD MANAGEM,2,0,0,0,0,0,0,0,0,0,0,2
681, ,TREATISE HUM NATUR,2,0,0,0,0,0,0,0,0,0,0,2
682, ,UNCOMMON SENSE HERET,2,0,0,0,0,0,0,0,2,0,0,0
683, ,UNDERSTANDING ATTITU,2,0,0,0,0,0,0,0,0,0,0,2
684, ,UNDERSTANDING GROUP,2,0,0,0,0,2,0,0,0,0,0,0
685, ,UNPUB ATTACHMENT CON,2,0,1,1,0,0,0,0,0,0,0,0
686, ,UNPUB BRIEF MANUAL M,2,0,0,0,0,0,0,0,0,0,0,2
687, ,UNPUB BRIEF TEMPERAM,2,0,1,0,0,0,1,0,0,0,0,0
688, ,UNPUB CULTURAL PSYCH,2,0,0,0,2,0,0,0,0,0,0,0
689, ,UNPUB DEV VALIDATION,2,0,0,1,0,0,0,0,1,0,0,0
690, ,UNPUB EFFECTS SOCIAL,2,0,0,2,0,0,0,0,0,0,0,0
691, ,UNPUB ILLUSION TRANS,2,1,1,0,0,0,0,0,0,0,0,0
692, ,UNPUB IMPLICIT EXPLI,2,1,1,0,0,0,0,0,0,0,0,0
693, ,UNPUB MANUAL SELF PE,2,0,0,0,0,0,0,0,0,0,0,2
694, ,UNPUB MASCULINITY FE,2,0,0,0,0,2,0,0,0,0,0,0
695, ,UNPUB RELIABILITY VA,2,0,0,1,0,0,0,0,0,0,0,1
696, ,UNPUB UNDERSTANDING,2,0,2,0,0,0,0,0,0,0,0,0
697, ,USING MULTIVAR S,2,0,0,0,0,0,0,0,0,0,0,2
698, ,VALUES KNOWLEDGE,2,0,0,0,0,2,0,0,0,0,0,0
699, ,WAYS THINKING E PEOP,2,0,0,0,0,0,0,0,0,0,0,2
700, ,WHAT FACE REVEALS,2,0,0,0,2,0,0,0,0,0,0,0
701, ,WHAT PREDICTS DIVORC,2,0,0,0,0,0,0,2,0,0,0,0
702, ,WHITE BEARS OTHER UN,2,0,0,0,0,0,0,0,0,0,0,2
703, ,WHY WE EVALUATE FUNC,2,1,1,0,0,0,0,0,0,0,0,0
704, ,WORK MOTIV,2,0,0,0,0,0,0,0,0,0,0,2
705, ,WORRYING PERSPECT,2,0,0,0,0,0,0,2,0,0,0,0
Copyright Â© 2018 Clarivate Analytics,,,,,,,,,,,,,,
"By exporting the selected data, you agree to the data usage policy set forth in the Terms of Use",,,,,,,,,,,,,,
