Cited Journal Data: COGNITION,,,,,,,,,,,,,,
,Impact Factor,Citing Journal,All Yrs,2014,2013,2012,2011,2010,2009,2008,2007,2006,2005,Rest
1,,ALL Journals,13506,132,514,641,764,890,820,1643,578,478,521,6525
2,,ALL OTHERS (501),501,5,12,16,31,23,22,45,10,24,13,300
3,2.560,FRONT PSYCHOL,996,26,57,52,60,66,46,122,52,39,36,440
4,,PLOS ONE,578,9,33,27,48,53,37,88,32,20,16,215
5,3.479,COGNITION,482,10,30,26,46,38,38,56,18,18,23,179
6,,FRONT HUM NEUROSCI,430,4,23,18,17,33,20,63,29,25,19,179
7,,LANG COGN NEUROSCI,292,1,5,4,7,19,13,28,25,8,13,169
8,2.549,J EXP CHILD PSYCHOL,196,3,13,7,16,15,19,29,13,5,4,72
9,2.127,Q J EXP PSYCHOL,193,0,6,8,11,15,13,39,6,3,8,84
10,3.302,NEUROPSYCHOLOGIA,187,4,5,12,10,11,15,22,11,7,9,81
11,3.808,DEVELOPMENTAL SCI,178,0,4,15,14,13,16,22,18,7,9,60
12,5.929,J EXP PSYCHOL GEN,166,0,3,11,11,12,11,36,9,3,5,65
13,4.237,J MEM LANG,165,1,4,3,8,8,16,16,11,5,9,84
14,,PHILOS T R SOC B,161,2,8,8,3,11,13,22,8,4,9,73
15,4.141,DEV PSYCHOL,160,0,5,3,18,9,5,20,5,9,8,78
16,3.358,J EXP PSYCHOL HUMAN,160,2,9,10,8,14,8,29,4,9,6,61
17,4.061,CHILD DEV,158,0,2,9,15,6,10,26,7,5,12,66
18,3.369,PSYCHON B REV,154,1,4,8,14,16,12,32,6,1,6,54
19,2.248,ACTA PSYCHOL,153,3,9,6,12,15,17,21,6,8,6,50
20,2.446,COGNITIVE SCI,148,1,6,7,15,9,13,15,6,3,5,68
21,2.862,J EXP PSYCHOL LEARN,147,0,12,9,7,8,9,21,8,1,7,65
22,5.064,COGNITIVE PSYCHOL,142,1,4,6,9,7,6,18,6,2,9,74
23,,NEUROIMAGE,132,2,3,7,3,7,6,11,3,2,7,81
24,4.085,J COGNITIVE NEUROSCI,108,0,3,3,4,6,4,9,5,2,1,71
25,,CORTEX,103,0,3,4,2,7,4,13,1,4,1,64
26,1.598,J CHILD LANG,102,0,2,3,1,4,1,15,4,3,7,62
27,2.168,ATTEN PERCEPT PSYCHO,101,1,9,11,10,5,7,12,5,3,3,35
28,1.941,CONSCIOUS COGN,99,0,4,9,3,13,2,13,4,3,11,37
29,,J VISION,98,1,11,8,5,7,4,14,4,2,1,41
30,1.887,RES DEV DISABIL,95,1,2,0,4,10,1,6,11,2,2,56
31,3.215,BRAIN LANG,94,0,1,5,2,6,8,7,1,3,1,60
32,4.940,PSYCHOL SCI,91,1,2,6,5,10,7,21,3,0,2,34
33,0.647,LINGUA,85,0,1,0,3,5,2,5,4,5,3,57
34,,P NATL ACAD SCI USA,83,3,6,8,5,7,5,10,3,3,2,31
35,2.457,MEM COGNITION,80,0,5,6,6,6,4,15,4,2,2,30
36,1.612,LANG LEARN,78,0,4,3,3,5,3,6,7,4,2,41
37,1.869,WIRES COGN SCI,77,2,7,3,4,5,8,5,2,0,3,38
38,21.965,TRENDS COGN SCI,75,4,6,10,4,6,8,9,2,1,1,24
39,,ANIM COGN,73,0,4,1,11,1,2,8,3,4,8,31
40,1.683,J COGN DEV,73,0,0,2,3,0,9,9,4,1,5,40
41,,DEV PSYCHOBIOL,70,1,1,1,4,2,6,14,2,5,1,33
42,,EXP BRAIN RES,68,0,2,5,8,6,4,16,2,1,4,20
43,,COGN AFFECT BEHAV NE,67,1,1,11,6,10,5,9,1,0,2,21
44,2.863,PSYCHOL RES-PSYCH FO,67,0,1,4,6,9,7,10,1,4,2,23
45,1.431,J COGN PSYCHOL,66,0,5,4,3,7,4,14,0,5,2,22
46,2.009,BILING-LANG COGN,65,0,0,2,5,2,6,14,4,1,2,29
47,1.512,APPL PSYCHOLINGUIST,64,0,0,4,3,3,6,6,2,3,3,34
48,,FRONT NEUROSCI-SWITZ,64,2,4,2,1,4,3,6,0,5,2,35
49,4.000,DEV REV,63,2,2,0,2,1,4,10,5,0,3,34
50,,J NEUROSCI,61,0,3,5,4,9,5,9,0,0,4,22
51,2.172,COGNITIVE DEV,60,1,1,4,7,3,4,7,5,2,1,25
52,3.063,TOP COGN SCI,59,0,1,2,3,8,8,6,4,3,2,22
53,2.200,THINK REASONING,58,0,5,7,3,1,5,10,0,1,0,26
54,3.665,J AUTISM DEV DISORD,57,0,1,0,3,1,4,4,0,1,2,41
55,2.070,J SPEECH LANG HEAR R,57,0,0,2,2,7,2,5,2,4,2,31
56,20.771,BEHAV BRAIN SCI,54,2,2,2,3,1,3,4,3,4,2,28
57,,HUM BRAIN MAPP,54,0,1,1,2,6,0,1,1,2,1,39
58,7.372,SOC COGN AFFECT NEUR,54,0,0,3,4,4,3,4,0,4,1,31
59,1.388,COGN PROCESS,53,4,1,1,3,6,2,9,1,2,2,22
60,0.633,J PSYCHOLINGUIST RES,53,0,0,0,0,2,1,2,1,1,4,42
61,14.756,PSYCHOL BULL,52,1,2,5,5,1,7,1,2,0,2,26
62,1.040,LANG SPEECH,51,0,0,0,0,2,3,2,4,0,3,37
63,1.598,J PHONETICS,47,0,2,0,1,4,3,7,1,1,1,27
64,,NEUROSCI BIOBEHAV R,47,0,3,5,0,1,5,8,1,2,4,18
65,2.086,INFANCY,46,0,1,1,2,2,4,5,7,1,5,18
66,,FRONT BEHAV NEUROSCI,43,2,1,0,0,3,3,6,1,1,1,25
67,2.073,COGN NEUROPSYCHOL,42,0,2,0,0,3,3,1,1,2,0,30
68,1.089,MIND LANG,42,0,2,2,3,2,3,6,3,3,0,18
69,2.964,PSYCHOL LEARN MOTIV,42,1,1,1,2,2,5,10,0,0,0,20
70,2.841,BRIT J DEV PSYCHOL,41,0,2,4,6,1,3,4,1,1,1,18
71,0.906,PERCEPTION,41,0,2,1,2,0,3,6,1,2,3,21
72,1.349,INFANT BEHAV DEV,40,0,0,2,0,1,3,5,2,0,4,23
73,,VISION RES,39,0,3,4,2,5,1,3,3,1,1,16
74,0.739,SYNTHESE,38,0,1,2,0,4,2,5,2,1,1,20
75,2.477,BRAIN COGNITION,37,1,2,2,3,0,2,7,2,2,2,14
76,2.212,RES AUTISM SPECT DIS,37,0,0,0,0,1,4,3,0,0,0,29
77,,BRAIN RES,35,0,1,1,2,2,3,2,0,1,1,22
78,,CEREB CORTEX,35,0,0,1,1,1,3,1,1,0,1,26
79,1.083,LANG ACQUIS,35,0,1,1,4,0,1,1,4,0,0,23
80,1.400,FIRST LANG,34,0,0,0,0,1,2,4,1,1,1,24
81,6.250,PSYCHOL INQ,34,0,3,2,2,2,3,10,0,1,0,11
82,2.344,J COMP PSYCHOL,33,0,0,4,4,0,3,5,1,2,1,13
83,1.489,J NEUROLINGUIST,33,0,0,1,0,1,0,2,2,0,0,27
84,,PHYS LIFE REV,33,0,2,1,2,3,4,5,3,1,5,7
85,1.321,APPL COGNITIVE PSYCH,32,0,2,3,4,3,2,9,1,0,1,7
86,0.831,COGN SYST RES,31,0,1,0,0,3,2,1,4,0,3,17
87,2.076,EXP PSYCHOL,31,0,0,4,0,6,3,4,1,1,3,9
88,1.521,JUDGM DECIS MAK,30,0,1,4,1,3,2,6,0,2,0,11
89,1.634,READ WRIT,30,0,0,1,0,0,0,4,0,2,1,22
90,1.567,BEHAV PROCESS,29,0,1,2,4,0,0,0,0,1,2,19
91,2.241,DEV NEUROPSYCHOL,29,0,0,1,3,3,2,5,1,1,0,13
92,3.383,EMOTION,29,0,0,3,3,4,6,3,1,0,2,7
93,1.621,LEARN INDIVID DIFFER,29,0,0,0,2,5,1,4,3,1,0,13
94,2.000,MUSIC PERCEPT,29,0,0,1,0,0,0,1,3,9,1,14
95,2.928,BEHAV RES METHODS,28,0,1,4,0,1,4,5,3,1,1,8
96,3.403,BIOL PSYCHOL,28,0,0,1,1,2,2,1,0,1,0,20
97,2.941,SCI STUD READ,28,0,2,2,0,1,1,2,2,0,0,18
98,1.921,VIS COGN,28,0,4,2,1,1,2,6,1,1,1,9
99,1.316,INT J BEHAV DEV,27,0,1,0,1,2,2,3,2,0,1,15
100,2.285,J EXP SOC PSYCHOL,26,1,2,4,2,1,4,6,0,0,2,4
101,1.688,MEMORY,26,0,0,5,0,9,0,2,0,0,0,10
102,3.130,EVOL HUM BEHAV,25,0,4,1,5,2,2,1,0,2,0,8
103,,J ACOUST SOC AM,25,0,2,0,0,2,0,4,1,2,0,14
104,5.031,J PERS SOC PSYCHOL,25,0,1,0,3,3,1,6,0,2,0,9
105,2.173,PSYCHOL MUSIC,25,0,0,0,0,2,0,1,1,10,3,8
106,,APHASIOLOGY,24,0,0,0,1,1,0,0,1,0,0,21
107,,BRAIN,24,0,1,0,0,1,0,2,1,0,0,19
108,3.264,CHILD DEV PERSPECT,24,0,2,2,1,2,1,3,1,1,2,9
109,,P ROY SOC B-BIOL SCI,24,0,2,1,2,2,1,3,0,3,0,10
110,,SCI REP-UK,24,1,1,0,1,2,2,3,1,1,2,10
111,,TOPOI-INT REV PHILOS,24,0,1,2,2,2,1,7,1,0,3,5
112,2.201,COGNITION EMOTION,23,0,1,5,1,6,3,0,1,1,0,5
113,,CURR OPIN NEUROBIOL,23,0,3,0,3,5,2,1,2,0,2,5
114,0.826,LANG SCI,23,0,0,2,1,1,1,3,1,2,4,8
115,3.269,NEUROPSYCHOLOGY,23,0,0,0,2,2,2,1,1,1,1,13
116,1.444,NEW IDEAS PSYCHOL,23,0,0,0,2,0,2,3,0,0,1,15
117,1.368,SECOND LANG RES,23,0,0,0,1,0,2,4,0,0,0,16
118,1.444,ANN DYSLEXIA,22,0,0,0,0,3,0,2,3,2,0,12
119,1.175,COGN LINGUIST,22,0,2,0,0,1,2,4,0,1,0,12
120,0.500,JPN PSYCHOL RES,22,0,0,2,0,3,1,4,2,0,0,10
121,1.884,LANGUAGE,22,0,0,1,1,0,0,0,1,1,1,17
122,2.986,PSYCHOPHYSIOLOGY,22,0,1,3,1,3,3,3,1,1,1,5
123,,HEARING RES,21,0,0,0,0,1,0,1,0,1,0,18
124,0.831,J PRAGMATICS,21,0,0,1,1,1,0,5,1,0,0,12
125,,BEHAV BRAIN RES,20,0,1,0,0,1,2,2,1,0,1,12
126,1.389,EVOL PSYCHOL-US,20,1,0,2,0,0,2,2,1,2,0,10
127,1.473,J RES READ,20,0,0,0,0,0,0,0,1,0,3,16
128,4.330,AUTISM RES,19,0,0,1,3,0,0,3,1,0,1,10
129,,BEHAVIOUR,19,0,2,1,5,0,1,3,0,1,0,6
130,1.733,DYSLEXIA,19,0,0,0,0,1,0,2,1,1,0,14
131,7.972,PSYCHOL REV,19,0,2,0,1,1,1,2,3,1,1,7
132,1.581,ADV CHILD DEV BEHAV,18,0,1,0,1,1,3,0,1,1,0,10
133,,DEV COGN NEUROS-NETH,18,0,0,0,1,1,1,2,1,2,1,9
134,3.518,J EDUC PSYCHOL,18,0,1,1,0,0,0,1,2,1,1,11
135,1.949,J EXP PSYCHOL-ANIM L,18,0,1,2,3,0,0,0,3,0,1,8
136,1.533,METAPHOR SYMBOL,18,0,0,2,0,2,1,1,2,0,2,8
137,9.546,PERSPECT PSYCHOL SCI,18,0,1,0,0,2,3,0,0,0,2,10
138,0.784,PHILOS PSYCHOL,18,0,0,1,2,2,1,3,0,0,0,9
139,,PROCD SOC BEHV,18,0,1,1,0,4,0,1,0,1,0,10
140,,SPEECH COMMUN,18,0,0,2,1,0,1,1,0,1,2,10
141,,NEUROINFORMATICS,17,0,0,0,0,1,1,1,0,0,0,14
142,0.842,ECOL PSYCHOL,16,0,0,1,1,2,1,3,0,0,2,6
143,,ERKENNTNIS,16,0,0,1,0,0,0,0,0,0,0,15
144,,FRONT COMPUT NEUROSC,16,0,0,3,0,0,0,0,1,0,1,11
145,,PLOS COMPUT BIOL,16,0,1,1,1,1,4,4,0,0,0,4
146,2.467,PSYCHIAT RES,16,0,0,0,0,0,1,1,0,0,2,12
147,,SOC NEUROSCI-UK,16,0,2,1,3,1,0,3,1,2,0,3
148,2.561,SOC PSYCHOL PERS SCI,16,0,3,1,5,2,0,3,0,0,1,1
149,1.556,STUD SECOND LANG ACQ,16,0,1,1,0,4,0,3,1,1,0,5
150,2.694,COMPUT HUM BEHAV,15,0,1,2,3,1,0,1,0,2,0,5
151,1.140,ETHICS,15,0,0,2,3,0,3,4,0,0,0,3
152,1.179,INFANT CHILD DEV,15,1,0,0,2,0,1,4,1,0,0,6
153,2.882,INT J PSYCHOPHYSIOL,15,0,0,0,0,2,1,0,1,1,0,10
154,6.459,J CHILD PSYCHOL PSYC,15,0,1,2,1,0,1,2,0,3,0,5
155,,PHENOMENOL COGN SCI,15,0,0,0,0,0,4,2,2,1,1,5
156,,ANN NY ACAD SCI,14,0,1,0,0,1,1,3,1,1,1,5
157,,BEHAV NEUROL,14,0,0,0,0,0,2,3,0,0,0,9
158,1.721,EUR J DEV PSYCHOL,14,0,0,1,0,0,0,1,0,0,2,10
159,0.697,INT J BILINGUAL,14,0,0,1,0,1,0,3,0,0,0,9
160,1.244,INTERACT STUD,14,0,0,1,0,1,1,1,1,1,0,8
161,,LECT NOTES COMPUT SC,14,0,0,0,1,2,3,2,0,0,0,6
162,2.909,PERS SOC PSYCHOL B,14,1,1,1,2,3,0,3,0,1,0,2
163,3.923,SCHIZOPHR RES,14,0,0,0,1,0,0,2,0,0,0,11
164,0.619,AM J PSYCHOL,13,0,0,0,3,0,2,2,1,1,0,4
165,1.594,AM J SPEECH-LANG PAT,13,0,1,0,0,0,1,2,0,0,2,7
166,1.218,CAN J EXP PSYCHOL,13,0,2,2,0,0,0,2,0,1,0,6
167,5.678,CURR DIR PSYCHOL SCI,13,3,0,1,2,0,2,3,0,0,0,2
168,4.979,HARVARD LAW REV,13,0,0,0,0,0,0,1,0,0,0,12
169,1.901,J LEARN DISABIL-US,13,0,0,2,0,0,1,1,1,1,0,7
170,0.441,PSICOLOGICA,13,0,2,1,0,1,0,2,2,0,2,3
171,0.778,SWISS J PSYCHOL,13,0,0,1,1,2,0,2,0,0,2,5
172,0.504,AN PSICOL-SPAIN,12,0,0,0,0,0,0,2,1,1,1,7
173,0.440,ANN PSYCHOL,12,0,0,1,0,1,0,1,0,0,0,9
174,0.887,DISCOURSE PROCESS,12,0,1,1,1,1,0,2,0,0,0,6
175,,FRONT NEUROROBOTICS,12,0,0,1,1,0,0,1,1,0,1,7
176,3.245,INTELLIGENCE,12,0,0,2,1,0,0,2,2,1,0,4
177,,J INTEGR NEUROSCI,12,0,0,0,1,0,0,0,0,3,1,7
178,,NEURON,12,1,0,0,1,0,3,1,0,0,0,6
179,,PHILOS STUD,12,0,0,1,1,0,1,1,0,0,0,8
180,1.057,SCAND J PSYCHOL,12,0,0,0,1,0,2,1,0,1,0,7
181,1.532,SOC COGNITION,12,1,1,0,1,2,0,3,0,0,0,4
182,0.857,SPAT COGN COMPUT,12,0,1,0,2,1,0,1,0,0,0,7
183,1.803,AGING NEUROPSYCHOL C,11,0,0,0,1,1,3,3,1,1,0,1
184,0.593,BIOSEMIOTICS-NETH,11,0,0,2,0,0,0,0,0,0,5,4
185,,BRAIN STRUCT FUNCT,11,0,0,0,0,2,0,0,3,2,0,4
186,,COGN COMPUT,11,0,0,0,1,0,0,0,0,2,0,8
187,3.240,DEV PSYCHOPATHOL,11,0,0,0,0,0,4,0,1,1,0,5
188,1.671,EARLY CHILD RES Q,11,0,0,2,0,0,1,2,1,0,0,5
189,1.788,HUM DEV,11,0,2,1,2,0,2,0,0,0,0,4
190,2.069,J BEHAV DECIS MAKING,11,0,0,1,0,3,1,2,1,0,0,3
191,2.609,J MATH PSYCHOL,11,0,0,0,2,0,0,1,0,0,0,8
192,,J NEUROPHYSIOL,11,0,0,1,0,1,0,0,1,0,1,7
193,,J NEUROSCI METH,11,0,1,0,1,3,0,1,0,0,0,5
194,1.156,REV GEN PSYCHOL,11,1,1,1,0,0,2,3,0,0,0,3
195,,SCIENCE,11,1,0,2,1,1,1,1,0,0,0,4
196,,SHS WEB CONF,11,0,0,0,0,0,0,2,0,0,1,8
197,0.522,AM ANN DEAF,10,1,0,0,2,1,0,1,1,1,0,3
198,0.320,EMPIR STUD ARTS,10,0,0,0,0,1,0,1,1,0,0,7
199,2.083,J CLIN EXP NEUROPSYC,10,0,0,0,0,0,0,0,0,1,1,8
200,0.578,J CONSCIOUSNESS STUD,10,1,0,0,0,2,0,0,0,0,0,7
201,3.125,J CONSUM RES,10,0,0,0,0,0,1,2,0,0,0,7
202,1.929,J CROSS CULT PSYCHOL,10,0,0,0,1,0,0,1,0,2,0,6
203,1.500,LANG VAR CHANGE,10,0,1,1,1,0,0,1,2,0,0,4
204,,LANGUE FRANCAISE,10,0,0,0,0,0,0,0,0,0,3,7
205,1.744,MOTIV EMOTION,10,0,0,0,0,3,0,1,0,0,0,6
206,,NEUROSCIENCE,10,0,0,1,0,1,1,1,0,0,0,6
207,2.201,ORGAN BEHAV HUM DEC,10,0,0,1,1,1,0,3,0,0,0,4
208,0.546,PERCEPT MOTOR SKILL,10,0,1,0,1,1,0,2,0,0,0,5
209,1.646,ADV COGN PSYCHOL,9,0,0,1,0,1,0,1,1,0,0,5
210,,BMC NEUROL,9,0,0,0,1,0,1,1,0,0,0,6
211,,CHILD NEUROPSYCHOL,9,0,1,0,0,0,0,0,0,1,0,7
212,,CURR BIOL,9,0,0,0,0,2,1,0,1,1,0,4
213,,INTERDISC EVOL RES,9,0,0,0,1,0,1,0,0,0,3,4
214,1.449,J COMMUN DISORD,9,0,0,0,0,0,1,3,0,0,0,5
215,,J EXP BIOL,9,0,0,0,1,0,2,1,0,0,1,4
216,3.585,LEARN INSTR,9,0,0,1,0,0,0,1,0,1,0,6
217,0.984,MIND BRAIN EDUC,9,0,1,1,0,0,0,2,0,0,0,5
218,0.809,MUSIC SCI,9,0,0,0,0,0,0,1,0,1,0,7
219,,NAT NEUROSCI,9,0,0,1,0,2,0,1,0,0,0,5
220,,PEERJ,9,0,1,0,1,0,0,3,0,0,0,4
221,1.951,PERS INDIV DIFFER,9,0,0,1,1,2,1,2,0,1,0,1
222,2.646,PSYCHOL AGING,9,1,0,0,2,1,1,1,0,0,1,2
223,0.879,PSYCHOL REC,9,0,0,0,0,0,0,0,0,0,0,9
224,0.205,REV LAT AM PSICOL,9,0,1,0,0,1,0,2,0,0,1,4
225,1.273,THEOR LINGUIST,9,0,0,2,0,0,0,1,0,1,2,3
226,1.625,TOP LANG DISORD,9,0,1,0,0,0,0,0,0,0,0,8
227,0.309,UNIV PSYCHOL,9,0,0,0,0,1,1,0,0,0,1,6
228,2.000,COGNITION INSTRUCT,8,0,0,1,0,0,0,1,0,0,0,6
229,2.565,EDUC PSYCHOL REV,8,0,0,0,0,0,1,1,0,0,1,5
230,,EPILEPSY BEHAV,8,0,0,0,1,0,0,0,0,0,0,7
231,,EPISTEME-J INDIV SOC,8,0,2,2,0,2,0,0,0,0,0,2
232,0.468,ESTUD PSICOL-MADRID,8,0,1,1,0,0,0,1,0,0,0,5
233,1.625,J DEAF STUD DEAF EDU,8,0,0,1,0,0,0,2,0,0,0,5
234,3.938,J MARKETING,8,0,0,0,0,0,0,0,0,0,0,8
235,,NAT REV NEUROSCI,8,0,2,0,0,0,1,2,0,1,0,2
236,3.652,NEUROBIOL LEARN MEM,8,0,0,2,0,2,1,0,0,0,0,3
237,,NEUROCASE,8,0,0,0,0,0,1,1,0,0,0,6
238,,NEUROIMAGE-CLIN,8,1,0,0,0,2,1,0,1,0,0,3
239,,NEUROPHYSIOL CLIN,8,0,0,0,0,0,0,0,0,0,0,8
240,,NEUROREPORT,8,0,0,1,0,1,0,0,1,0,4,1
241,,PHILOS PHENOMEN RES,8,0,0,0,0,0,0,2,0,0,0,6
242,0.232,PSIHOLOGIJA,8,0,0,1,0,0,0,1,1,0,3,2
243,0.560,PSYCHOL REP,8,0,0,0,0,1,1,1,0,0,0,5
244,1.097,PSYCHOL RUNDSCH,8,1,0,0,0,1,0,1,0,0,0,5
245,0.634,SCI EDUC-NETHERLANDS,8,0,0,0,0,0,2,0,0,0,0,6
246,5.318,ADV EXP SOC PSYCHOL,7,0,0,0,1,1,0,3,0,0,0,2
247,,ANN NEUROL,7,0,1,0,0,0,2,0,0,0,0,4
248,1.190,BIOL PHILOS,7,0,0,0,0,0,2,2,0,1,0,2
249,,BRAIN BEHAV,7,0,0,0,0,0,1,1,0,0,0,5
250,2.000,BRIT J EDUC PSYCHOL,7,0,0,1,1,2,0,1,1,0,0,1
251,2.254,BRIT J PSYCHOL,7,0,0,2,0,2,1,1,0,0,0,1
252,,COGN NEURODYNAMICS,7,0,0,0,0,0,1,2,1,0,0,3
253,1.912,COGN NEUROPSYCHIATRY,7,0,0,0,1,0,0,0,0,0,0,6
254,,GENES BRAIN BEHAV,7,0,0,0,0,0,0,0,0,1,0,6
255,1.694,HUM FACTORS,7,0,0,1,1,0,0,1,0,2,1,1
256,,IEEE T AUTON MENT DE,7,0,0,0,0,1,0,0,0,0,1,5
257,,INT J PEDIATR OTORHI,7,0,0,0,0,0,0,1,0,0,0,6
258,1.074,J SEMANT,7,0,0,0,0,0,0,0,1,0,0,6
259,,LIFE MIND-PHILOS ISS,7,0,0,0,0,0,0,2,0,0,0,5
260,1.311,NEUROETHICS-NETH,7,0,0,0,1,1,1,4,0,0,0,0
261,,NOUS,7,0,0,0,0,0,0,0,0,0,0,7
262,,PRESENCE-TELEOP VIRT,7,0,0,1,0,0,0,1,0,0,2,3
263,3.054,PSYCHOL AESTHET CREA,7,0,0,0,0,0,0,1,0,0,0,6
264,0.317,PSYCHOL FR,7,0,1,1,0,0,0,1,1,0,0,3
265,2.884,READ RES QUART,7,0,0,0,0,0,1,0,1,1,1,3
266,1.562,RES ORGAN BEHAV,7,0,0,1,0,4,0,1,0,0,0,1
267,0.321,RLA-REV LINGUIST TEO,7,0,0,0,0,1,0,0,0,0,3,3
268,0.386,STUD LANG,7,1,0,0,0,0,0,1,0,0,1,4
269,,STUD LOGICA,7,0,0,0,0,1,0,0,0,0,0,6
270,,ACOUST AUST,6,0,0,0,0,0,1,0,0,1,0,4
271,0.859,ADAPT BEHAV,6,0,0,0,0,0,0,1,0,0,0,5
272,3.639,AUTISM,6,0,0,0,0,0,0,0,0,0,0,6
273,1.019,BASIC APPL SOC PSYCH,6,0,1,0,0,0,1,3,1,0,0,0
274,,BRAIN IMAGING BEHAV,6,0,0,0,0,0,0,0,0,0,0,6
275,0.575,CLIN LINGUIST PHONET,6,0,0,0,0,2,0,1,2,0,0,1
276,,COGN NEUROSCI-UK,6,0,0,0,1,0,1,1,0,1,0,2
277,,CURR PHARM DESIGN,6,0,0,1,0,0,0,0,0,0,0,5
278,0.667,EDUC PSYCHOL-UK,6,0,0,0,0,0,0,0,0,0,0,6
279,,EUR J NEUROSCI,6,0,1,0,0,1,1,0,0,0,0,3
280,0.790,EUR J PSYCHOL EDUC,6,0,0,0,0,0,0,1,0,1,0,4
281,1.712,EUR J SOC PSYCHOL,6,0,2,3,0,0,0,1,0,0,0,0
282,,FRONT AGING NEUROSCI,6,1,0,0,1,0,0,1,1,1,1,0
283,,INT J SOC ROBOT,6,0,0,3,0,0,0,1,0,0,0,2
284,1.383,J EMPIR LEGAL STUD,6,0,0,0,1,0,1,3,0,0,0,1
285,1.836,J EXP PSYCHOL-APPL,6,0,0,0,4,1,0,0,0,0,0,1
286,1.020,J LANG SOC PSYCHOL,6,0,1,1,0,1,0,1,0,0,0,2
287,2.256,J MARKETING RES,6,0,1,0,0,0,0,0,1,0,0,4
288,2.486,J NEUROPSYCHOL,6,0,0,0,0,1,0,0,0,1,0,4
289,1.356,LATERALITY,6,0,0,1,0,0,0,2,0,0,0,3
290,1.885,LEARN BEHAV,6,0,0,0,0,0,0,1,0,0,0,5
291,4.592,NEUROPSYCHOL REV,6,1,1,0,1,1,1,1,0,0,0,0
292,,NEUROSCI LETT,6,0,0,0,0,1,0,0,1,0,0,4
293,,P IEEE,6,0,0,0,0,0,1,1,0,0,0,4
294,,PHILOS LITERATURE,6,0,0,0,0,1,1,0,0,1,0,3
295,0.659,PSYCHOL BELG,6,0,0,0,1,3,1,0,0,0,0,1
296,5.938,PSYCHOL MED,6,0,0,0,0,0,0,0,0,1,0,5
297,1.413,TEACH TEACH EDUC,6,0,0,0,0,2,0,0,0,0,0,4
298,,ANIM BEHAV,5,0,0,1,0,0,1,0,0,1,0,2
299,21.810,ANNU REV PSYCHOL,5,0,1,0,0,0,0,0,0,0,0,4
300,0.623,ASIAN J SOC PSYCHOL,5,0,0,0,1,0,0,1,0,0,0,3
301,,AUSTRALAS J PHILOS,5,0,0,0,0,0,2,0,0,0,0,3
302,,BIOL LETTERS,5,0,3,0,0,0,0,1,0,1,0,0
303,,BMC PSYCHIATRY,5,0,0,0,0,0,1,0,0,0,0,4
304,2.252,COMPR PSYCHIAT,5,0,0,1,0,0,0,0,0,0,0,4
305,1.929,CONTEMP EDUC PSYCHOL,5,0,0,0,0,0,0,0,0,0,1,4
306,,DEUT Z PHILOS,5,0,0,0,0,0,1,0,0,0,0,4
307,0.421,EUR EARLY CHILD EDUC,5,0,0,1,0,0,0,1,0,0,0,3
308,,EXP AGING RES,5,0,0,0,0,1,0,1,0,1,1,1
309,0.592,FOLIA PHONIATR LOGO,5,0,0,0,0,0,0,0,0,1,0,4
310,,HIPPOCAMPUS,5,0,1,2,0,0,0,0,0,0,0,2
311,0.398,HIST HUM SCI,5,0,0,0,0,0,0,0,0,0,0,5
312,,HNO,5,0,0,0,0,0,0,0,0,0,0,5
313,1.598,HUM MOVEMENT SCI,5,0,0,0,0,1,0,0,0,1,0,3
314,0.317,INFANC APRENDIZ,5,0,0,0,0,0,0,0,1,0,0,4
315,0.438,INT J DISABIL DEV ED,5,0,0,1,0,0,0,0,1,0,1,2
316,0.850,INT J HUM-COMPUT INT,5,0,0,0,0,0,1,0,0,0,0,4
317,0.700,INTEGR PSYCHOL BEHAV,5,0,0,0,0,0,0,0,0,0,0,5
318,1.297,J ECON BEHAV ORGAN,5,0,1,0,0,2,0,0,0,0,0,2
319,1.865,J EXP ANAL BEHAV,5,0,0,1,1,0,0,0,0,0,0,3
320,3.213,J GERONTOL B-PSYCHOL,5,0,0,0,2,0,0,1,1,1,0,0
321,,J INT NEUROPSYCH SOC,5,0,0,0,0,0,1,0,0,1,1,2
322,,J NEURODEV DISORD,5,0,0,1,0,1,0,1,0,1,0,1
323,,J NEUROL SCI,5,0,0,0,0,0,0,0,0,0,1,4
324,1.974,J NONVERBAL BEHAV,5,0,0,1,0,0,0,1,0,0,1,2
325,,J OPT SOC AM A,5,0,1,2,0,0,0,2,0,0,0,0
326,1.250,LANG TEACHING,5,0,0,0,0,0,0,0,0,0,0,5
327,,LECT NOTES ARTIF INT,5,0,0,0,0,1,0,1,0,0,1,2
328,0.733,LINGUIST PHILOS,5,1,0,0,0,0,0,0,0,0,0,4
329,,METAPHILOSOPHY,5,0,0,0,0,1,0,0,0,0,0,4
330,,MIND MACH,5,0,0,0,0,0,0,0,0,0,2,3
331,0.942,MOD LANG J,5,0,0,0,0,0,1,0,0,0,1,3
332,1.966,MONOGR SOC RES CHILD,5,0,1,0,0,1,1,0,0,0,0,2
333,,P 2014 INT C COLL,5,0,0,0,1,0,0,0,1,0,0,3
334,,PAC PHILOS QUART,5,0,0,0,0,1,1,0,1,0,0,2
335,6.692,PERS SOC PSYCHOL REV,5,0,0,0,0,0,0,1,0,0,0,4
336,0.708,PHONOLOGY,5,0,0,0,0,1,0,1,0,0,0,3
337,,PLOS BIOL,5,0,0,1,0,0,0,0,1,1,0,2
338,,PROBLEMOS,5,0,0,0,1,0,2,1,0,0,0,1
339,,PROG NEUROBIOL,5,0,0,0,0,1,0,0,1,0,0,3
340,,PSYCHIAT RES-NEUROIM,5,0,0,0,0,0,0,0,0,0,0,5
341,0.720,QUAL QUANT,5,0,0,0,0,0,0,0,0,1,0,4
342,,ROBOT AUTON SYST,5,0,0,0,1,1,1,1,1,0,0,0
343,,SCI WORLD J,5,0,0,0,0,0,1,0,1,0,0,3
344,1.505,SOC DEV,5,0,1,0,0,0,0,0,0,0,0,4
345,4.829,ADDICTION,4,0,2,0,0,0,0,0,0,0,0,2
346,1.751,AGING MENT HEALTH,4,0,0,0,1,0,0,0,1,1,0,1
347,2.164,AJIDD-AM J INTELLECT,4,0,0,0,0,0,0,0,0,0,0,4
348,2.889,ALCOHOL ALCOHOLISM,4,0,0,0,0,0,0,0,0,0,0,4
349,6.100,AM PSYCHOL,4,0,1,0,0,0,1,0,0,0,1,1
350,,ANN I SUPER SANITA,4,0,0,0,0,0,0,0,1,1,0,2
351,1.779,ANXIETY STRESS COPIN,4,0,0,1,0,0,0,1,0,0,0,2
352,,APPL NEUROPSYCH-CHIL,4,0,0,0,0,1,0,0,0,0,0,3
353,,AUTON ROBOT,4,0,0,0,0,0,1,0,0,0,1,2
354,3.210,BEHAV GENET,4,0,0,1,0,0,0,0,0,1,0,2
355,,BRAIN BEHAV EVOLUT,4,0,0,1,0,0,0,0,0,0,1,2
356,,BRAIN TOPOGR,4,0,0,0,0,1,1,1,0,0,0,1
357,0.067,CADMO,4,0,0,0,0,0,0,0,0,0,0,4
358,2.556,COMPUT EDUC,4,0,0,0,0,0,1,1,0,0,0,2
359,,COMPUT SPEECH LANG,4,0,0,0,0,0,0,0,0,0,0,4
360,2.182,CYBERPSYCH BEH SOC N,4,0,0,0,0,0,0,0,0,1,0,3
361,1.603,DISCOURSE STUD,4,0,0,0,0,0,0,0,0,0,0,4
362,3.423,DRUG ALCOHOL DEPEN,4,0,0,0,0,0,0,1,0,0,0,3
363,0.765,EARLY EDUC DEV,4,0,1,0,0,0,0,0,0,0,0,3
364,0.462,ENGL LANG LINGUIST,4,0,0,0,0,0,0,0,1,0,0,3
365,1.556,ERGONOMICS,4,1,0,0,2,0,0,0,1,0,0,0
366,0.444,ETHICS BEHAV,4,0,0,0,2,0,0,2,0,0,0,0
367,,EVOL PSYCHOL-SER,4,0,0,2,1,0,0,0,0,0,0,1
368,2.745,EXCEPT CHILDREN,4,0,0,0,0,0,0,0,0,0,0,4
369,2.500,HUM NATURE-INT BIOS,4,0,1,1,0,0,0,1,0,0,1,0
370,,IEEE T HUM-MACH SYST,4,0,0,0,0,0,0,0,0,1,0,3
371,,IEEE T SYST MAN CY-S,4,0,0,0,0,0,1,0,0,0,0,3
372,,INT CONF ACOUST SPEE,4,0,0,0,1,0,0,0,1,0,0,2
373,0.189,INT J AM LINGUIST,4,0,0,0,0,0,0,0,1,0,0,3
374,,INT J AUDIOL,4,0,1,0,0,0,0,0,0,0,0,3
375,0.548,INT J DEV DISABIL,4,0,0,0,1,0,0,1,0,0,0,2
376,0.286,INT J MUSIC EDUC,4,0,0,0,0,0,0,0,0,2,0,2
377,1.239,INT J SPEECH-LANG PA,4,0,0,0,0,0,0,0,1,1,1,1
378,3.481,J ABNORM CHILD PSYCH,4,0,0,0,0,0,0,0,0,2,0,2
379,5.153,J ABNORM PSYCHOL,4,0,0,0,0,1,0,0,0,0,0,3
380,,J ALZHEIMERS DIS,4,0,0,0,0,1,0,0,0,0,0,3
381,0.790,J APPL SOC PSYCHOL,4,0,0,1,0,0,0,0,0,0,0,3
382,1.326,J BUS ETHICS,4,0,0,0,0,0,0,1,0,0,1,2
383,1.480,J BUS RES,4,0,0,1,0,0,0,0,0,0,0,3
384,1.163,J CHILD FAM STUD,4,0,0,0,0,0,0,0,0,0,0,4
385,,J COMP PHYSIOL A,4,0,0,0,0,0,0,0,0,0,2,2
386,2.640,J ENVIRON PSYCHOL,4,0,0,0,1,0,0,1,1,0,0,1
387,0.714,J LINGUIST,4,0,0,1,0,0,0,0,0,0,2,1
388,,J NEUROENG REHABIL,4,0,0,0,0,0,0,0,0,0,0,4
389,1.054,J PSYCHOEDUC ASSESS,4,0,0,0,0,1,0,0,0,0,0,3
390,0.981,J SOC PSYCHOL,4,0,0,0,2,0,0,0,0,0,0,2
391,0.161,J VALUE INQUIRY,4,0,0,0,0,0,1,1,0,1,0,1
392,,J VISUAL LANG COMPUT,4,0,0,0,0,0,0,0,1,0,0,3
393,0.548,LANG AWARE,4,0,0,0,0,0,0,0,0,0,1,3
394,,MED HYPOTHESES,4,0,0,0,0,0,0,0,0,1,1,2
395,0.467,MEM STUD,4,0,0,0,0,2,0,0,2,0,0,0
396,,NAT COMMUN,4,0,1,0,2,0,0,0,1,0,0,0
397,,NEURAL NETWORKS,4,0,1,0,0,0,0,0,0,0,0,3
398,0.147,PSICOL-REFLEX CRIT,4,0,0,0,0,0,0,0,0,1,0,3
399,,PSYCHIAT CLIN NEUROS,4,0,0,0,1,0,0,0,0,0,0,3
400,2.751,PSYCHOL ASSESSMENT,4,0,0,0,0,0,0,0,0,0,0,4
401,0.256,PSYCHOLOGIA,4,0,0,0,1,0,0,1,0,0,0,2
402,,PSYCHOPHARMACOLOGY,4,0,0,0,0,0,1,1,0,0,0,2
403,,RIV ESTET,4,0,0,0,0,0,0,0,0,0,0,4
404,8.450,SCHIZOPHRENIA BULL,4,0,0,0,0,0,0,0,0,0,0,4
405,0.366,SOC BEHAV PERSONAL,4,0,0,0,0,0,1,0,0,0,0,3
406,,TRANSL NEUROSCI,4,1,0,0,0,0,0,0,0,0,1,2
407,0.299,Z ERZIEHWISS,4,0,0,1,0,0,0,1,0,0,0,2
408,,ACTA ACUST UNITED AC,3,0,0,0,0,0,0,0,0,0,0,3
409,,ALCOHOL CLIN EXP RES,3,0,0,0,1,0,0,0,0,0,0,2
410,,ANALYSIS-UK,3,0,1,0,0,0,0,0,0,0,0,2
411,,ANN INDIAN ACAD NEUR,3,0,0,0,0,0,0,0,0,0,0,3
412,,ANN MED-PSYCHOL,3,0,0,0,0,0,0,0,0,0,0,3
413,,ANNU REV NEUROSCI,3,0,0,0,0,0,0,0,0,1,0,2
414,,APPL COGN LINGUIST,3,0,0,0,0,0,0,0,0,0,0,3
415,1.986,ARCH CLIN NEUROPSYCH,3,0,0,0,0,1,0,0,0,1,0,1
416,,ARTIF INTELL MED,3,0,0,0,0,0,0,0,0,0,0,3
417,,AXIOMATHES,3,0,0,0,0,0,0,0,0,0,0,3
418,,B COUN RES MUSIC ED,3,0,0,0,1,0,0,1,0,1,0,0
419,,BEHAV NEUROSCI,3,0,0,0,0,0,0,0,0,0,0,3
420,,BIOL CYBERN,3,0,0,0,0,0,0,0,0,0,0,3
421,,BIOL PSYCHIAT,3,0,0,0,0,0,0,0,1,0,0,2
422,,BRAIN STIMUL,3,0,0,0,0,0,0,1,0,0,0,2
423,0.588,CAN MOD LANG REV,3,0,0,0,0,0,0,1,0,0,0,2
424,,CEREBELLUM,3,0,0,0,0,0,0,0,0,1,0,2
425,2.091,CHEM EDUC RES PRACT,3,0,0,1,1,0,0,0,0,0,0,1
426,1.162,CHILD INDIC RES,3,0,0,0,0,0,0,0,0,0,0,3
427,,CLIN NEUROPHYSIOL,3,0,0,1,0,0,0,0,0,0,1,1
428,0.815,DISABIL SOC,3,0,0,0,0,0,0,0,0,0,0,3
429,3.611,EDUC PSYCHOL-US,3,1,1,1,0,0,0,0,0,0,0,0
430,0.579,EDUC STUD MATH,3,0,0,0,0,0,0,1,0,0,0,2
431,0.905,ETHOS,3,0,0,1,1,0,0,1,0,0,0,0
432,1.006,EUR J MARKETING,3,0,0,0,0,0,0,2,0,0,0,1
433,,EXPERT SYST APPL,3,0,0,0,0,0,0,0,0,0,0,3
434,,FORENSIC SCI INT,3,0,0,0,1,0,0,0,0,0,0,2
435,0.481,HUMOR,3,0,0,0,0,0,1,0,0,0,0,2
436,1.482,I-PERCEPTION,3,0,0,0,0,0,1,1,0,0,0,1
437,,IEEE T AFFECT COMPUT,3,0,0,0,0,0,0,1,1,0,0,1
438,,IEEE T PATTERN ANAL,3,0,0,0,0,1,1,0,0,0,0,1
439,,IEEE T VIS COMPUT GR,3,0,1,0,0,0,0,0,0,0,0,2
440,0.391,INT J AGING HUM DEV,3,0,0,0,0,1,0,0,0,0,0,2
441,1.027,INT J BILING EDUC BI,3,0,0,1,0,0,0,0,0,0,0,2
442,0.732,INT J DES,3,0,0,0,0,0,0,0,0,0,0,3
443,,INT J DEV NEUROSCI,3,0,0,0,0,0,0,0,0,0,0,3
444,1.471,INT J LANG COMM DIS,3,0,0,0,0,0,1,0,0,0,0,2
445,0.575,INT J SCI MATH EDUC,3,0,0,1,0,1,0,0,0,0,0,1
446,,INT J THEOR PHYS,3,0,0,0,0,0,0,0,0,0,0,3
447,3.818,J ACAD MARKET SCI,3,0,0,0,0,0,0,0,0,0,0,3
448,1.957,J ADOLESCENCE,3,0,0,0,0,0,0,1,0,0,0,2
449,3.383,J AFFECT DISORDERS,3,0,0,0,0,0,0,0,0,1,0,2
450,,J AM ACAD RELIG,3,0,0,0,0,0,0,0,0,0,0,3
451,2.312,J BEHAV THER EXP PSY,3,0,0,0,0,0,0,1,0,0,0,2
452,0.132,J CHINESE LINGUIST,3,0,0,0,0,0,1,0,1,0,0,1
453,2.243,J CONSUM PSYCHOL,3,0,0,0,0,0,0,0,0,0,0,3
454,1.230,J ECON PSYCHOL,3,0,0,0,0,0,0,2,0,0,0,1
455,2.290,J GAMBL STUD,3,0,0,0,0,1,0,0,0,0,0,2
456,0.605,J GEN PSYCHOL,3,0,0,0,0,0,0,1,0,0,0,2
457,0.694,J GENET PSYCHOL,3,0,0,0,0,1,0,0,0,0,0,2
458,1.788,J INTELL DISABIL RES,3,0,0,0,0,0,0,0,0,0,0,3
459,1.511,J MED ETHICS,3,0,0,0,0,0,1,2,0,0,0,0
460,1.185,J MUSIC THER,3,0,0,0,0,0,0,0,0,0,1,2
461,1.688,J NERV MENT DIS,3,0,0,0,0,0,0,0,0,0,0,3
462,,J NEURAL ENG,3,0,0,0,1,0,1,0,0,0,0,1
463,2.619,J PERS DISORD,3,0,0,0,0,0,0,0,0,0,0,3
464,1.529,J SOC ISSUES,3,0,0,0,1,0,0,0,0,0,0,2
465,,JOVE-J VIS EXP,3,0,1,0,0,0,0,1,0,0,0,1
466,0.658,LANG COMMUN,3,0,0,0,0,0,1,0,0,0,1,1
467,0.239,LANG LINGUIST-TAIWAN,3,0,0,0,0,0,0,0,0,0,0,3
468,1.435,LANG SPEECH HEAR SER,3,0,0,0,1,0,0,0,1,0,0,1
469,,LEARN MEMORY,3,0,0,0,0,1,0,0,0,0,0,2
470,2.482,MANAGE SCI,3,0,0,0,0,0,1,1,0,0,0,1
471,1.059,MARKET LETT,3,0,1,0,0,0,1,1,0,0,0,0
472,,MIND,3,0,0,0,0,0,0,1,0,0,0,2
473,,MOL AUTISM,3,0,0,0,0,0,0,0,0,0,0,3
474,,MOL PSYCHIATR,3,0,0,0,0,0,0,0,0,2,0,1
475,,NEUROBIOL AGING,3,0,0,0,1,0,0,0,0,0,0,2
476,,NEUROL SCI,3,0,0,0,0,0,0,0,0,0,0,3
477,,NEUROPSYCHOPHARMACOL,3,0,0,0,0,0,0,0,0,0,0,3
478,,NEUROQUANTOLOGY,3,0,1,0,0,0,0,1,0,0,0,1
479,,NEUROSCI RES,3,0,0,0,0,0,1,1,0,0,0,1
480,,PROC SPIE,3,0,0,1,0,0,0,0,0,1,0,1
481,0.538,PSYCHOLOGIST,3,0,0,0,1,0,0,1,1,0,0,0
482,,PSYCHONEUROENDOCRINO,3,0,0,1,0,0,1,1,0,0,0,0
483,0.387,REV COGN LINGUIST,3,0,0,0,0,0,0,0,0,0,0,3
484,,REV NEUROLOGIA,3,0,0,0,0,0,0,0,1,0,0,2
485,2.502,RISK ANAL,3,0,0,1,0,0,0,0,0,0,0,2
486,,S AFR J PHILOS,3,0,1,0,0,0,0,0,0,0,1,1
487,,SEMIN SPEECH LANG,3,0,0,0,0,0,1,0,0,0,0,2
488,,SENSORS-BASEL,3,1,0,0,0,0,0,1,0,0,0,1
489,1.662,SOC PSYCHOL-GERMANY,3,1,1,0,0,0,0,0,0,0,0,1
490,0.586,SPAN J PSYCHOL,3,0,0,0,0,1,0,0,0,0,0,2
491,0.442,STUD PSYCHOL,3,0,0,0,0,0,0,0,0,1,0,2
492,0.721,SYSTEM,3,0,0,0,0,0,0,0,0,0,0,3
493,0.667,TEACH PSYCHOL,3,0,0,0,0,0,1,0,0,0,0,2
494,0.537,THEOR MED BIOETH,3,0,0,0,0,0,0,0,0,0,0,3
495,0.906,THEOR PSYCHOL,3,0,0,0,0,0,0,0,0,2,1,0
496,2.562,UCLA LAW REV,3,0,1,0,0,0,0,2,0,0,0,0
497,0.710,Z ENTWICKL PADAGOGIS,3,0,0,0,0,0,0,0,0,0,0,3
498,,2014 IEEE INT INT C,2,0,0,0,2,0,0,0,0,0,0,0
499,1.586,ACAD MANAG LEARN EDU,2,0,0,0,0,1,0,0,0,0,0,1
500,3.354,ACAD MANAGE PERSPECT,2,0,0,0,0,1,0,0,0,0,0,1
501,,ACM T APPL PERCEPT,2,0,0,0,0,1,0,1,0,0,0,0
502,,ACTA ASTRONAUT,2,0,0,0,0,0,0,0,0,0,0,2
503,2.764,ADDICT BEHAV,2,0,0,0,0,0,0,0,0,0,0,2
504,1.154,ADICCIONES,2,0,0,0,0,0,0,0,0,0,0,2
505,,ADV EXP MED BIOL,2,0,0,0,0,0,0,0,0,0,0,2
506,2.685,ANN TOURISM RES,2,0,0,0,0,0,0,1,0,0,0,1
507,0.960,ANNU REV APPL LINGUI,2,0,0,0,0,0,0,2,0,0,0,0
508,12.674,ANNU REV CLIN PSYCHO,2,0,0,0,0,0,0,0,0,0,1,1
509,1.341,ANTHROPOL THEOR,2,0,0,0,0,0,0,1,0,0,0,1
510,,APPETITE,2,0,0,0,0,0,0,0,0,0,0,2
511,,APPL ACOUST,2,0,0,0,0,0,2,0,0,0,0,0
512,2.023,APPL ERGON,2,0,0,0,1,0,0,0,0,0,0,1
513,1.453,APPL LINGUIST,2,0,0,0,0,0,1,0,0,0,0,1
514,,APPL NEUROPSYCH-ADUL,2,0,0,0,0,0,0,0,0,0,0,2
515,,ARQ NEURO-PSIQUIAT,2,0,0,0,0,0,0,0,0,0,0,2
516,0.737,ASIA-PAC EDUC RES,2,0,0,0,0,0,0,0,0,0,1,1
517,2.588,AUGMENT ALTERN COMM,2,0,0,0,0,0,0,0,0,0,0,2
518,3.407,AUST NZ J PSYCHIAT,2,0,0,1,0,0,0,0,0,0,0,1
519,,B MATH BIOL,2,0,0,0,1,1,0,0,0,0,0,0
520,3.395,BEHAV RES THER,2,0,0,0,0,0,0,0,0,0,0,2
521,,BIOESSAYS,2,0,0,0,0,0,0,0,0,1,1,0
522,,BIOL REV,2,0,1,0,0,0,0,0,0,0,1,0
523,1.808,BRAIN INJURY,2,0,0,0,0,0,0,0,0,0,0,2
524,,BRIT J ANAESTH,2,0,0,0,1,0,1,0,0,0,0,0
525,1.281,BRIT J PHILOS SCI,2,0,0,0,0,0,0,1,0,1,0,0
526,1.163,BUS HORIZONS,2,0,0,0,0,0,0,0,1,0,0,1
527,1.025,CHILD LANG TEACH THE,2,0,0,0,0,0,0,0,0,0,0,2
528,2.032,CHILD PSYCHIAT HUM D,2,0,0,0,0,0,0,0,0,0,0,2
529,,CLIN ANAT,2,0,0,0,0,0,0,0,0,0,0,2
530,,CLIN EEG NEUROSCI,2,0,0,0,0,0,0,0,0,0,0,2
531,6.932,CLIN PSYCHOL REV,2,0,0,0,0,0,0,0,0,0,0,2
532,,COCHRANE DB SYST REV,2,0,0,0,0,0,0,0,0,0,0,2
533,,COGN BEHAV NEUROL,2,0,0,0,0,0,0,0,0,0,0,2
534,0.549,COMMUN DISORD Q,2,0,0,0,0,0,0,0,0,0,0,2
535,,COMPUT ELECTR ENG,2,0,1,0,0,0,0,1,0,0,0,0
536,,COMPUT GRAPH FORUM,2,0,0,0,0,0,0,0,0,0,0,2
537,1.226,COMPUT LINGUIST,2,0,0,0,0,0,0,1,0,0,0,1
538,,COMPUT VIS IMAGE UND,2,0,0,0,0,0,0,0,0,0,0,2
539,0.579,CORPUS LINGUIST LING,2,0,0,0,0,0,0,0,0,0,0,2
540,0.044,CROAT J EDUC,2,0,0,0,0,0,0,0,0,0,0,2
541,,CROAT J PHILOS,2,0,0,0,0,1,0,0,1,0,0,0
542,0.956,CULT PSYCHOL,2,0,0,0,0,0,0,1,0,0,0,1
543,,EAR HEARING,2,0,0,0,0,0,0,1,0,0,0,1
544,1.950,EARLY INTERV PSYCHIA,2,0,0,0,0,0,0,0,0,0,0,2
545,2.774,ECOL SOC,2,0,0,0,0,0,0,0,0,0,0,2
546,,ENTROPY-SWITZ,2,0,0,0,0,1,0,0,0,0,1,0
547,0.983,ENVIRON PLANN B,2,0,0,0,1,0,0,1,0,0,0,0
548,3.336,EUR CHILD ADOLES PSY,2,0,1,0,0,0,0,0,0,0,0,1
549,2.213,EUR J INFORM SYST,2,0,0,0,0,0,0,0,0,0,0,2
550,,EUR J PAIN,2,0,0,0,0,0,0,1,0,0,0,1
551,1.973,EUR J PSYCHOL ASSESS,2,0,0,0,0,0,0,0,0,0,0,2
552,,EUR PROC SOC BEHAV,2,0,0,0,0,1,0,0,0,0,0,1
553,0.677,EUR REV APPL PSYCHOL,2,0,0,0,0,0,0,0,0,0,0,2
554,,EXPERT REV NEUROTHER,2,0,0,1,0,0,0,1,0,0,0,0
555,,FILOZOFIA,2,0,0,0,0,0,0,0,0,0,0,2
556,0.200,FUNCT LANG,2,0,0,0,0,0,0,0,1,0,0,1
557,,GERONTOLOGY,2,0,0,0,0,0,0,0,0,0,0,2
558,1.727,HARVARD REV PSYCHIAT,2,0,0,0,0,0,1,0,0,0,0,1
559,,HIST PHIL THEOR LIFE,2,0,0,0,0,0,0,1,0,0,0,1
560,,IEEE T COMP INTEL AI,2,0,0,0,0,0,0,1,0,0,0,1
561,,IET IMAGE PROCESS,2,0,0,0,0,0,0,0,0,0,0,2
562,,INFORM SCIENCES,2,0,0,0,0,0,0,0,0,0,0,2
563,0.424,INQUIRY,2,0,0,0,0,1,0,0,0,0,0,1
564,1.426,INSTR SCI,2,0,0,0,1,0,0,0,0,0,0,1
565,0.286,INT J ART DES EDUC,2,0,0,0,0,0,0,0,0,0,0,2
566,,INT J COMPUT VISION,2,0,0,0,0,0,0,0,0,0,0,2
567,0.650,INT J CORPUS LINGUIS,2,0,0,0,0,1,0,0,0,1,0,0
568,3.126,INT J EAT DISORDER,2,0,1,0,0,0,0,1,0,0,0,0
569,2.866,INT J GERIATR PSYCH,2,0,0,0,0,0,0,0,0,0,0,2
570,1.293,INT J HUM-COMPUT ST,2,0,0,0,0,0,0,0,0,1,1,0
571,3.759,INT J METH PSYCH RES,2,0,0,0,0,0,2,0,0,0,0,0
572,,INT J PATTERN RECOGN,2,0,0,0,0,0,0,0,0,0,0,2
573,1.132,INT J SCI EDUC,2,0,0,0,0,0,0,0,0,0,0,2
574,4.526,INT REV SPORT EXER P,2,0,0,0,0,0,1,1,0,0,0,0
575,1.268,INTERACT COMPUT,2,0,0,0,0,0,0,1,0,0,0,1
576,1.242,J ADVERTISING,2,0,0,0,0,0,0,0,1,0,0,1
577,7.260,J AM ACAD CHILD PSY,2,0,0,0,0,0,0,0,0,0,0,2
578,1.185,J APPL DEV PSYCHOL,2,0,0,0,0,0,0,0,0,0,0,2
579,,J ASSOC INF SCI TECH,2,0,0,0,0,0,0,0,0,0,0,2
580,1.774,J ASSOC INF SYST,2,0,0,0,0,0,0,0,1,0,0,1
581,3.779,J ATTEN DISORD,2,0,0,0,0,0,0,0,0,0,0,2
582,,J AUDIO ENG SOC,2,0,0,1,0,0,0,0,0,0,0,1
583,,J BIOL EDUC,2,0,0,0,1,0,0,0,0,0,0,1
584,,J CHEMINFORMATICS,2,0,0,0,1,0,0,1,0,0,0,0
585,0.714,J CONSUM BEHAV,2,0,0,0,0,0,0,1,0,0,1,0
586,0.375,J EAST ASIAN LINGUIS,2,0,0,0,0,0,0,0,0,0,0,2
587,,J EYE MOVEMENT RES,2,0,0,0,0,1,0,0,0,0,0,1
588,1.891,J FLUENCY DISORD,2,0,0,0,0,0,0,0,0,0,0,2
589,0.592,J FORENSIC PSYCHI PS,2,0,0,1,0,0,0,0,0,0,0,1
590,0.317,J FR LANG STUD,2,0,0,0,0,0,0,1,0,0,0,1
591,2.920,J HEAD TRAUMA REHAB,2,0,0,0,0,0,0,0,0,0,0,2
592,1.482,J IMMIGR MINOR HEALT,2,0,0,0,0,0,1,0,0,0,0,1
593,,J KOREAN MED SCI,2,0,0,0,1,0,0,0,0,0,0,1
594,,J MAGN RESON IMAGING,2,0,0,0,0,0,0,0,0,0,0,2
595,6.071,J MANAGE,2,0,0,0,0,1,0,1,0,0,0,0
596,2.062,J MANAGE INFORM SYST,2,0,0,0,1,0,0,0,0,0,0,1
597,0.275,J MORAL PHILOS,2,0,0,0,1,0,0,0,0,0,0,1
598,1.418,J MOTOR BEHAV,2,0,0,0,0,0,0,1,0,0,0,1
599,,J NEURAL TRANSM,2,0,0,0,0,0,1,0,0,0,0,1
600,,J NEW MUSIC RES,2,0,0,0,0,0,0,0,1,1,0,0
601,1.182,J OBSESS-COMPULS REL,2,0,0,0,0,0,0,0,0,0,0,2
602,,J PAEDIATR CHILD H,2,0,0,0,0,0,0,0,0,0,0,2
603,,J PARKINSON DIS,2,0,0,0,0,0,1,0,0,0,0,1
604,1.837,J PERS ASSESS,2,0,0,0,0,2,0,0,0,0,0,0
605,3.957,J PSYCHIATR RES,2,0,0,0,0,0,0,0,0,0,0,2
606,1.773,J PSYCHOL,2,0,0,0,0,0,1,0,0,0,0,1
607,1.759,J PSYCHOPATHOL BEHAV,2,0,0,0,0,0,0,0,0,0,0,2
608,1.590,J PSYCHOPHYSIOL,2,0,0,0,1,0,1,0,0,0,0,0
609,1.233,J RES MATH EDUC,2,0,0,0,0,1,0,0,0,0,0,1
610,2.264,J RES PERS,2,0,1,0,0,0,0,0,0,0,0,1
611,1.754,J RETAILING,2,0,0,0,0,0,0,0,0,0,0,2
612,0.935,J RISK RES,2,0,1,0,0,0,0,0,0,0,0,1
613,1.125,J RISK UNCERTAINTY,2,0,0,1,0,0,0,0,0,0,0,1
614,1.410,J SPEC EDUC,2,0,0,0,0,0,0,0,0,0,0,2
615,2.760,J STUD ALCOHOL DRUGS,2,0,0,0,0,0,0,0,0,0,0,2
616,12.008,JAMA PSYCHIAT,2,0,0,0,0,0,0,0,0,0,0,2
617,1.436,LEARN MOTIV,2,0,0,0,0,0,0,0,0,0,0,2
618,0.506,LINGUISTICS,2,0,0,0,0,0,0,0,0,0,0,2
619,0.430,LIT LINGUIST COMPUT,2,0,0,0,0,0,0,0,0,0,0,2
620,,LOG METH COMPUT SCI,2,0,0,0,0,0,0,1,0,0,0,1
621,,MED DECIS MAKING,2,0,0,0,0,0,0,0,0,1,0,1
622,,MED TEACH,2,0,0,1,0,0,0,1,0,0,0,0
623,,META,2,0,0,1,0,0,0,0,0,1,0,0
624,4.018,MICH LAW REV,2,0,0,0,0,0,0,0,0,0,0,2
625,0.781,MULTISENS RES,2,0,0,0,0,1,0,0,1,0,0,0
626,1.123,NAT LANG LINGUIST TH,2,0,0,0,0,0,0,0,0,0,0,2
627,,NEUROCIRUGIA,2,0,0,0,0,0,0,0,0,0,0,2
628,,NEUROSCI BULL,2,0,0,0,0,0,1,0,0,0,0,1
629,,NOISE HEALTH,2,0,0,0,0,0,2,0,0,0,0,0
630,0.364,NORD J LINGUIST,2,0,0,0,0,0,0,0,0,0,0,2
631,0.123,ONOMAZEIN,2,0,0,0,0,0,0,0,0,0,0,2
632,,OPTOMETRY VISION SCI,2,0,0,0,0,0,1,0,0,0,0,1
633,3.775,ORGAN SCI,2,0,0,0,0,0,0,0,0,0,0,2
634,,PAIN,2,0,0,1,0,0,0,0,0,0,1,0
635,,PAIN RES MANAG,2,0,0,0,0,0,0,0,0,0,0,2
636,,PEDIATR BLOOD CANCER,2,0,0,0,0,0,0,0,0,0,0,2
637,1.366,PERS RELATIONSHIP,2,0,0,0,2,0,0,0,0,0,0,0
638,,PHILOS IMPRINT,2,0,0,0,0,0,0,0,0,0,0,2
639,,PHILOS ISSUES,2,0,0,0,0,0,2,0,0,0,0,0
640,0.833,PHILOS SCI,2,0,0,0,0,0,0,1,0,0,0,1
641,,PHILOSOPHIA,2,0,0,0,0,0,0,0,0,0,0,2
642,0.520,PHONETICA,2,0,1,0,0,0,0,0,0,0,0,1
643,,PHYS REV E,2,0,1,0,0,1,0,0,0,0,0,0
644,2.976,PHYSIOL BEHAV,2,0,0,0,0,0,1,1,0,0,0,0
645,,PHYSIOL REV,2,0,0,0,0,0,2,0,0,0,0,0
646,0.067,POZ STUD CONTEMP LIN,2,0,0,0,0,0,0,1,0,0,0,1
647,0.281,PRAGMATICS,2,0,0,0,0,0,0,0,0,0,0,2
648,,PRIMATES,2,0,0,1,1,0,0,0,0,0,0,0
649,,PROCEDIA COMPUT SCI,2,0,0,0,0,0,0,1,0,0,0,1
650,,PSYCHIATR POL,2,0,0,0,0,0,0,0,0,0,0,2
651,1.080,PSYCHOL MARKET,2,0,1,0,0,1,0,0,0,0,0,0
652,1.896,PSYCHOL SPORT EXERC,2,0,0,0,0,0,0,0,1,0,0,1
653,2.084,PSYCHOPATHOLOGY,2,0,0,0,0,0,0,0,0,0,0,2
654,0.562,RES PAP EDUC,2,0,0,0,0,0,0,0,0,0,0,2
655,,RESTOR NEUROL NEUROS,2,0,0,0,0,0,0,1,0,1,0,0
656,3.897,REV EDUC RES,2,0,0,0,0,0,0,0,0,1,0,1
657,,REV NEUROSCIENCE,2,0,0,0,0,0,0,0,0,0,0,2
658,,RUSS LINGUIST,2,0,0,0,0,0,0,0,0,0,1,1
659,0.483,S AFR J EDUC,2,0,0,0,0,0,0,0,1,0,0,1
660,0.568,SCAND J EDUC RES,2,0,0,0,0,0,0,0,0,0,0,2
661,2.280,SCHOOL PSYCHOL REV,2,0,0,0,0,0,0,0,0,0,0,2
662,1.517,SCI COMMUN,2,0,0,0,0,0,0,0,0,0,0,2
663,2.825,SCI EDUC,2,0,0,0,0,0,0,0,0,0,0,2
664,0.963,SCI ENG ETHICS,2,0,0,0,1,0,0,1,0,0,0,0
665,0.522,SYNTAX-UK,2,0,0,0,0,0,0,0,1,0,0,1
666,,TEOREMA,2,0,0,0,0,0,0,0,0,0,1,1
667,0.720,THEOR DECIS,2,0,0,0,0,0,0,0,0,0,0,2
668,,THEOR PRACT LOG PROG,2,0,0,0,0,0,0,0,0,0,0,2
669,1.461,THINK SKILLS CREAT,2,0,0,0,0,0,1,0,0,0,0,1
670,,TRENDS ECOL EVOL,2,0,0,0,0,0,0,1,0,1,0,0
671,,TRIALS,2,0,0,0,0,0,0,0,0,0,0,2
672,,UTILITAS,2,0,0,0,2,0,0,0,0,0,0,0
673,,Z GER LINGUISTIK,2,0,0,0,0,0,0,0,0,0,0,2
674,,Z SLAWISTIK,2,0,0,0,0,0,0,1,0,0,0,1
Copyright Â© 2018 Clarivate Analytics,,,,,,,,,,,,,,
"By exporting the selected data, you agree to the data usage policy set forth in the Terms of Use",,,,,,,,,,,,,,
