Cited Journal Data: CORTEX,,,,,,,,,,,,,,
,Impact Factor,Citing Journal,All Yrs,2014,2013,2012,2011,2010,2009,2008,2007,2006,2005,Rest
1,,ALL Journals,6768,172,964,872,400,591,462,564,339,294,211,1899
2,,ALL OTHERS (348),348,7,51,39,21,34,25,26,26,8,17,94
3,3.626,FRONT HUM NEUROSCI,434,14,97,48,30,34,41,19,17,35,8,91
4,5.128,CORTEX,418,42,69,81,16,28,7,28,18,4,10,115
5,,FRONT PSYCHOL,345,9,49,32,19,30,35,24,14,23,3,107
6,3.234,PLOS ONE,288,4,45,44,15,30,29,23,15,15,6,62
7,3.302,NEUROPSYCHOLOGIA,283,4,37,24,21,15,18,25,17,7,7,108
8,6.357,NEUROIMAGE,187,0,26,29,8,22,20,23,8,15,5,31
9,5.969,HUM BRAIN MAPP,115,2,9,28,8,17,7,21,1,5,5,12
10,2.036,EXP BRAIN RES,87,3,10,6,6,8,8,5,7,2,2,30
11,9.196,BRAIN,82,2,21,15,6,4,3,9,3,2,0,17
12,6.344,J NEUROSCI,81,4,15,9,9,8,4,4,6,1,5,16
13,4.085,J COGNITIVE NEUROSCI,78,1,10,14,5,7,7,2,6,2,2,22
14,8.665,CEREB CORTEX,76,0,1,15,5,8,2,21,3,2,4,15
15,3.215,BRAIN LANG,75,1,4,21,5,4,6,4,0,8,1,21
16,1.124,NEUROCASE,72,0,1,7,4,6,3,8,0,2,1,40
17,2.477,BRAIN COGNITION,71,2,7,6,3,4,7,4,2,1,4,31
18,4.592,NEUROPSYCHOL REV,69,1,13,6,3,5,2,6,6,3,1,23
19,8.802,NEUROSCI BIOBEHAV R,68,1,12,4,6,5,3,7,2,5,2,21
20,4.000,FRONT AGING NEUROSCI,64,2,9,3,5,15,4,7,2,3,3,11
21,1.531,APHASIOLOGY,60,0,3,5,5,1,7,3,0,3,1,32
22,2.073,COGN NEUROPSYCHOL,55,0,5,8,4,6,7,5,2,0,3,15
23,3.269,NEUROPSYCHOLOGY,55,0,6,6,1,4,4,4,8,2,2,18
24,7.055,PHILOS T R SOC B,51,0,8,8,3,5,10,2,1,1,5,8
25,4.151,J ALZHEIMERS DIS,48,3,7,0,4,4,3,3,8,1,0,15
26,,LATERALITY,43,0,0,2,1,0,0,1,1,5,0,33
27,3.357,NEUROSCIENCE,43,1,11,6,0,5,5,4,1,3,2,5
28,,RES DEV DISABIL,43,0,4,2,6,1,3,2,9,0,4,12
29,1.445,BEHAV NEUROL,42,0,3,5,2,0,1,3,1,3,1,23
30,1.489,J NEUROLINGUIST,41,1,4,0,2,0,6,2,1,4,0,21
31,3.270,FRONT BEHAV NEUROSCI,40,1,10,4,2,4,2,4,0,0,1,12
32,3.028,BEHAV BRAIN RES,39,1,8,1,1,3,0,3,2,2,1,17
33,2.083,J CLIN EXP NEUROPSYC,39,0,5,1,1,3,0,2,3,0,1,23
34,2.843,BRAIN RES,38,0,6,2,0,2,7,4,3,2,2,10
35,,CONSCIOUS COGN,35,2,7,7,2,0,4,2,1,7,0,3
36,3.656,FRONT NEUROSCI-SWITZ,35,1,5,8,3,3,3,2,1,2,1,6
37,2.963,J INT NEUROPSYCH SOC,33,1,4,7,1,4,0,2,2,2,2,8
38,4.399,BRAIN STIMUL,31,1,9,9,2,4,3,3,0,0,0,0
39,,ACTA PSYCHOL,30,0,3,4,2,0,4,5,1,2,3,6
40,2.168,ATTEN PERCEPT PSYCHO,30,0,3,2,2,5,0,2,3,3,0,10
41,,COGNITION,30,0,8,6,2,0,2,0,0,1,0,11
42,7.372,SOC COGN AFFECT NEUR,29,0,4,3,2,8,3,0,1,0,2,6
43,3.287,COGN AFFECT BEHAV NE,28,0,6,8,3,1,1,0,4,0,2,3
44,,COGN PROCESS,27,1,1,3,3,0,0,7,1,4,0,7
45,2.257,EPILEPSY BEHAV,27,1,3,2,1,0,0,1,0,0,1,18
46,2.486,J NEUROPSYCHOL,27,0,0,2,4,0,0,0,5,7,0,9
47,5.013,NEUROBIOL AGING,27,0,4,2,1,4,0,4,3,1,0,8
48,2.717,CEREBELLUM,26,0,1,4,5,9,2,0,3,0,1,1
49,3.358,J EXP PSYCHOL HUMAN,26,0,2,1,2,0,4,3,3,1,0,10
50,2.127,Q J EXP PSYCHOL,26,0,4,0,2,1,5,7,1,5,0,1
51,2.887,J NEUROPHYSIOL,24,1,5,2,1,2,3,2,0,1,1,6
52,2.070,J SPEECH LANG HEAR R,24,0,0,1,1,1,4,1,0,0,7,9
53,3.403,BIOL PSYCHOL,23,0,0,4,0,3,1,2,1,0,5,7
54,9.674,P NATL ACAD SCI USA,23,1,5,2,2,3,3,2,0,0,0,5
55,1.238,NEUROPHYSIOL CLIN,22,0,8,1,0,0,0,2,0,0,1,10
56,3.923,SCHIZOPHR RES,22,0,5,2,1,0,1,0,0,1,1,11
57,1.319,TRANSL NEUROSCI,22,2,3,4,0,2,2,5,0,0,1,3
58,6.807,J NEUROL NEUROSUR PS,21,0,1,10,1,1,0,0,2,1,1,4
59,5.618,BRAIN STRUCT FUNCT,20,0,0,6,0,3,0,3,0,0,4,4
60,0.946,COGN BEHAV NEUROL,20,0,1,1,1,2,1,2,0,1,0,11
61,,DEVELOPMENTAL SCI,20,0,2,1,4,4,1,0,2,0,1,5
62,2.526,NEUROIMAGE-CLIN,20,0,4,4,1,2,0,1,1,0,0,7
63,7.478,PHYS LIFE REV,20,0,6,2,0,0,4,0,4,0,0,4
64,1.815,VISION RES,20,0,4,3,0,1,0,1,0,3,0,8
65,2.393,J VISION,18,1,4,1,1,1,0,3,1,0,0,6
66,,LANG COGN NEUROSCI,18,0,0,5,1,0,1,0,0,4,0,7
67,15.054,NEURON,18,1,9,1,0,1,0,1,1,1,0,3
68,2.030,NEUROSCI LETT,18,1,4,2,1,3,0,2,0,0,0,5
69,10.255,BIOL PSYCHIAT,17,0,4,4,0,1,0,1,0,0,0,7
70,4.598,BRAIN IMAGING BEHAV,17,0,2,2,1,1,0,2,2,0,1,6
71,3.889,CURR ALZHEIMER RES,17,1,3,1,0,0,2,4,2,0,0,4
72,2.968,HEARING RES,17,0,3,5,4,1,3,0,0,1,0,0
73,2.882,INT J PSYCHOPHYSIOL,17,0,4,2,2,0,1,2,1,0,2,3
74,2.862,J EXP PSYCHOL LEARN,17,1,4,2,0,0,0,1,3,4,0,2
75,,PSYCHON B REV,17,0,1,3,2,0,0,3,2,3,0,3
76,2.653,COGN NEUROSCI-UK,16,0,4,0,0,0,2,0,1,4,1,4
77,1.986,ARCH CLIN NEUROPSYCH,15,0,2,1,0,1,0,0,0,0,0,11
78,3.097,CLIN NEUROPHYSIOL,15,0,2,2,1,3,4,0,1,0,0,2
79,5.307,CURR OPIN NEUROL,15,2,4,7,0,0,0,1,0,0,0,1
80,,J AUTISM DEV DISORD,15,0,2,3,2,1,0,0,1,0,1,5
81,,J COGN PSYCHOL,15,0,3,1,1,0,4,4,0,0,0,2
82,8.185,NEUROLOGY,15,1,3,1,0,2,0,1,2,0,0,5
83,6.837,NEUROSCIENTIST,15,0,2,5,1,2,0,2,1,0,0,2
84,,PSYCHOL RES-PSYCH FO,15,0,2,2,0,0,2,3,4,0,1,1
85,5.578,SCI REP-UK,15,3,3,1,0,2,1,2,0,1,0,2
86,20.771,BEHAV BRAIN SCI,14,0,3,0,0,1,4,0,0,3,0,3
87,1.719,CLIN NEUROPSYCHOL,14,0,3,0,0,2,0,0,1,0,0,8
88,4.237,J MEM LANG,14,2,2,3,1,0,0,0,0,3,0,3
89,2.986,PSYCHOPHYSIOLOGY,14,0,3,0,0,3,2,2,2,0,1,1
90,,SCAND J PSYCHOL,14,0,1,0,2,1,2,3,0,1,1,3
91,,ANN DYSLEXIA,13,0,0,1,3,3,2,0,0,0,1,3
92,9.571,CURR BIOL,13,0,4,2,3,2,0,1,0,0,0,1
93,2.474,J NEUROL SCI,13,0,1,2,0,0,0,2,1,1,0,6
94,8.450,SCHIZOPHRENIA BULL,13,0,2,3,0,1,0,4,0,1,0,2
95,,VIS COGN,13,1,1,0,1,1,0,0,1,0,1,7
96,1.808,BRAIN INJURY,12,1,2,2,0,1,0,0,0,0,0,6
97,3.833,DEV COGN NEUROS-NETH,12,0,3,0,0,1,0,1,0,0,0,7
98,2.241,DEV NEUROPSYCHOL,12,0,1,0,0,1,0,3,1,0,4,2
99,3.181,EUR J NEUROSCI,12,1,4,3,1,1,0,1,0,0,0,1
100,3.957,J PSYCHIATR RES,12,0,4,3,1,1,0,1,0,0,0,2
101,1.124,NEUROREHABILITATION,12,0,0,0,0,2,2,0,0,0,0,8
102,1.520,NEUROREPORT,12,0,3,3,1,0,1,3,0,0,1,0
103,9.992,PROG NEUROBIOL,12,0,1,3,3,0,0,1,1,0,1,2
104,2.467,PSYCHIAT RES,12,1,1,1,0,1,1,0,0,0,1,6
105,21.965,TRENDS COGN SCI,12,0,2,4,2,1,0,0,0,2,0,1
106,,AGING NEUROPSYCHOL C,11,0,0,0,0,2,1,1,0,0,0,7
107,2.416,CHILD NEUROPSYCHOL,11,0,0,1,2,1,0,1,0,0,1,5
108,3.547,DEMENT GERIATR COGN,11,0,0,1,0,0,0,2,2,3,0,3
109,,J EXP PSYCHOL GEN,11,0,3,1,1,0,0,1,1,0,0,4
110,3.268,J NEURODEV DISORD,11,0,0,0,0,0,0,3,1,0,3,4
111,3.737,J NEUROSURG,11,0,3,0,1,3,1,2,0,0,0,1
112,,MEMORY,11,0,0,0,2,0,0,2,1,0,0,6
113,3.652,NEUROBIOL LEARN MEM,11,0,4,0,1,2,0,0,0,0,0,4
114,,PERCEPT MOTOR SKILL,11,0,0,1,0,0,1,1,0,1,0,7
115,,TOP COGN SCI,11,0,0,7,1,0,0,1,0,0,0,2
116,1.627,AM J ALZHEIMERS DIS,10,0,1,0,1,2,1,1,1,0,0,3
117,1.594,AM J SPEECH-LANG PAT,10,1,0,0,0,0,6,0,1,0,1,1
118,4.383,ANN NY ACAD SCI,10,0,2,1,1,0,1,2,0,0,0,3
119,,APPL PSYCHOLINGUIST,10,0,2,4,0,0,0,0,0,0,0,4
120,3.307,DEV PSYCHOBIOL,10,0,0,1,0,2,1,1,1,0,0,4
121,3.377,J NEUROL,10,0,0,1,1,2,2,1,0,0,0,3
122,2.424,PSYCHIAT RES-NEUROIM,10,1,2,3,0,1,0,1,0,0,1,1
123,14.756,PSYCHOL BULL,10,0,0,0,0,0,0,0,0,4,0,6
124,,PSYCHOL SCI,10,0,1,1,1,0,1,2,0,0,1,3
125,2.490,RESTOR NEUROL NEUROS,10,0,2,2,0,2,0,0,0,0,0,4
126,3.589,AM J NEURORADIOL,9,0,1,2,0,1,0,5,0,0,0,0
127,,BEHAV RES METHODS,9,0,1,0,2,0,1,3,0,0,2,0
128,3.468,BRAIN TOPOGR,9,1,2,1,0,1,1,0,0,0,0,3
129,2.025,J NEUROSCI METH,9,1,2,1,0,1,0,1,1,0,1,1
130,,LANCET PSYCHIAT,9,0,4,1,1,0,0,1,0,0,0,2
131,31.427,NAT REV NEUROSCI,9,0,3,3,1,0,0,0,0,0,0,2
132,1.447,NEUROL SCI,9,0,1,1,1,2,0,0,0,0,0,4
133,1.955,NEUROPSYCHOL REHABIL,9,0,1,1,0,0,1,0,0,0,0,6
134,3.689,PROG NEURO-PSYCHOPH,9,0,2,0,0,2,2,0,1,0,1,1
135,,PSYCHOL BELG,9,0,1,0,3,0,1,1,0,1,1,1
136,,RES AUTISM SPECT DIS,9,0,0,1,1,0,0,3,0,0,1,3
137,3.205,ALCOHOL CLIN EXP RES,8,0,6,0,0,0,0,0,0,0,2,0
138,2.665,BMC NEUROSCI,8,2,1,0,0,2,1,0,0,0,0,2
139,2.243,BRAIN BEHAV,8,0,3,2,0,1,1,0,0,0,0,1
140,,COGNITION EMOTION,8,0,2,0,2,0,0,0,2,0,0,2
141,6.628,CURR OPIN NEUROBIOL,8,0,1,2,0,1,0,0,0,0,0,4
142,4.571,EPILEPSIA,8,0,0,4,0,0,0,1,0,0,0,3
143,2.015,EPILEPSY RES,8,1,1,0,0,2,0,1,0,1,0,2
144,2.783,EXPERT REV NEUROTHER,8,0,2,6,0,0,0,0,0,0,0,0
145,3.225,J COMP NEUROL,8,0,0,5,1,0,1,0,0,0,0,1
146,2.817,J NEUROPSYCH CLIN N,8,0,0,1,0,2,0,2,0,0,0,3
147,,J RES READ,8,0,0,0,1,4,0,1,0,0,0,2
148,,MEM COGNITION,8,0,1,0,0,0,1,0,2,0,0,4
149,5.680,MOVEMENT DISORD,8,0,3,1,1,1,0,1,0,0,0,1
150,15.358,NAT REV NEUROL,8,2,3,1,1,0,0,1,0,0,0,0
151,3.976,NEUROREHAB NEURAL RE,8,0,0,2,0,0,1,0,0,0,0,5
152,2.440,ALZ DIS ASSOC DIS,7,0,0,1,3,1,0,1,0,1,0,0
153,0.646,APPL NEUROPSYCH-ADUL,7,0,0,0,1,0,1,0,0,0,1,4
154,0.843,ARQ NEURO-PSIQUIAT,7,0,0,0,0,0,0,0,1,0,1,5
155,1.332,CLIN ANAT,7,0,0,1,0,1,0,5,0,0,0,0
156,3.942,CURR OPIN PSYCHIATR,7,7,0,0,0,0,0,0,0,0,0,0
157,3.510,DEV MED CHILD NEUROL,7,0,2,1,2,0,0,1,1,0,0,0
158,,DEV PSYCHOL,7,0,1,1,1,1,0,1,0,0,0,2
159,,ESTUD PSICOL-MADRID,7,0,1,0,0,2,0,1,0,1,0,2
160,2.920,J HEAD TRAUMA REHAB,7,0,0,0,2,1,0,0,0,0,0,4
161,,MIND LANG,7,0,0,0,0,2,0,1,0,1,0,3
162,0.220,NEURAL REGEN RES,7,0,1,0,0,0,0,0,1,0,0,5
163,1.741,NEUROPSYCH DIS TREAT,7,1,0,1,0,2,0,0,1,0,0,2
164,7.048,NEUROPSYCHOPHARMACOL,7,0,3,3,0,0,0,0,0,0,0,1
165,,PSYCHOL RUNDSCH,7,0,0,0,1,0,0,0,1,0,0,5
166,1.786,SEMIN NEUROL,7,1,0,3,0,0,0,1,1,0,0,1
167,4.591,SLEEP,7,0,3,0,0,1,0,0,1,0,0,2
168,,TOP GERIATR REHABIL,7,0,0,0,0,3,0,2,1,1,0,0
169,,WIRES COGN SCI,7,0,2,0,2,0,0,0,1,1,0,1
170,2.878,WORLD NEUROSURG,7,0,4,2,0,1,0,0,0,0,0,0
171,3.137,ANIM BEHAV,6,0,0,0,0,1,0,1,0,2,0,2
172,,BRIT J PSYCHOL,6,0,0,0,1,1,0,2,0,0,0,2
173,,CHILD DEV,6,0,0,0,0,1,1,0,2,0,0,2
174,1.912,COGN NEUROPSYCHIATRY,6,0,0,0,0,0,0,1,0,0,0,5
175,3.059,CURR NEUROL NEUROSCI,6,2,2,2,0,0,0,0,0,0,0,0
176,3.525,EUR ARCH PSY CLIN N,6,0,0,0,0,1,1,1,0,0,0,3
177,0.917,EXP AGING RES,6,0,0,0,0,2,0,2,1,0,0,1
178,,EXP PSYCHOL,6,0,1,0,0,0,1,1,0,0,0,3
179,4.162,HIPPOCAMPUS,6,0,0,1,0,0,0,0,0,0,0,5
180,3.714,J NEUROTRAUM,6,0,0,0,0,1,1,0,1,0,0,3
181,,JPN PSYCHOL RES,6,0,0,0,0,0,0,2,0,1,0,3
182,3.582,NEURAL PLAST,6,0,0,3,1,0,0,1,0,0,0,1
183,0.293,NEUROCIRUGIA,6,0,0,1,0,1,0,4,0,0,0,0
184,1.395,NEUROL CLIN,6,0,2,1,0,2,0,0,0,0,0,1
185,1.381,NEUROLOGIA,6,0,0,0,0,0,0,0,0,1,0,5
186,,NEUROMETHODS,6,0,0,1,0,1,4,0,0,0,0,0
187,,PSICOTHEMA,6,0,0,0,0,1,1,0,0,0,0,4
188,1.634,PSYCHIAT CLIN NEUROS,6,0,0,0,0,1,0,1,1,0,1,2
189,,PSYCHOL AGING,6,0,0,1,0,2,0,0,2,0,0,1
190,5.938,PSYCHOL MED,6,0,0,3,0,0,0,2,0,0,0,1
191,0.830,REV NEUROLOGIA,6,0,0,2,0,0,0,1,2,0,0,1
192,3.330,REV NEUROSCIENCE,6,0,0,0,0,0,0,1,0,3,0,2
193,1.822,SEIZURE-EUR J EPILEP,6,0,1,1,3,0,0,0,0,0,0,1
194,,Z KINDER JUG-PSYCH,6,0,0,0,0,1,5,0,0,0,0,0
195,21.810,ANNU REV PSYCHOL,5,0,1,0,0,0,2,1,0,0,1,0
196,,BILING-LANG COGN,5,0,0,2,1,0,2,0,0,0,0,0
197,1.713,BIOL CYBERN,5,1,1,2,1,0,0,0,0,0,0,0
198,1.579,BIOMED RES INT,5,1,1,1,0,1,1,0,0,0,0,0
199,3.452,CURR PHARM DESIGN,5,0,0,0,1,0,0,0,0,0,0,4
200,,EMOTION,5,0,0,1,1,1,0,0,0,0,0,2
201,4.055,EUR J NEUROL,5,0,1,0,1,1,0,0,0,0,0,2
202,1.356,EUR NEUROL,5,0,0,0,0,1,0,0,1,0,1,2
203,,INT J CLIN EXP HYP,5,0,2,0,0,0,0,0,0,0,0,3
204,1.471,INT J LANG COMM DIS,5,0,0,1,0,1,0,0,0,1,2,0
205,3.383,J AFFECT DISORDERS,5,0,0,0,0,0,1,0,0,0,0,4
206,2.097,J ANAT,5,0,0,2,0,1,0,2,0,0,0,0
207,,J EXP CHILD PSYCHOL,5,0,0,0,0,0,0,2,1,0,0,2
208,0.935,J INTEGR NEUROSCI,5,0,0,2,1,1,0,0,0,0,0,1
209,2.402,J NEURAL TRANSM,5,0,0,0,1,0,3,0,0,1,0,0
210,5.861,J PSYCHIATR NEUROSCI,5,0,2,1,0,0,0,0,0,0,0,2
211,1.325,JOVE-J VIS EXP,5,1,1,0,1,0,0,1,0,1,0,0
212,,LIFE MIND-PHILOS ISS,5,0,0,0,0,0,0,1,0,0,0,4
213,0.671,M S-MED SCI,5,1,1,0,0,1,0,0,1,0,0,1
214,2.090,MAGN RESON IMAGING,5,0,0,1,0,0,0,3,0,0,0,1
215,,MUSIC PERCEPT,5,0,0,0,1,0,3,0,0,0,0,1
216,5.106,NEUROPHARMACOLOGY,5,0,1,2,0,1,0,0,0,0,1,0
217,1.695,PEDIATR NEUROL,5,0,1,2,0,0,0,1,1,0,0,0
218,0.906,PERCEPTION,5,0,0,0,0,1,1,0,0,1,0,2
219,2.833,PROG BRAIN RES,5,0,0,1,1,2,0,0,1,0,0,0
220,,PSICOL-REFLEX CRIT,5,0,0,0,0,2,0,0,0,0,0,3
221,0.704,SEMIN SPEECH LANG,5,0,1,1,0,0,0,0,1,0,0,2
222,1.256,SPEECH COMMUN,5,0,0,1,0,0,2,0,0,0,1,1
223,0.565,ACOUST AUST,4,0,0,2,0,0,2,0,0,0,0,0
224,1.766,ACTA NEUROCHIR,4,0,2,1,0,0,0,0,0,0,0,1
225,3.390,AGE,4,0,0,0,0,0,0,1,1,0,0,2
226,,AJIDD-AM J INTELLECT,4,0,0,0,0,0,1,0,2,0,0,1
227,12.407,ALZHEIMERS DEMENT,4,0,0,2,0,0,0,0,2,0,0,0
228,3.979,ALZHEIMERS RES THER,4,0,1,0,0,0,0,0,2,0,0,1
229,3.416,AM J MED GENET B,4,0,0,0,0,0,0,2,0,0,0,2
230,0.504,AN PSICOL-SPAIN,4,0,0,0,0,0,0,0,0,0,0,4
231,1.853,ARCH GERONTOL GERIAT,4,0,1,1,0,0,0,0,0,0,0,2
232,,ARTHRITIS RHEUMATOL,4,0,1,1,0,0,0,2,0,0,0,0
233,4.330,AUTISM RES,4,0,0,0,2,0,0,1,0,0,1,0
234,2.040,BMC NEUROL,4,0,0,1,0,0,0,1,1,0,0,1
235,1.006,BRAZ J MED BIOL RES,4,0,0,0,0,1,0,1,0,0,0,2
236,,CAN J EXP PSYCHOL,4,0,0,0,0,1,0,0,0,0,0,3
237,1.127,CLIN NEUROL NEUROSUR,4,0,0,0,0,0,0,1,0,0,0,3
238,2.441,CLIN PERINATOL,4,0,3,1,0,0,0,0,0,0,0,0
239,0.831,COGN SYST RES,4,0,0,3,0,0,0,0,0,0,0,1
240,2.252,COMPR PSYCHIAT,4,0,0,0,0,0,0,1,1,0,0,2
241,0.766,COMPUT MATH METHOD M,4,0,1,2,0,1,0,0,0,0,0,0
242,,CURR DIR PSYCHOL SCI,4,0,2,1,0,0,0,1,0,0,0,0
243,3.423,DRUG ALCOHOL DEPEN,4,0,2,0,0,1,0,0,0,0,1,0
244,,DYSLEXIA,4,0,1,0,1,0,1,0,0,0,0,1
245,0.392,GERIATR PSYCHOL NEUR,4,0,1,0,1,0,0,0,0,0,0,2
246,1.598,HUM MOVEMENT SCI,4,0,0,0,0,0,1,0,2,0,0,1
247,,INT J PSYCHOL RELIG,4,0,0,0,0,0,0,0,0,0,4,0
248,1.934,INT PSYCHOGERIATR,4,0,0,0,1,1,0,0,0,0,0,2
249,,J ABNORM PSYCHOL,4,0,2,1,0,0,0,1,0,0,0,0
250,5.338,J BIOMED NANOTECHNOL,4,0,0,0,0,2,0,0,0,0,2,0
251,1.717,J CHILD NEUROL,4,0,1,0,1,1,0,0,0,0,0,1
252,6.459,J CHILD PSYCHOL PSYC,4,0,1,2,0,0,0,1,0,0,0,0
253,,J LEARN DISABIL-US,4,0,0,0,0,1,0,0,1,0,0,2
254,2.740,J NEUROENG REHABIL,4,0,0,0,0,1,0,0,0,0,0,3
255,21.896,LANCET NEUROL,4,0,1,1,0,0,0,0,1,0,0,1
256,,LANG LEARN,4,0,0,2,0,0,0,0,0,0,2,0
257,,LANG SCI,4,1,1,0,0,1,0,0,0,0,0,1
258,1.074,MED HYPOTHESES,4,0,1,1,0,1,0,0,0,0,0,1
259,5.137,MOL NEUROBIOL,4,0,0,2,1,0,1,0,0,0,0,0
260,11.470,NAT COMMUN,4,0,0,0,0,1,1,1,1,0,0,0
261,0.641,NEUROL NEUROCHIR POL,4,0,0,0,0,2,1,0,0,0,0,1
262,2.261,NEUROPSYCHOBIOLOGY,4,0,2,0,0,0,0,1,0,0,0,1
263,5.213,PAIN,4,0,1,0,0,1,2,0,0,0,0,0
264,3.972,PARKINSONISM RELAT D,4,0,1,0,0,1,0,0,0,0,0,2
265,,PERS INDIV DIFFER,4,1,1,0,0,0,0,2,0,0,0,0
266,9.343,PLOS BIOL,4,0,1,1,0,1,1,0,0,0,0,0
267,,PSYCHOL AESTHET CREA,4,0,1,0,0,0,2,1,0,0,0,0
268,,PSYCHOLOGIST,4,0,0,0,0,3,0,0,0,1,0,0
269,,SCI STUD READ,4,0,0,0,1,0,0,1,0,0,0,2
270,2.660,SOC NEUROSCI-UK,4,0,1,0,0,1,1,0,0,0,0,1
271,,SPAN J PSYCHOL,4,0,0,0,0,0,0,0,1,1,0,2
272,3.849,SURV OPHTHALMOL,4,0,0,0,0,1,0,0,2,0,0,1
273,0.826,SYMMETRY-BASEL,4,2,0,0,0,0,0,0,0,0,0,2
274,,TOP LANG DISORD,4,0,0,0,0,3,0,0,0,0,0,1
275,1.452,TOP STROKE REHABIL,4,0,0,0,0,0,0,0,1,0,0,3
276,13.555,TRENDS NEUROSCI,4,1,2,0,0,0,0,0,0,1,0,0
277,1.751,AGING MENT HEALTH,3,0,0,0,0,2,0,0,1,0,0,0
278,2.006,ALCOHOL,3,0,2,1,0,0,0,0,0,0,0,0
279,2.889,ALCOHOL ALCOHOLISM,3,0,1,1,0,0,0,0,0,0,1,0
280,4.235,AM J GERIAT PSYCHIAT,3,0,0,0,0,0,0,0,0,0,0,3
281,2.435,AM J PRIMATOL,3,0,0,1,0,0,0,0,0,0,0,2
282,,AM J PSYCHOL,3,0,0,0,0,1,0,0,0,2,0,0
283,2.405,AMYOTROPH LAT SCL FR,3,0,0,3,0,0,0,0,0,0,0,0
284,2.582,ANIM COGN,3,0,0,0,0,1,0,1,0,0,0,1
285,0.599,ANN INDIAN ACAD NEUR,3,0,0,0,0,0,0,0,2,0,0,1
286,9.977,ANN NEUROL,3,1,0,1,0,0,0,0,0,0,0,1
287,0.946,APPL NEUROPSYCH-CHIL,3,0,0,1,0,0,0,0,0,0,0,2
288,3.407,AUST NZ J PSYCHIAT,3,0,2,0,0,0,0,0,0,1,0,0
289,5.009,BIOCHEM PHARMACOL,3,0,0,0,0,0,0,1,1,0,0,1
290,1.105,CELL J,3,0,0,0,1,2,0,0,0,0,0,0
291,1.114,CHILD NERV SYST,3,0,2,0,0,1,0,0,0,0,0,0
292,,COGNITIVE SCI,3,0,0,3,0,0,0,0,0,0,0,0
293,,CREATIVITY RES J,3,0,0,2,0,0,1,0,0,0,0,0
294,,DEV PSYCHOPATHOL,3,0,0,0,0,1,1,0,0,0,0,1
295,,DIAGN INTERV IMAG,3,0,2,1,0,0,0,0,0,0,0,0
296,1.985,DISABIL REHABIL,3,0,0,0,0,0,1,0,0,0,0,2
297,1.785,EARLY HUM DEV,3,0,1,0,0,0,0,0,1,0,0,1
298,0.698,ENCEPHALE,3,0,1,0,0,0,0,0,2,0,0,0
299,2.301,EUR J PAEDIATR NEURO,3,0,2,0,0,0,0,0,0,0,1,0
300,4.369,EUR NEUROPSYCHOPHARM,3,0,0,0,1,0,0,1,0,0,0,1
301,2.201,FRONT COMPUT NEUROSC,3,0,0,1,0,0,0,1,0,1,0,0
302,3.544,FRONT NEUROANAT,3,0,0,2,0,0,0,0,0,0,0,1
303,3.661,GENES BRAIN BEHAV,3,0,0,0,0,2,0,1,0,0,0,0
304,1.684,HASTINGS CENT REP,3,0,0,0,0,0,0,0,0,3,0,0
305,1.844,INT J AUDIOL,3,0,0,0,0,0,1,0,0,0,0,2
306,1.277,INT J CLIN EXP MED,3,0,0,1,0,1,0,0,0,0,0,1
307,,INT J DEV DISABIL,3,0,0,0,2,0,0,0,0,0,0,1
308,1.521,INT J NEUROSCI,3,0,0,1,0,0,0,0,0,0,0,2
309,4.258,INT J RADIAT ONCOL,3,0,1,0,0,2,0,0,0,0,0,0
310,,INTELLIGENCE,3,0,0,0,0,0,0,0,0,0,1,2
311,1.268,INTERACT COMPUT,3,0,0,1,0,0,0,0,1,0,0,1
312,,INTERDISC EVOL RES,3,0,0,0,0,2,1,0,0,0,0,0
313,0.904,INTERNAL MED,3,0,0,0,0,0,0,0,0,0,0,3
314,3.404,INVEST OPHTH VIS SCI,3,1,2,0,0,0,0,0,0,0,0,0
315,1.585,J ALTERN COMPLEM MED,3,0,0,0,0,0,2,0,0,0,0,1
316,4.572,J AM GERIATR SOC,3,0,0,0,0,1,0,1,0,0,0,1
317,,J ANXIETY DISORD,3,0,0,0,1,0,0,0,0,0,0,2
318,3.779,J ATTEN DISORD,3,0,0,0,0,1,0,0,1,0,1,0
319,,J CHILD LANG,3,0,0,0,0,0,0,0,0,0,3,0
320,1.429,J CLIN NEUROPHYSIOL,3,0,1,0,0,0,1,0,1,0,0,0
321,1.449,J COMMUN DISORD,3,0,1,0,1,0,0,0,0,0,0,1
322,3.733,J HUM EVOL,3,0,0,0,0,0,0,0,0,1,0,2
323,3.210,J MAGN RESON IMAGING,3,0,1,0,0,0,0,2,0,0,0,0
324,1.158,J NEUROSURG SCI,3,1,0,1,0,1,0,0,0,0,0,0
325,,J PSYCHOEDUC ASSESS,3,0,0,1,0,0,0,0,0,0,0,2
326,1.590,J PSYCHOPHYSIOL,3,0,0,0,0,2,1,0,0,0,0,0
327,0.084,J RADIOL DIAGN INTER,3,1,1,1,0,0,0,0,0,0,0,0
328,,J RETAILING,3,0,0,0,0,0,0,0,0,0,0,3
329,2.246,J SPORT SCI,3,0,0,0,0,0,0,0,1,0,0,2
330,7.271,JAMA NEUROL,3,0,2,0,1,0,0,0,0,0,0,0
331,12.008,JAMA PSYCHIAT,3,0,0,1,0,0,0,0,0,0,0,2
332,,LEARN INSTR,3,0,1,0,0,0,0,0,1,0,0,1
333,3.654,MED IMAGE ANAL,3,0,0,2,1,0,0,0,0,0,0,0
334,1.433,MED SCI MONITOR,3,1,1,0,0,0,0,0,0,0,0,1
335,,MOTIV EMOTION,3,0,0,1,1,1,0,0,0,0,0,0
336,0.195,NEUROPHYSIOLOGY+,3,0,0,1,0,1,0,0,0,0,0,1
337,3.620,NEUROSURGERY,3,0,1,0,0,0,0,2,0,0,0,0
338,0.099,NOROPSIKIYATRI ARS,3,0,0,0,0,1,1,1,0,0,0,0
339,3.358,ORPHANET J RARE DIS,3,0,0,0,0,0,0,0,0,0,0,3
340,2.339,PAIN MED,3,0,3,0,0,0,0,0,0,0,0,0
341,2.314,PEDIATR RES,3,0,2,0,0,1,0,0,0,0,0,0
342,2.112,PEERJ,3,0,0,1,0,1,0,0,0,0,1,0
343,27.324,PHYSIOL REV,3,0,0,1,0,0,1,0,0,0,0,1
344,4.620,PLOS COMPUT BIOL,3,0,0,2,0,0,0,0,0,0,0,1
345,,PSYCHOL MUSIC,3,0,0,0,2,0,0,0,0,0,0,1
346,4.944,PSYCHONEUROENDOCRINO,3,0,0,2,0,1,0,0,0,0,0,0
347,6.867,RADIOLOGY,3,0,0,1,0,0,0,1,0,0,0,1
348,,READ WRIT,3,0,0,0,1,0,0,0,0,0,0,2
349,,REV FR LING APPL,3,0,1,2,0,0,0,0,0,0,0,0
350,33.611,SCIENCE,3,0,0,0,0,1,0,0,0,0,0,2
351,,SECOND LANG RES,3,0,0,1,1,0,0,0,0,0,0,1
352,1.047,SURG RADIOL ANAT,3,0,0,1,0,0,0,1,0,0,0,1
353,,SWISS J PSYCHOL,3,0,0,1,0,0,0,0,0,0,0,2
354,,THEOR PSYCHOL,3,0,0,0,0,0,0,0,0,3,0,0
355,,VOP PSIKHOL+,3,1,0,0,0,0,1,0,0,0,0,1
356,3.720,ACTA DERM-VENEREOL,2,0,0,0,2,0,0,0,0,0,0,0
357,0.894,ACTA NEUROL BELG,2,0,0,0,0,0,0,0,0,0,0,2
358,1.958,ADV EXP MED BIOL,2,0,0,0,0,1,0,0,0,0,0,1
359,3.642,AGE AGEING,2,0,0,0,0,0,0,0,0,0,0,2
360,6.634,AGEING RES REV,2,0,0,0,0,1,0,0,1,0,0,0
361,1.215,AGING CLIN EXP RES,2,0,0,1,0,0,0,0,1,0,0,0
362,3.070,AGING DIS,2,0,0,0,0,0,0,0,1,0,0,1
363,3.497,AIDS PATIENT CARE ST,2,0,0,0,1,1,0,0,0,0,0,0
364,1.111,ANN I SUPER SANITA,2,0,1,0,0,1,0,0,0,0,0,0
365,,ANN PSYCHOL,2,0,0,0,1,0,0,0,1,0,0,0
366,,ANNU REV APPL LINGUI,2,1,1,0,0,0,0,0,0,0,0,0
367,19.320,ANNU REV NEUROSCI,2,0,0,1,0,0,0,0,0,1,0,0
368,,APPL COGNITIVE PSYCH,2,0,0,0,0,0,1,1,0,0,0,0
369,2.565,ARCH PHYS MED REHAB,2,0,0,0,0,0,0,0,0,0,0,2
370,1.972,BEHAV BRAIN FUNCT,2,0,0,1,0,0,0,0,0,0,0,1
371,2.728,BEHAV NEUROSCI,2,0,0,0,0,0,0,0,0,0,1,1
372,1.190,BIOL PHILOS,2,0,0,0,0,0,0,0,0,0,0,2
373,2.646,BIOMARK MED,2,0,0,1,0,0,0,0,0,0,1,0
374,0.593,BIOSEMIOTICS-NETH,2,0,0,2,0,0,0,0,0,0,0,0
375,2.271,BMJ OPEN,2,0,0,0,0,0,0,0,0,0,0,2
376,1.880,BRAIN DEV-JPN,2,0,0,0,0,1,0,0,0,0,0,1
377,0.960,BRIT J NEUROSURG,2,0,0,1,0,1,0,0,0,0,0,0
378,2.026,BRIT J RADIOL,2,0,1,0,0,0,0,1,0,0,0,0
379,32.242,CELL,2,0,1,0,0,0,0,0,0,0,0,1
380,3.754,CEREBROVASC DIS,2,0,0,0,0,1,0,1,0,0,0,0
381,2.077,CLIN INTERV AGING,2,0,0,0,0,0,0,0,0,0,0,2
382,0.575,CLIN LINGUIST PHONET,2,0,1,0,0,0,0,0,0,0,0,1
383,3.931,CNS NEUROSCI THER,2,0,0,1,0,0,0,0,0,0,0,1
384,5.064,COGNITIVE PSYCHOL,2,0,0,0,0,0,0,0,0,0,0,2
385,,DREAMING,2,0,0,0,0,1,0,1,0,0,0,0
386,,DRUG-EDUC PREV POLIC,2,0,0,0,0,0,0,0,0,0,0,2
387,2.842,EAR HEARING,2,0,0,0,0,0,0,0,0,0,1,1
388,,EARLY CHILD RES Q,2,0,0,0,0,2,0,0,0,0,0,0
389,1.545,EUR ARCH OTO-RHINO-L,2,0,0,0,0,0,0,0,0,0,0,2
390,2.928,EUR J PAIN,2,0,0,0,0,1,0,1,0,0,0,0
391,1.550,EUR J SPORT SCI,2,0,2,0,0,0,0,0,0,0,0,0
392,,FIRST LANG,2,0,0,0,1,0,0,0,1,0,0,0
393,0.592,FOLIA PHONIATR LOGO,2,0,0,0,0,1,0,0,0,0,0,1
394,3.523,FRONT BIOSCI-LANDMRK,2,0,0,0,0,0,0,1,0,0,0,1
395,4.289,FRONT CELL NEUROSCI,2,0,0,0,0,0,0,0,0,0,0,2
396,3.261,FRONT NEUROINFORM,2,0,0,0,0,0,0,2,0,0,0,0
397,,FRONT NEUROL NEUROSC,2,0,0,0,0,0,0,0,0,0,0,2
398,,I-PERCEPTION,2,0,0,0,0,0,1,0,0,1,0,0
399,0.386,IDEGGYOGY SZEMLE,2,0,1,1,0,0,0,0,0,0,0,0
400,2.393,ILAR J,2,0,2,0,0,0,0,0,0,0,0,0
401,,INT J AGING HUM DEV,2,0,0,0,0,1,0,0,0,0,0,1
402,,INT J BEHAV DEV,2,0,0,1,0,0,0,0,0,0,1,0
403,2.580,INT J DEV NEUROSCI,2,0,0,0,0,0,0,0,0,0,0,2
404,4.009,INT J NEUROPSYCHOPH,2,0,0,0,0,1,0,0,0,0,0,1
405,1.186,INT J PEDIATR OTORHI,2,0,0,0,0,0,0,0,0,2,0,0
406,1.284,INT J REHABIL RES,2,0,0,0,0,1,0,1,0,0,0,0
407,,INT REV SPORT EXER P,2,0,0,0,0,0,0,0,0,2,0,0
408,,J ABNORM CHILD PSYCH,2,0,1,0,0,1,0,0,0,0,0,0
409,1.503,J ACOUST SOC AM,2,0,0,0,1,0,1,0,0,0,0,0
410,7.260,J AM ACAD CHILD PSY,2,0,0,1,0,0,0,1,0,0,0,0
411,,J AM ACAD PSYCHIATRY,2,0,0,0,0,0,0,0,0,0,0,2
412,5.407,J CEREBR BLOOD F MET,2,0,0,1,0,0,0,0,1,0,0,0
413,1.700,J CLIN NEUROL,2,0,0,0,0,0,0,0,0,0,0,2
414,,J CONSCIOUSNESS STUD,2,0,0,0,0,0,0,0,0,0,0,2
415,,J CROSS CULT PSYCHOL,2,0,0,0,0,0,1,0,0,0,0,1
416,5.416,J GERONTOL A-BIOL,2,0,0,0,0,1,0,0,0,0,1,0
417,2.801,J HEADACHE PAIN,2,0,0,0,0,1,0,0,0,0,0,1
418,,J INTELL DISABIL RES,2,0,0,0,0,0,0,0,0,1,1,0
419,1.266,J KOREAN MED SCI,2,0,0,0,0,0,1,1,0,0,0,0
420,1.688,J NERV MENT DIS,2,0,0,0,0,1,0,1,0,0,0,0
421,3.138,J NEUROENDOCRINOL,2,0,1,0,0,0,0,1,0,0,0,0
422,1.482,J NEUROSURG-PEDIATR,2,0,0,0,1,1,0,0,0,0,0,0
423,,J PERS SOC PSYCHOL,2,0,0,0,1,0,0,0,0,0,0,1
424,0.392,J PHYS THER SCI,2,0,0,0,0,0,1,0,1,0,0,0
425,3.898,J PSYCHOPHARMACOL,2,0,0,0,0,2,0,0,0,0,0,0
426,1.190,J VESTIBUL RES-EQUIL,2,0,1,0,0,0,0,0,0,0,0,1
427,45.217,LANCET,2,1,0,0,0,0,0,0,0,0,0,1
428,,LANG COMMUN,2,0,0,1,0,0,0,0,0,1,0,0
429,1.040,LANG SPEECH,2,0,0,1,0,0,0,0,0,1,0,0
430,,LANGUAGE,2,0,0,0,0,0,0,1,0,1,0,0
431,2.144,LARYNGOSCOPE,2,0,0,1,0,0,0,0,0,0,0,1
432,,LECT NOTES COMPUT SC,2,0,0,0,0,0,0,1,0,0,0,1
433,2.942,MATURITAS,2,1,0,0,0,0,0,0,0,1,0,0
434,2.638,METAB BRAIN DIS,2,0,0,0,0,0,0,0,0,0,0,2
435,0.911,MIL MED,2,0,1,0,0,0,0,0,0,1,0,0
436,5.413,MOL AUTISM,2,0,0,0,1,0,0,0,0,0,0,1
437,14.496,MOL PSYCHIATR,2,0,0,0,0,0,0,1,0,0,1,0
438,0.781,MULTISENS RES,2,0,0,1,0,0,0,0,0,1,0,0
439,2.283,MUSCLE NERVE,2,0,1,1,0,0,0,0,0,0,0,0
440,,MUSIC SCI,2,0,0,0,2,0,0,0,0,0,0,0
441,16.095,NAT NEUROSCI,2,0,0,1,0,1,0,0,0,0,0,0
442,5.078,NEUROBIOL DIS,2,0,0,0,0,1,0,1,0,0,0,0
443,2.485,NEURORADIOLOGY,2,0,0,1,0,0,0,1,0,0,0,0
444,1.937,NEUROSCI RES,2,0,0,0,0,0,0,0,0,0,0,2
445,5.473,PEDIATRICS,2,0,0,1,0,0,0,0,1,0,0,0
446,,PERSPECT PSYCHOL SCI,2,0,0,0,0,1,0,1,0,0,0,0
447,2.976,PHYSIOL BEHAV,2,0,1,1,0,0,0,0,0,0,0,0
448,1.808,PHYSIOL MEAS,2,0,0,1,0,0,1,0,0,0,0,0
449,2.993,PLAST RECONSTR SURG,2,0,0,0,0,1,0,0,0,0,0,1
450,,PROCD SOC BEHV,2,0,1,0,0,0,1,0,0,0,0,0
451,,PROCEDIA COMPUT SCI,2,0,0,0,1,1,0,0,0,0,0,0
452,,PSYCHIAT CLIN N AM,2,0,0,1,0,0,0,0,0,0,0,1
453,1.280,PSYCHIAT INVEST,2,0,1,0,0,0,0,0,0,0,1,0
454,0.988,PSYCHOGERIATRICS,2,0,0,0,0,0,1,0,0,0,0,1
455,,PSYCHOL MARKET,2,0,2,0,0,0,0,0,0,0,0,0
456,,PSYCHOL REP,2,0,0,1,0,0,0,0,0,0,0,1
457,2.084,PSYCHOPATHOLOGY,2,0,1,0,0,0,0,1,0,0,0,0
458,3.875,PSYCHOPHARMACOLOGY,2,0,0,1,0,1,0,0,0,0,0,0
459,,PSYCHOTHERAPY,2,0,0,0,0,0,0,0,0,0,1,1
460,,READ RES QUART,2,0,0,0,0,0,0,0,0,0,0,2
461,2.183,SCIENTOMETRICS,2,0,0,0,1,0,0,0,0,0,0,1
462,1.198,SEMIN ULTRASOUND CT,2,0,0,0,0,0,0,2,0,0,0,0
463,5.761,STROKE,2,0,1,0,0,0,0,0,0,1,0,0
464,5.620,TRANSL PSYCHIAT,2,0,1,0,0,0,0,1,0,0,0,0
465,,TRANSPORT RES F-TRAF,2,0,0,0,0,0,0,0,1,0,0,1
466,,WORLD ARCHAEOL,2,0,0,1,0,0,0,0,1,0,0,0
467,4.183,WORLD J BIOL PSYCHIA,2,0,0,0,0,1,0,1,0,0,0,0
468,1.287,YONSEI MED J,2,0,1,0,1,0,0,0,0,0,0,0
Copyright Â© 2018 Clarivate Analytics,,,,,,,,,,,,,,
"By exporting the selected data, you agree to the data usage policy set forth in the Terms of Use",,,,,,,,,,,,,,
