Citing Journal Data: NATURE NEUROSCIENCE,,,,,,,,,,,,,,
,Impact Factor,Cited Journal,All Yrs,2014,2013,2012,2011,2010,2009,2008,2007,2006,2005,Rest
1, ,ALL Journals,11826,384,1216,1251,1071,982,876,734,645,554,449,3664
2, ,ALL OTHERS (621),621,19,48,48,46,35,29,40,25,28,17,286
3,6.344,J NEUROSCI,1103,11,108,118,114,80,84,85,71,65,42,325
4,15.054,NEURON,992,40,113,123,127,107,68,64,49,44,41,216
5,16.095,NAT NEUROSCI,770,105,119,85,82,76,62,31,31,31,24,124
6,41.456,NATURE,757,28,71,110,68,69,58,55,43,34,27,194
7,33.611,SCIENCE,550,10,28,44,30,43,44,35,29,22,28,237
8,9.674,P NATL ACAD SCI USA,543,15,56,49,51,66,44,30,34,36,21,141
9,2.887,J NEUROPHYSIOL,294,1,11,8,12,10,17,20,24,8,15,168
10,32.242,CELL,251,10,27,27,23,16,20,18,18,21,9,62
11,31.427,NAT REV NEUROSCI,219,2,21,20,15,22,31,23,22,20,7,36
12,3.225,J COMP NEUROL,148,2,3,5,4,3,7,9,9,4,7,95
13,29.352,NAT GENET,139,2,28,15,17,8,10,5,4,6,6,38
14,6.357,NEUROIMAGE,134,2,26,15,22,13,9,7,3,3,4,30
15,13.555,TRENDS NEUROSCI,134,1,9,11,16,14,12,4,8,10,7,42
16,3.234,PLOS ONE,131,2,26,45,23,13,7,9,6,0,0,0
17,8.665,CEREB CORTEX,115,4,17,10,11,3,11,5,8,6,4,36
18,19.320,ANNU REV NEUROSCI,113,2,6,7,6,7,11,4,12,3,5,50
19,5.037,J PHYSIOL-LONDON,107,0,6,4,3,3,6,3,7,3,6,66
20,6.628,CURR OPIN NEUROBIOL,105,6,12,17,8,8,5,6,4,9,3,27
21,2.843,BRAIN RES,101,0,4,1,7,7,1,3,2,3,1,72
22,3.357,NEUROSCIENCE,101,3,5,3,5,5,2,7,6,6,5,54
23,4.573,J BIOL CHEM,92,1,4,6,6,4,3,7,1,4,9,47
24,3.181,EUR J NEUROSCI,88,2,1,7,8,5,13,8,9,7,4,24
25,9.571,CURR BIOL,77,3,12,11,6,7,8,7,2,3,4,14
26,9.834,J CELL BIOL,69,0,2,1,1,3,5,6,6,0,7,38
27,32.072,NAT METHODS,63,6,6,14,7,8,13,4,3,1,1,0
28,9.343,PLOS BIOL,63,2,4,7,6,5,2,10,9,5,6,7
29,21.965,TRENDS COGN SCI,63,1,10,3,6,4,1,4,6,3,7,18
30,6.462,DEVELOPMENT,57,2,5,0,4,4,3,4,4,2,2,27
31,7.048,NEUROPSYCHOPHARMACOL,52,2,10,7,3,13,3,5,0,1,2,6
32,5.213,PAIN,52,1,15,7,6,4,2,5,0,3,2,7
33,9.977,ANN NEUROL,50,1,4,9,3,2,2,4,1,2,2,20
34,9.196,BRAIN,49,0,4,9,1,0,6,2,3,2,3,19
35,10.931,AM J HUM GENET,47,1,7,13,3,4,4,2,1,1,2,9
36,6.393,HUM MOL GENET,47,2,4,3,8,5,3,1,4,1,2,14
37,4.620,PLOS COMPUT BIOL,45,1,10,9,10,4,6,3,1,1,0,0
38,4.162,HIPPOCAMPUS,44,0,1,2,4,2,3,4,5,3,1,19
39,2.036,EXP BRAIN RES,42,0,0,0,0,0,0,2,0,1,1,38
40,7.972,PSYCHOL REV,42,0,5,1,0,1,1,0,1,2,2,29
41,9.112,NUCLEIC ACIDS RES,40,4,8,2,4,6,5,2,1,3,1,4
42,10.255,BIOL PSYCHIAT,36,1,1,5,4,7,3,1,2,5,2,5
43,10.434,EMBO J,34,1,0,5,2,1,6,0,1,2,1,15
44,27.324,PHYSIOL REV,34,1,1,1,3,6,7,0,0,1,0,14
45,3.657,LEARN MEMORY,33,1,1,5,1,0,6,5,7,1,0,6
46,41.514,NAT BIOTECHNOL,33,0,5,5,5,7,1,3,0,1,2,4
47,28.223,NAT MED,33,4,3,3,4,5,2,3,0,2,3,4
48,4.281,J NEUROCHEM,32,1,2,1,2,3,2,0,2,3,1,15
49,2.207,NEURAL COMPUT,32,0,3,0,1,1,0,2,0,3,0,22
50,8.185,NEUROLOGY,32,0,2,3,3,3,1,2,3,4,3,8
51,8.802,NEUROSCI BIOBEHAV R,32,2,6,2,2,3,2,0,1,0,1,13
52,1.815,VISION RES,32,0,1,1,2,0,0,0,0,3,1,24
53,14.496,MOL PSYCHIATR,31,1,8,10,3,2,1,1,1,0,2,2
54,55.873,NEW ENGL J MED,31,0,8,5,0,1,4,3,2,0,0,8
55,3.028,BEHAV BRAIN RES,30,0,0,3,1,1,1,1,2,2,2,17
56,7.055,PHILOS T R SOC B,30,3,0,1,0,0,3,2,1,0,2,18
57,7.528,PLOS GENET,30,1,6,8,6,3,2,3,0,1,0,0
58,6.031,GLIA,29,1,4,4,1,2,4,4,3,1,0,5
59,13.262,J CLIN INVEST,29,0,3,5,8,5,0,1,2,2,1,2
60,2.025,J NEUROSCI METH,29,1,1,3,2,2,4,1,4,1,1,9
61,2.393,J VISION,29,0,5,5,7,3,4,1,1,0,0,3
62,45.217,LANCET,29,2,7,4,2,2,1,0,0,2,2,7
63,36.978,NAT REV GENET,29,1,7,7,0,2,8,1,1,1,0,1
64,4.383,ANN NY ACAD SCI,28,0,2,1,3,2,3,5,4,0,0,8
65,10.810,GENOME BIOL,27,4,2,8,1,4,3,1,3,0,0,1
66,14.630,GENOME RES,27,1,6,7,3,4,0,2,1,2,0,1
67,4.085,J COGNITIVE NEUROSCI,27,2,3,3,3,2,2,1,0,2,0,9
68,21.896,LANCET NEUROL,27,1,7,3,3,4,2,1,4,1,1,0
69,5.106,NEUROPHARMACOLOGY,27,1,1,2,6,4,3,0,0,0,1,9
70,9.992,PROG NEUROBIOL,27,0,3,2,2,3,2,2,0,1,1,11
71, ,BRAIN RES REV,26,0,0,0,2,0,2,4,6,0,0,12
72,2.976,PHYSIOL BEHAV,26,0,1,0,1,3,1,0,0,1,1,18
73,2.833,PROG BRAIN RES,26,1,0,3,4,0,1,1,3,2,0,11
74,10.798,GENE DEV,25,2,2,0,2,0,4,1,2,0,1,11
75,9.673,NAT PROTOC,25,1,0,4,3,7,3,1,0,6,0,0
76,2.030,NEUROSCI LETT,24,0,2,5,1,2,1,1,1,0,0,11
77,3.840,MOL CELL NEUROSCI,23,1,3,1,1,2,1,2,0,0,2,10
78,3.270,FRONT BEHAV NEUROSCI,21,2,7,5,4,3,0,0,0,0,0,0
79, ,PSYCHOL SCI,20,0,3,2,4,1,2,1,1,1,1,4
80,4.696,EXP NEUROL,19,0,0,2,1,1,0,0,1,1,1,12
81,5.013,NEUROBIOL AGING,19,1,5,3,3,0,1,0,1,0,0,5
82,3.875,PSYCHOPHARMACOLOGY,19,0,2,1,1,0,1,0,4,3,0,7
83,2.728,BEHAV NEUROSCI,18,0,0,0,0,3,1,1,2,1,2,8
84,4.981,BIOINFORMATICS,18,1,2,4,1,3,5,0,0,0,0,2
85,3.656,FRONT NEUROSCI-SWITZ,18,1,5,8,1,0,0,1,2,0,0,0
86,1.739,J COMPUT NEUROSCI,18,0,1,3,0,4,0,0,0,0,1,9
87,19.679,NAT CELL BIOL,18,0,4,0,0,1,6,3,1,1,0,2
88,22.268,CELL STEM CELL,17,2,1,4,1,1,2,6,0,0,0,0
89,3.547,DEV BIOL,17,0,1,0,1,0,1,4,2,2,0,6
90,3.972,J PHARMACOL EXP THER,17,0,0,3,0,1,1,1,3,1,1,6
91,14.018,MOL CELL,17,0,1,1,1,6,0,2,2,1,0,3
92,11.470,NAT COMMUN,17,4,4,5,3,1,0,0,0,0,0,0
93,37.806,NAT REV MOL CELL BIO,17,0,1,3,3,3,1,1,3,0,0,2
94,3.972,BIOPHYS J,16,0,1,0,2,1,3,3,0,1,0,5
95,2.594,J NEUROSCI RES,16,1,2,1,0,3,1,2,0,0,1,5
96,4.466,MOL BIOL CELL,16,0,0,3,1,2,0,0,1,1,5,3
97,5.078,NEUROBIOL DIS,16,0,3,5,2,0,1,2,1,0,0,2
98,2.207,VISUAL NEUROSCI,16,0,0,0,1,0,0,0,1,1,0,13
99,5.432,J CELL SCI,15,0,1,0,0,0,1,3,0,1,1,8
100,6.564,MOL CELL PROTEOMICS,15,0,2,3,0,3,3,0,0,2,0,2
101,13.309,NAT STRUCT MOL BIOL,15,1,1,0,3,4,2,1,0,2,0,1
102,3.302,NEUROPSYCHOLOGIA,15,0,0,0,4,1,1,1,1,3,0,4
103, ,ADV NEURAL INF PROCE,14,0,2,2,3,0,1,0,0,2,0,4
104,7.419,ARCH NEUROL-CHICAGO,14,0,0,1,2,2,0,1,3,0,0,5
105,8.358,CELL REP,14,2,6,6,0,0,0,0,0,0,0,0
106,9.708,DEV CELL,14,1,1,1,1,2,2,0,2,0,0,4
107,12.295,AM J PSYCHIAT,13,0,0,2,4,2,0,0,0,0,4,1
108,17.565,CELL METAB,13,0,2,1,3,1,3,0,0,1,1,1
109,5.969,HUM BRAIN MAPP,13,1,2,0,3,1,2,0,0,0,0,4
110,4.151,J ALZHEIMERS DIS,13,0,2,4,2,5,0,0,0,0,0,0
111,1.520,NEUROREPORT,13,0,1,0,0,1,1,0,0,0,1,9
112,21.810,ANNU REV PSYCHOL,12,0,1,2,0,2,0,2,0,2,1,2
113,4.842,BRIT J PHARMACOL,12,2,1,1,1,0,1,4,1,0,0,1
114, ,FRONT SYST NEUROSCI,12,0,0,1,6,1,0,3,1,0,0,0
115,4.788,J GEN PHYSIOL,12,0,1,0,2,0,0,0,1,0,0,8
116,6.335,J MED GENET,12,0,1,2,1,1,3,0,0,1,0,3
117,6.807,J NEUROL NEUROSUR PS,12,0,1,2,0,1,0,1,0,0,0,7
118,4.010,J PAIN,12,0,1,1,1,1,4,1,1,0,2,0
119,3.654,MOL PAIN,12,0,0,3,5,1,1,0,1,0,1,0
120,12.407,ALZHEIMERS DEMENT,11,1,0,3,3,1,0,0,3,0,0,0
121,14.480,ARCH GEN PSYCHIAT,11,0,0,2,0,1,2,1,0,0,1,4
122,3.626,FRONT HUM NEUROSCI,11,1,1,1,2,6,0,0,0,0,0,0
123,3.568,FRONT NEURAL CIRCUIT,11,0,5,3,1,1,1,0,0,0,0,0
124,3.261,FRONT NEUROINFORM,11,0,2,3,4,2,0,0,0,0,0,0
125,3.797,J NEUROPATH EXP NEUR,11,0,0,2,0,1,0,0,0,2,1,5
126, ,PERCEPT PSYCHOPHYS,11,0,0,0,0,0,0,0,0,1,1,9
127,4.503,ENDOCRINOLOGY,10,0,0,1,3,0,0,1,2,0,0,3
128,5.043,FASEB J,10,0,2,1,1,1,2,1,0,0,0,2
129,12.515,J EXP MED,10,1,0,1,1,1,0,1,1,0,1,3
130, ,J NEUROBIOL,10,0,0,0,0,0,0,0,0,0,2,8
131,4.777,MOL CELL BIOL,10,0,0,2,0,0,1,0,1,0,0,6
132,2.825,NEUROINFORMATICS,10,1,0,2,0,0,1,3,1,0,1,1
133,7.512,PHYS REV LETT,10,0,1,0,1,1,0,0,0,2,0,5
134,18.510,ANNU REV PHYSIOL,9,0,2,1,0,1,0,0,0,0,1,4
135,20.771,BEHAV BRAIN SCI,9,0,0,2,0,0,0,0,0,1,0,6
136,2.297,BIOCHEM BIOPH RES CO,9,0,1,0,2,0,1,0,1,2,0,2
137,2.665,BMC NEUROSCI,9,0,0,1,1,1,0,2,0,2,1,1
138,5.618,BRAIN STRUCT FUNCT,9,0,5,1,0,0,0,0,2,0,0,1
139,9.329,CANCER RES,9,0,0,1,0,0,0,3,1,2,0,2
140,3.157,CHEM SENSES,9,0,0,2,0,0,0,0,1,1,2,3
141,3.287,COGN AFFECT BEHAV NE,9,0,1,0,0,0,1,1,2,0,1,3
142, ,COGNITION,9,0,0,1,0,2,0,1,0,0,0,5
143, ,ELECTROEN CLIN NEURO,9,0,0,0,0,0,0,0,0,0,0,9
144,4.780,EPIGENETICS-US,9,0,3,2,1,1,0,0,1,1,0,0
145,4.289,FRONT CELL NEUROSCI,9,1,4,0,2,1,0,1,0,0,0,0
146,4.922,J IMMUNOL,9,0,2,1,0,0,0,0,2,0,2,2
147,7.216,J INVEST DERMATOL,9,0,2,1,0,2,2,1,0,0,0,1
148, ,J PERS SOC PSYCHOL,9,0,0,0,0,0,0,0,0,1,0,8
149, ,MOUSE BRAIN STEREOTA,9,0,0,1,0,0,0,1,0,0,0,7
150,5.680,MOVEMENT DISORD,9,0,1,2,1,1,1,2,0,0,0,1
151,1.937,NEUROSCI RES,9,0,0,1,0,0,0,0,1,0,0,7
152,6.837,NEUROSCIENTIST,9,0,0,0,2,0,2,0,1,0,0,4
153,8.450,SCHIZOPHRENIA BULL,9,0,2,1,0,0,3,0,3,0,0,0
154,15.843,SCI TRANSL MED,9,0,3,5,0,1,0,0,0,0,0,0
155,11.539,TRENDS PHARMACOL SCI,9,0,1,0,0,2,3,0,0,0,2,1
156,10.762,ACTA NEUROPATHOL,8,0,1,1,0,0,1,1,0,0,0,4
157,3.416,AM J MED GENET B,8,0,4,1,1,1,0,0,0,0,0,1
158,4.882,BBA-MOL BASIS DIS,8,0,0,4,1,2,0,0,1,0,0,0
159,8.095,DIABETES,8,0,0,0,0,2,0,3,1,0,0,2
160,2.532,EUR J PHARMACOL,8,0,0,0,0,2,1,1,0,1,0,3
161, ,FRONT PSYCHOL,8,0,2,1,5,0,0,0,0,0,0,0
162,5.963,GENETICS,8,0,1,0,0,4,0,0,0,1,0,2
163,2.036,J COMP PHYSIOL A,8,0,0,0,0,1,0,0,0,2,0,5
164, ,J EXP PSYCHOL GEN,8,0,2,0,0,0,0,1,0,0,0,5
165,3.358,J EXP PSYCHOL HUMAN,8,0,1,0,0,0,0,0,0,0,0,7
166,35.289,JAMA-J AM MED ASSOC,8,0,1,0,0,4,0,0,0,0,0,3
167,0.870,NETWORK-COMP NEURAL,8,0,0,0,0,0,0,1,1,0,0,6
168,3.652,NEUROBIOL LEARN MEM,8,0,0,1,1,1,1,0,1,0,0,3
169,5.473,PEDIATRICS,8,0,1,0,1,1,0,1,0,0,1,3
170,17.099,PHARMACOL REV,8,0,0,1,3,2,1,0,0,0,0,1
171,4.591,SLEEP,8,0,0,3,0,0,3,0,0,0,0,2
172,6.523,STEM CELLS,8,0,1,1,1,0,1,2,1,0,0,1
173,2.159,AM J MED GENET A,7,0,2,0,0,1,2,1,1,0,0,0
174,16.660,ANNU REV CELL DEV BI,7,0,0,0,3,0,2,0,0,0,1,1
175,8.957,ANNU REV GENOM HUM G,7,0,0,0,0,2,1,0,0,0,3,1
176,1.713,BIOL CYBERN,7,0,0,0,0,1,0,0,0,1,0,5
177,2.718,BRAIN RES BULL,7,0,0,1,0,0,0,0,1,0,0,5
178,3.510,DEV MED CHILD NEUROL,7,0,3,0,0,1,0,0,0,0,1,2
179,9.322,ELIFE,7,3,4,0,0,0,0,0,0,0,0,0
180,3.169,FEBS LETT,7,0,0,0,2,0,0,0,0,0,2,3
181,2.201,FRONT COMPUT NEUROSC,7,0,2,0,0,3,0,0,2,0,0,0
182, ,FRONT INTEGR NEUROSC,7,0,1,2,0,0,2,0,2,0,0,0
183,3.544,FRONT NEUROANAT,7,0,0,2,4,1,0,0,0,0,0,0
184,2.018,GENESIS,7,0,0,0,0,0,0,0,1,1,1,4
185,21.561,IMMUNITY,7,0,2,1,0,1,0,0,0,0,0,3
186,1.558,J OPT SOC AM A,7,0,0,0,0,0,0,0,0,0,0,7
187,12.996,NAT CHEM BIOL,7,2,0,0,4,0,0,0,0,0,1,0
188,15.358,NAT REV NEUROL,7,1,2,4,0,0,0,0,0,0,0,0
189,0.906,PERCEPTION,7,0,0,0,0,0,0,0,1,0,0,6
190,2.288,PHYS REV E,7,0,0,0,1,1,0,1,0,0,0,4
191,5.761,STROKE,7,0,0,0,1,1,1,0,2,0,0,2
192,2.127,SYNAPSE,7,0,0,0,0,0,1,1,0,0,0,5
193,12.007,TRENDS CELL BIOL,7,1,1,1,0,1,0,0,1,0,1,1
194,18.365,ANNU REV PHARMACOL,6,0,2,1,0,0,0,0,0,0,0,3
195,3.986,BMC GENOMICS,6,1,3,1,0,0,0,0,0,0,0,1
196,5.064,COGNITIVE PSYCHOL,6,0,0,0,0,0,0,0,0,0,0,6
197,9.469,CSH PERSPECT MED,6,0,2,4,0,0,0,0,0,0,0,0
198,8.665,EMBO MOL MED,6,0,2,2,1,1,0,0,0,0,0,0
199,4.349,EUR J HUM GENET,6,0,0,3,0,2,0,0,0,0,0,1
200, ,J NEUROCYTOL,6,0,0,0,0,0,0,0,0,0,0,6
201,3.714,J NEUROTRAUM,6,2,1,0,1,1,0,0,1,0,0,0
202,4.245,J PROTEOME RES,6,1,1,2,0,0,1,0,0,0,0,1
203,41.908,NAT REV DRUG DISCOV,6,0,1,1,0,3,0,1,0,0,0,0
204,34.985,NAT REV IMMUNOL,6,0,0,1,1,0,2,1,0,0,0,1
205,2.708,NEURAL NETWORKS,6,0,0,0,0,0,1,1,0,1,0,3
206,5.051,P ROY SOC B-BIOL SCI,6,0,0,0,1,0,0,0,0,1,0,4
207,7.372,SOC COGN AFFECT NEUR,6,1,2,1,1,0,0,0,1,0,0,0
208,9.918,TRENDS GENET,6,0,0,1,1,0,3,1,0,0,0,0
209, ,**NON-TRADITIONAL**,5,0,0,0,0,0,0,0,0,0,0,5
210,5.359,ADDICT BIOL,5,1,1,0,1,1,0,0,0,1,0,0
211, ,AM J MED GENET,5,0,0,0,0,0,0,0,0,0,0,5
212,4.591,AM J PATHOL,5,0,0,0,0,0,0,0,1,1,0,3
213,3.106,AM J PHYSIOL-REG I,5,0,1,0,1,0,0,0,0,1,0,2
214,30.283,ANNU REV BIOCHEM,5,0,0,1,1,0,0,1,0,1,0,1
215,3.015,BIOCHEMISTRY-US,5,0,0,0,1,0,0,2,1,0,0,1
216,10.452,BLOOD,5,0,0,1,0,0,1,1,0,1,0,1
217,2.576,BMC BIOINFORMATICS,5,0,0,0,0,2,3,0,0,0,0,0
218,3.513,CELL CALCIUM,5,0,0,0,0,1,0,0,0,1,0,3
219,5.808,CELL MOL LIFE SCI,5,1,1,2,0,0,0,0,0,0,0,1
220,3.565,CELL TISSUE RES,5,0,0,0,0,0,0,0,0,1,1,3
221, ,CONSCIOUS COGN,5,0,2,0,1,0,1,0,0,0,1,0
222,8.679,CSH PERSPECT BIOL,5,0,0,1,2,1,1,0,0,0,0,0
223,2.376,DEV DYNAM,5,0,0,1,0,1,0,1,0,1,0,1
224,2.697,DEV NEUROSCI-BASEL,5,0,0,0,1,0,1,0,0,0,1,2
225,4.084,FRONT MOL NEUROSCI,5,0,2,1,1,1,0,0,0,0,0,0
226,3.661,GENES BRAIN BEHAV,5,0,1,0,0,0,1,0,0,0,0,3
227,5.340,HUM MUTAT,5,0,2,0,0,1,0,0,1,0,0,1
228,1.921,INT REV NEUROBIOL,5,0,0,0,1,0,1,0,0,0,0,3
229,1.503,J ACOUST SOC AM,5,0,0,0,0,0,0,2,0,0,0,3
230,2.897,J EXP BIOL,5,1,0,0,0,0,1,1,0,0,0,2
231, ,J EXP PSYCHOL,5,0,0,0,0,0,0,0,0,0,0,5
232,2.702,LIFE SCI,5,0,1,1,0,0,0,0,0,0,1,2
233, ,NEURON GLIA BIOL,5,0,0,0,1,0,2,2,0,0,0,0
234,5.054,NEUROTHERAPEUTICS,5,0,0,2,1,1,0,0,1,0,0,0
235,2.781,PHARMACOL BIOCHEM BE,5,0,0,1,0,0,0,0,0,1,1,2
236,14.756,PSYCHOL BULL,5,0,0,0,0,0,0,0,0,0,0,5
237, ,PSYCHON B REV,5,0,0,0,1,0,0,0,0,0,1,3
238,11.227,TRENDS BIOCHEM SCI,5,0,0,0,0,0,0,0,0,2,0,3
239,2.214,ULTRASOUND MED BIOL,5,0,1,0,0,0,0,0,0,0,0,4
240, ,21 WORLD C PSYCH GEN,4,0,4,0,0,0,0,0,0,0,0,0
241,4.362,ACS CHEM NEUROSCI,4,0,2,1,1,0,0,0,0,0,0,0
242,4.829,ADDICTION,4,0,0,0,0,0,0,0,0,0,0,4
243, ,AM J ANAT,4,0,0,0,0,0,0,0,0,0,0,4
244, ,AM PSYCHOL,4,0,0,0,1,0,0,0,0,0,0,3
245,5.889,BRAIN BEHAV IMMUN,4,0,0,0,2,0,0,1,0,0,0,1
246,4.399,BRAIN STIMUL,4,0,1,0,1,1,1,0,0,0,0,0
247,23.523,CANCER CELL,4,0,2,0,1,0,0,1,0,0,0,0
248,8.184,CELL DEATH DIFFER,4,0,0,0,1,1,0,0,1,1,0,0
249,6.645,CHEM BIOL,4,0,0,0,0,0,2,1,0,1,0,0
250,3.931,CLIN GENET,4,0,1,1,1,0,0,0,0,1,0,0
251,2.628,CNS NEUROL DISORD-DR,4,0,2,1,0,0,1,0,0,0,0,0
252,8.467,CURR OPIN CELL BIOL,4,0,0,0,0,0,0,2,0,0,0,2
253, ,CURR PROTOC NEUROSCI,4,0,0,1,1,0,1,0,0,0,0,1
254, ,DEVELOPMENTAL SCI,4,0,0,1,1,1,0,1,0,0,0,0
255, ,DIAGN STAT MAN MENT,4,0,2,0,0,0,0,0,0,0,0,2
256,9.055,EMBO REP,4,0,1,0,0,0,2,0,1,0,0,0
257,2.928,EUR J PAIN,4,0,0,1,0,1,0,1,0,0,1,0
258,4.001,FEBS J,4,0,1,1,0,1,1,0,0,0,0,0
259, ,FRONT GENET,4,1,1,1,1,0,0,0,0,0,0,0
260, ,HIPPOCAMPUS COGNITIV,4,0,0,0,0,0,0,0,0,0,0,4
261,2.882,INT J PSYCHOPHYSIOL,4,0,0,0,1,0,0,0,0,0,1,2
262,3.404,INVEST OPHTH VIS SCI,4,0,0,0,0,0,0,0,2,1,0,1
263,3.056,J APPL PHYSIOL,4,0,1,1,0,1,0,0,0,0,0,1
264,5.407,J CEREBR BLOOD F MET,4,0,1,0,0,1,0,0,0,1,0,1
265, ,J COMP PHYSIOL,4,0,0,0,0,0,0,0,0,0,0,4
266, ,J COMP PHYSIOL PSYCH,4,0,0,0,0,0,0,0,0,0,0,4
267,2.862,J EXP PSYCHOL LEARN,4,0,0,0,0,0,1,1,0,0,0,2
268,4.421,J LIPID RES,4,0,0,0,1,1,1,0,0,0,0,1
269,4.333,J MOL BIOL,4,0,0,1,0,0,0,0,0,0,0,3
270,2.467,J NEUROIMMUNOL,4,0,0,0,0,0,0,0,0,0,0,4
271,3.790,J PEDIATR-US,4,0,0,0,0,1,1,0,0,0,0,2
272,1.899,J PHYSIOL-PARIS,4,0,0,1,0,0,0,1,0,0,0,2
273,3.347,J SLEEP RES,4,0,0,0,0,0,0,0,3,0,0,1
274,12.008,JAMA PSYCHIAT,4,2,2,0,0,0,0,0,0,0,0,0
275,1.325,JOVE-J VIS EXP,4,0,2,0,0,0,1,1,0,0,0,0
276, ,LAW HUMAN BEHAV,4,0,0,0,0,0,0,0,1,2,0,1
277,2.440,MECH DEVELOP,4,0,0,0,0,0,0,1,0,0,0,3
278, ,MEM COGNITION,4,0,0,0,1,1,0,0,0,0,0,2
279,20.004,NAT IMMUNOL,4,0,1,1,1,0,0,0,0,0,0,1
280,37.400,NAT REV CANCER,4,0,0,0,0,0,1,0,0,2,0,1
281,3.582,NEURAL PLAST,4,0,1,0,1,0,0,2,0,0,0,0
282,6.776,NEURO-ONCOLOGY,4,0,0,1,0,2,0,0,0,1,0,0
283,2.593,NEUROCHEM RES,4,0,1,0,0,0,0,0,0,0,0,3
284,2.509,NEUROSCI BULL,4,0,0,4,0,0,0,0,0,0,0,0
285,3.292,OPT LETT,4,0,0,0,0,0,1,0,0,0,1,2
286, ,PERSPECT PSYCHOL SCI,4,0,1,0,0,2,1,0,0,0,0,0
287,2.761,PHYS MED BIOL,4,0,0,0,0,1,0,0,0,1,0,2
288,14.429,PLOS MED,4,0,0,0,0,0,0,1,0,0,3,0
289,8.733,PROG RETIN EYE RES,4,0,0,1,0,0,0,0,1,0,0,2
290,5.938,PSYCHOL MED,4,0,1,0,0,2,0,0,0,0,0,1
291,4.936,RNA,4,0,1,0,2,0,1,0,0,0,0,0
292,3.923,SCHIZOPHR RES,4,0,0,0,0,1,0,1,0,0,1,1
293,6.279,SCI SIGNAL,4,0,1,0,1,0,2,0,0,0,0,0
294,6.265,SEMIN CELL DEV BIOL,4,0,0,1,1,0,0,0,0,2,0,0
295, ,SYNAPTIC ORG BRAIN,4,0,0,0,0,0,0,0,0,0,0,4
296,1.958,ADV EXP MED BIOL,3,0,0,0,0,0,2,0,0,0,0,1
297, ,ADV NEUR IN,3,0,0,0,0,0,0,0,0,0,0,3
298, ,ADV NEURAL INFORM PR,3,0,0,1,0,1,0,0,0,1,0,0
299, ,ADV PHARMACOL,3,0,0,0,0,1,0,0,0,0,0,2
300,3.780,AM J PHYSIOL-CELL PH,3,0,0,0,0,0,0,0,0,1,0,2
301,3.248,AM J PHYSIOL-RENAL,3,0,0,0,0,0,0,1,0,0,0,2
302,3.832,AM NAT,3,0,0,0,0,1,0,1,0,1,0,0
303,2.405,AMYOTROPH LAT SCL FR,3,0,0,0,0,0,1,0,1,0,0,1
304, ,ANAT EMBRYOL,3,0,0,0,0,0,0,0,0,0,0,3
305,10.377,ANN RHEUM DIS,3,0,2,1,0,0,0,0,0,0,0,0
306,15.724,ANNU REV GENET,3,0,0,2,1,0,0,0,0,0,0,0
307,7.407,ANTIOXID REDOX SIGN,3,0,0,0,2,0,0,0,1,0,0,0
308,1.488,ARCH ITAL BIOL,3,0,0,0,1,0,0,0,0,0,0,2
309,4.713,ARTHRIT CARE RES,3,0,0,0,0,0,2,1,0,0,0,0
310,2.168,ATTEN PERCEPT PSYCHO,3,0,0,1,1,1,0,0,0,0,0,0
311,4.396,BIOCHEM J,3,0,0,1,0,0,1,0,0,0,0,1
312,5.009,BIOCHEM PHARMACOL,3,0,1,0,0,1,0,1,0,0,0,0
313,3.403,BIOL PSYCHOL,3,0,1,0,1,0,0,0,0,0,0,1
314,7.984,BMC BIOL,3,0,1,0,0,1,0,0,0,1,0,0
315,2.477,BRAIN COGNITION,3,0,0,1,0,0,0,2,0,0,0,0
316,4.853,BRIT J ANAESTH,3,0,2,1,0,0,0,0,0,0,0,0
317,5.334,CARCINOGENESIS,3,0,0,0,0,1,0,0,0,0,0,2
318,3.343,CHRONOBIOL INT,3,0,0,1,1,1,0,0,0,0,0,0
319,11.019,CIRC RES,3,0,0,0,0,1,0,0,0,0,0,2
320,3.097,CLIN NEUROPHYSIOL,3,0,0,0,0,1,0,1,0,0,0,1
321, ,COGNITIVE BRAIN RES,3,0,0,0,0,0,0,0,0,0,0,3
322,0.596,COMPUT INTEL NEUROSC,3,0,0,0,3,0,0,0,0,0,0,0
323, ,DEV BRAIN RES,3,0,0,0,0,0,0,0,0,0,0,3
324, ,DEV PSYCHOL,3,0,1,0,1,0,0,0,0,0,0,1
325, ,DIALOGUES CLIN NEURO,3,0,1,1,0,0,0,0,0,0,1,0
326,4.973,DIS MODEL MECH,3,0,1,1,0,1,0,0,0,0,0,0
327,1.466,EUR J MED GENET,3,0,1,1,0,0,1,0,0,0,0,0
328,3.246,EXP CELL RES,3,0,0,0,0,0,1,0,0,1,0,1
329,3.762,EXP DERMATOL,3,0,0,0,0,0,1,0,0,0,1,1
330,5.736,FREE RADICAL BIO MED,3,0,0,0,0,0,0,0,1,0,0,2
331,7.037,FRONT NEUROENDOCRIN,3,0,0,0,0,1,0,0,0,0,0,2
332, ,FRONT SYNAPTIC NEURO,3,0,0,1,0,2,0,0,0,0,0,0
333,16.716,GASTROENTEROLOGY,3,0,1,0,0,0,0,0,1,0,0,1
334,2.597,GENET EPIDEMIOL,3,0,0,0,0,0,0,3,0,0,0,0
335,2.284,GENOMICS,3,0,0,0,0,0,0,0,0,0,0,3
336,2.347,IEEE T BIO-MED ENG,3,0,0,0,0,0,0,0,0,0,0,3
337,3.625,IEEE T IMAGE PROCESS,3,0,0,0,0,0,0,0,0,0,0,3
338,7.260,J AM ACAD CHILD PSY,3,0,0,0,0,3,0,0,0,0,0,0
339,12.113,J AM CHEM SOC,3,1,0,0,1,0,0,0,0,0,0,1
340,2.097,J ANAT,3,0,0,0,0,1,0,0,0,0,0,2
341,6.209,J CLIN ENDOCR METAB,3,0,1,0,0,0,0,0,0,0,0,2
342,1.959,J HISTOCHEM CYTOCHEM,3,0,1,0,0,0,0,0,0,0,1,1
343,5.447,J MED CHEM,3,0,1,0,0,0,0,0,1,0,0,1
344,1.268,J NEUROGENET,3,0,0,0,0,1,2,0,0,0,0,0
345,3.377,J NEUROL,3,0,1,1,0,0,1,0,0,0,0,0
346,2.474,J NEUROL SCI,3,0,0,0,0,0,0,0,0,1,0,2
347,2.360,J PHARMACOL SCI,3,0,1,1,0,0,0,1,0,0,0,0
348,3.957,J PSYCHIATR RES,3,0,0,1,0,0,0,1,0,0,0,1
349, ,JUDGM DECIS MAK,3,0,0,0,0,2,0,1,0,0,0,0
350, ,METHOD MOL BIOL,3,0,1,1,0,0,0,0,1,0,0,0
351,3.645,METHODS,3,0,1,0,0,0,0,0,0,1,0,1
352,4.902,MOL BRAIN,3,0,2,0,1,0,0,0,0,0,0,0
353,4.128,MOL PHARMACOL,3,0,0,0,1,0,1,0,0,0,1,0
354,10.872,MOL SYST BIOL,3,0,0,1,0,1,1,0,0,0,0,0
355, ,NAT CLIN PRACT NEURO,3,0,0,0,0,0,0,0,2,1,0,0
356,3.092,NEUROCHEM INT,3,0,0,1,0,0,0,2,0,0,0,0
357,4.373,NEUROENDOCRINOLOGY,3,0,0,0,0,0,0,0,0,0,0,3
358,3.488,OPT EXPRESS,3,0,0,0,0,1,0,0,0,0,2,0
359, ,PARALLEL DISTRIB PRO,3,0,0,0,0,0,0,0,0,0,0,3
360,2.314,PEDIATR RES,3,0,0,1,1,0,0,0,0,1,0,0
361,4.101,PFLUG ARCH EUR J PHY,3,0,0,0,0,0,2,0,0,0,0,1
362,2.274,PROG BIOPHYS MOL BIO,3,0,1,0,0,0,0,0,2,0,0,0
363,3.807,PROTEOMICS,3,0,0,1,0,0,0,0,0,1,1,0
364, ,PSYCHOL AGING,3,0,1,1,0,0,0,0,0,0,0,1
365,2.986,PSYCHOPHYSIOLOGY,3,0,0,0,0,0,0,0,0,0,0,3
366,1.971,RESP PHYSIOL NEUROBI,3,0,0,0,0,2,0,0,0,0,0,1
367,5.578,SCI REP-UK,3,0,2,1,0,0,0,0,0,0,0,0
368,3.727,STEM CELLS DEV,3,0,0,0,0,1,0,2,0,0,0,0
369,9.453,TRENDS MOL MED,3,0,0,0,0,0,0,1,1,1,0,0
370, ,ACTA NEUROPATHOL COM,2,1,1,0,0,0,0,0,0,0,0,0
371,4.382,ACTA PHYSIOL,2,0,0,0,0,0,2,0,0,0,0,0
372, ,ACTA PHYSIOL SCAND,2,0,0,0,0,0,0,0,0,0,0,2
373,6.340,AGING CELL,2,0,0,2,0,0,0,0,0,0,0,0
374, ,AM ECON REV,2,0,0,0,0,1,0,0,0,0,1,0
375,6.770,AM J CLIN NUTR,2,0,0,0,0,0,1,0,0,0,0,1
376,5.230,AM J EPIDEMIOL,2,0,0,0,0,0,0,0,1,0,0,1
377, ,AM J PHYSIOL,2,0,0,0,0,0,0,0,0,0,0,2
378,3.785,AM J PHYSIOL-ENDOC M,2,0,0,1,0,0,0,0,0,0,1,0
379,3.798,AM J PHYSIOL-GASTR L,2,0,0,0,1,0,0,0,0,0,0,1
380, ,ANAL VISUAL BEHAV,2,0,0,0,0,0,0,0,0,0,0,2
381,3.137,ANIM BEHAV,2,0,0,1,0,0,0,0,0,0,0,1
382, ,ANIM INTELL,2,0,0,0,0,0,0,0,0,0,0,2
383, ,ANN MATH STAT,2,0,0,0,0,0,0,0,0,0,0,2
384,2.180,ANN STAT,2,0,0,0,0,0,0,0,0,0,0,2
385,14.211,ANNU REV BIOMED ENG,2,0,0,0,0,0,0,0,1,0,0,1
386,18.750,ANNU REV PATHOL-MECH,2,0,0,2,0,0,0,0,0,0,0,0
387,4.476,ANTIMICROB AGENTS CH,2,0,0,0,0,0,0,0,0,0,0,2
388,2.691,APPETITE,2,0,0,1,0,0,1,0,0,0,0,0
389,4.017,ASN NEURO,2,0,1,0,0,1,0,0,0,0,0,0
390, ,ATTENTION PERFORM,2,0,0,0,0,0,0,0,0,0,0,2
391,11.753,AUTOPHAGY,2,0,0,2,0,0,0,0,0,0,0,0
392,5.353,BBA-BIOENERGETICS,2,0,0,0,0,0,1,0,0,0,0,1
393,5.019,BBA-MOL CELL RES,2,0,0,0,0,0,1,0,0,0,0,1
394, ,BEHAV BIOL,2,0,0,0,0,0,0,0,0,0,0,2
395,3.210,BEHAV GENET,2,0,0,0,2,0,0,0,0,0,0,0
396, ,BEHAV ORGANISMS EXPT,2,0,0,0,0,0,0,0,0,0,0,2
397,1.567,BEHAV PROCESS,2,0,0,1,0,0,0,0,0,1,0,0
398, ,BILING-LANG COGN,2,0,0,0,0,1,1,0,0,0,0,0
399,3.194,BIOCHEM SOC T,2,0,0,1,0,0,1,0,0,0,0,0
400,3.506,BIOL CELL,2,0,0,0,0,0,0,0,0,0,0,2
401,1.568,BIOMETRICS,2,0,0,0,0,0,0,0,0,0,0,2
402,2.420,BIOORG MED CHEM LETT,2,0,0,0,0,1,0,0,0,0,0,1
403,2.667,BMC DEV BIOL,2,0,0,0,0,0,0,2,0,0,0,0
404,4.598,BRAIN IMAGING BEHAV,2,1,1,0,0,0,0,0,0,0,0,0
405,3.215,BRAIN LANG,2,0,1,0,0,0,0,0,0,0,0,1
406,4.643,BRAIN PATHOL,2,0,0,0,0,0,0,0,1,0,0,1
407,7.991,BRIT J PSYCHIAT,2,1,0,0,0,0,0,0,0,0,0,1
408,4.565,CELL CYCLE,2,0,0,1,0,1,0,0,0,0,0,0
409,12.328,CELL HOST MICROBE,2,0,0,0,1,1,0,0,0,0,0,0
410,2.717,CEREBELLUM,2,0,1,0,0,0,0,0,0,1,0,0
411,2.441,CLIN PERINATOL,2,1,0,0,0,0,1,0,0,0,0,0
412,2.073,COGN NEUROPSYCHOL,2,0,0,0,0,0,0,0,0,0,0,2
413, ,COGNITIVE NEUROSCIEN,2,0,0,0,0,0,2,0,0,0,0,0
414, ,COLD SPRING HARB PRO,2,0,1,1,0,0,0,0,0,0,0,0
415, ,CONDITIONED REFLEXES,2,0,0,0,0,0,0,0,0,0,0,2
416,5.128,CORTEX,2,0,0,1,0,1,0,0,0,0,0,0
417,3.889,CURR ALZHEIMER RES,2,0,0,0,1,0,0,0,0,1,0,0
418,3.080,CURR DIABETES REP,2,1,1,0,0,0,0,0,0,0,0,0
419,3.853,CURR MED CHEM,2,0,0,0,0,0,0,1,0,0,1,0
420,3.049,CURR NEUROPHARMACOL,2,0,0,0,0,0,0,2,0,0,0,0
421,7.574,CURR OPIN GENET DEV,2,0,0,0,0,0,1,0,0,0,0,1
422,5.307,CURR OPIN NEUROL,2,0,1,0,0,1,0,0,0,0,0,0
423,4.595,CURR OPIN PHARMACOL,2,0,0,0,0,0,1,0,1,0,0,0
424,3.452,CURR PHARM DESIGN,2,0,0,0,0,0,1,1,0,0,0,0
425, ,CURR TOP BEHAV NEURO,2,0,0,0,0,0,2,0,0,0,0,0
426,4.680,CURR TOP DEV BIOL,2,0,0,1,0,0,0,0,0,0,0,1
427,3.295,CURR TOP MEMBR,2,0,2,0,0,0,0,0,0,0,0,0
428, ,DECISION MAKING AFFE,2,0,0,0,2,0,0,0,0,0,0,0
429,4.407,DEPRESS ANXIETY,2,0,1,0,0,1,0,0,0,0,0,0
430,3.111,DNA REPAIR,2,0,0,0,0,0,1,0,0,0,0,1
431,6.691,DRUG DISCOV TODAY,2,1,1,0,0,0,0,0,0,0,0,0
432,4.343,DRUGS,2,0,0,0,0,0,0,0,0,0,0,2
433,4.571,EPILEPSIA,2,0,0,0,1,0,0,0,0,0,0,1
434,4.034,EUR J IMMUNOL,2,0,0,0,0,0,0,0,0,0,1,1
435, ,EXPLORING THALAMUS I,2,0,0,0,0,0,1,0,0,1,0,0
436, ,FRONT BIOL,2,1,0,1,0,0,0,0,0,0,0,0
437,3.802,FRONT PHARMACOL,2,0,0,2,0,0,0,0,0,0,0,0
438, ,FRONT PSYCHIAT,2,0,2,0,0,0,0,0,0,0,0,0
439,2.138,GENE,2,0,0,0,0,0,0,0,0,0,0,2
440,7.329,GENET MED,2,0,0,0,1,1,0,0,0,0,0,0
441,5.809,GENOME MED,2,0,2,0,0,0,0,0,0,0,0,0
442, ,GIGASCIENCE,2,0,2,0,0,0,0,0,0,0,0,0
443, ,HANDB EXP PHARM,2,0,0,0,0,0,0,1,0,0,0,1
444,2.968,HEARING RES,2,0,1,0,1,0,0,0,0,0,0,0
445, ,HIPPOCAMPUS BOOK,2,0,0,0,0,0,0,0,2,0,0,0
446,4.632,HORM BEHAV,2,0,0,0,2,0,0,0,0,0,0,0
447,4.291,IEEE T NEUR NET LEAR,2,0,0,0,0,0,0,0,0,0,0,2
448,4.046,INT J BIOCHEM CELL B,2,0,1,0,0,0,1,0,0,0,0,0
449, ,ION CHANNELS EXCITAB,2,0,0,0,0,0,0,0,0,0,0,2
450, ,J ABNORM PSYCHOL,2,0,0,0,0,0,0,0,0,0,0,2
451,11.476,J ALLERGY CLIN IMMUN,2,0,1,0,0,0,0,1,0,0,0,0
452,2.945,J AM SOC MASS SPECTR,2,1,0,0,0,0,0,0,0,0,0,1
453,2.582,J BIOCHEM,2,0,0,0,1,0,0,0,0,0,0,1
454,3.839,J CELL PHYSIOL,2,0,1,0,0,0,0,0,1,0,0,0
455,1.500,J CHEM NEUROANAT,2,0,0,0,1,0,0,0,0,1,0,0
456,6.459,J CHILD PSYCHOL PSYC,2,0,0,0,1,0,0,0,0,0,0,1
457,1.378,J CLIN NEUROSCI,2,0,0,0,0,1,0,0,0,0,1,0
458,5.498,J CLIN PSYCHIAT,2,0,0,0,0,0,1,0,0,0,0,1
459, ,J EXP CHILD PSYCHOL,2,0,0,1,0,0,0,0,0,0,0,1
460,1.949,J EXP PSYCHOL-ANIM L,2,0,0,0,0,0,0,0,0,0,0,2
461, ,J LEARN DISABIL-US,2,0,0,0,0,1,0,0,0,0,0,1
462,3.210,J MAGN RESON IMAGING,2,0,0,0,0,0,0,0,0,0,0,2
463,3.295,J NEURAL ENG,2,0,1,0,0,0,0,0,1,0,0,0
464,2.402,J NEURAL TRANSM,2,0,0,0,2,0,0,0,0,0,0,0
465,3.138,J NEUROENDOCRINOL,2,0,0,0,0,0,0,0,0,0,0,2
466,3.737,J NEUROSURG,2,0,0,0,0,0,0,0,0,0,0,2
467,3.875,J NUTR,2,0,0,0,0,0,1,0,0,0,1,0
468,3.898,J PSYCHOPHARMACOL,2,0,0,1,0,0,0,0,0,0,0,1
469,3.801,J STAT SOFTW,2,0,0,0,0,0,2,0,0,0,0,0
470,3.231,J STRUCT BIOL,2,0,0,0,0,0,0,0,1,0,0,1
471,2.116,J THEOR BIOL,2,0,1,0,0,0,0,0,0,0,0,1
472,7.271,JAMA NEUROL,2,0,2,0,0,0,0,0,0,0,0,0
473, ,JPN J PHARMACOL,2,0,0,0,0,0,0,0,0,0,0,2
474,1.885,LEARN BEHAV,2,0,0,0,0,0,0,0,1,1,0,0
475,2.090,MAGN RESON IMAGING,2,0,0,0,0,0,0,0,1,0,0,1
476,3.571,MAGN RESON MED,2,0,0,0,0,1,0,0,0,0,0,1
477,1.303,MATH BIOSCI,2,0,0,0,0,0,0,0,0,0,0,2
478,3.654,MED IMAGE ANAL,2,0,0,0,0,0,0,1,0,0,0,1
479,5.413,MOL AUTISM,2,0,1,1,0,0,0,0,0,0,0,0
480, ,MOL BRAIN RES,2,0,0,0,0,0,0,0,0,0,0,2
481,6.563,MOL NEURODEGENER,2,0,0,0,0,0,1,1,0,0,0,0
482,34.048,NAT NANOTECHNOL,2,0,2,0,0,0,0,0,0,0,0,0
483, ,NATURE-NEW BIOL,2,0,0,0,0,0,0,0,0,0,0,2
484,2.083,NEUROCOMPUTING,2,0,0,0,0,0,0,0,1,0,0,1
485, ,NEUROPHARMACOLOGY B,2,1,1,0,0,0,0,0,0,0,0,0
486,3.620,NEUROSURGERY,2,0,0,0,1,0,0,0,1,0,0,0
487, ,NUDGE IMPROVING DECI,2,0,0,0,0,0,0,2,0,0,0,0
488,8.459,ONCOGENE,2,0,0,0,0,0,0,0,1,1,0,0
489,1.743,OPER RES,2,0,0,0,0,0,0,0,0,0,0,2
490, ,PARALLEL DISTRIBUTED,2,0,0,0,0,0,0,0,0,0,0,2
491,2.120,PEDIATR CLIN N AM,2,0,0,1,0,0,0,0,0,0,0,1
492,2.112,PEERJ,2,2,0,0,0,0,0,0,0,0,0,0
493,4.408,PHARMACOL RES,2,0,0,1,1,0,0,0,0,0,0,0
494,9.723,PHARMACOL THERAPEUT,2,0,0,0,0,1,0,0,0,0,1,0
495,20.033,PHYS REP,2,0,0,1,0,0,0,0,0,1,0,0
496,4.857,PHYSIOLOGY,2,0,0,0,2,0,0,0,0,0,0,0
497, ,PREPRINT,2,1,1,0,0,0,0,0,0,0,0,0
498, ,PRINCIPLES PRACTICE,2,0,0,0,0,0,0,0,0,0,2,0
499, ,PROC ORGAN OF,2,0,2,0,0,0,0,0,0,0,0,0
500,3.689,PROG NEURO-PSYCHOPH,2,0,0,0,0,0,0,0,1,0,0,1
501,4.944,PSYCHONEUROENDOCRINO,2,0,0,0,2,0,0,0,0,0,0,0
502, ,Q J EXP PHYSIOL CMS,2,0,0,0,0,0,0,0,0,0,0,2
503,7.810,Q REV BIOPHYS,2,0,0,0,0,0,0,0,0,0,0,2
504, ,RAT BRAIN STEREOTAXI,2,0,0,0,0,0,0,0,0,1,0,1
505, ,REINFORCEMENT LEARNI,2,0,0,0,0,0,0,0,0,0,0,2
506,3.330,REV NEUROSCIENCE,2,0,0,1,0,0,0,0,0,1,0,0
507, ,SCAND J PSYCHOL,2,0,0,0,0,0,0,0,0,0,0,2
508, ,SLEEP IN PRESS,2,0,0,0,0,0,0,0,0,0,0,2
509,3.154,SLEEP MED,2,0,0,0,0,0,0,0,0,0,0,2
510,0.641,SOMATOSENS MOT RES,2,0,0,0,0,0,0,0,0,1,0,1
511, ,SPATIAL VISION,2,0,0,0,0,0,0,0,0,0,0,2
512,1.127,STAT APPL GENET MOL,2,0,0,0,0,0,0,0,0,0,2,0
513,5.618,STRUCTURE,2,0,2,0,0,0,0,0,0,0,0,0
514, ,THEOR NEUROSCI,2,0,0,0,0,0,0,0,0,0,0,2
515,4.350,TRAFFIC,2,0,0,0,0,0,0,0,0,0,0,2
516,5.620,TRANSL PSYCHIAT,2,0,0,2,0,0,0,0,0,0,0,0
517, ,VIS COGN,2,0,0,0,0,0,0,0,0,0,0,2
Copyright Â© 2018 Clarivate Analytics,,,,,,,,,,,,,,
"By exporting the selected data, you agree to the data usage policy set forth in the Terms of Use",,,,,,,,,,,,,,
