Citing Journal Data: NEURON,,,,,,,,,,,,,,
,Impact Factor,Cited Journal,All Yrs,2014,2013,2012,2011,2010,2009,2008,2007,2006,2005,Rest
1, ,ALL Journals,29664,1146,2673,2697,2546,2233,2054,1814,1612,1376,1266,10247
2, ,ALL OTHERS (1104),1104,66,112,83,74,63,54,48,42,33,37,492
3,6.344,J NEUROSCI,3111,69,264,249,328,271,253,216,189,180,137,955
4,15.054,NEURON,2684,226,281,261,236,207,202,183,152,130,113,693
5,41.456,NATURE,1701,64,149,183,131,109,101,96,79,76,66,647
6,9.674,P NATL ACAD SCI USA,1483,35,129,133,133,138,140,99,91,68,56,461
7,16.095,NAT NEUROSCI,1380,51,167,144,160,129,106,89,91,72,84,287
8,33.611,SCIENCE,1245,30,92,75,61,89,89,85,48,56,64,556
9,32.242,CELL,765,34,82,68,63,41,55,36,40,31,29,286
10,2.887,J NEUROPHYSIOL,725,10,23,37,39,40,28,28,44,31,35,410
11,31.427,NAT REV NEUROSCI,480,8,49,46,39,44,48,39,38,41,33,95
12,3.225,J COMP NEUROL,478,5,10,17,9,17,23,24,15,14,22,322
13,4.573,J BIOL CHEM,383,7,16,26,24,27,22,12,19,27,23,180
14,5.037,J PHYSIOL-LONDON,376,3,15,7,18,15,10,11,29,12,25,231
15,19.320,ANNU REV NEUROSCI,318,2,16,24,27,15,34,23,29,15,13,120
16,6.357,NEUROIMAGE,309,20,56,61,19,18,22,19,21,14,8,51
17,3.234,PLOS ONE,302,16,56,79,55,39,25,18,12,1,0,1
18,13.555,TRENDS NEUROSCI,278,4,14,29,20,15,13,13,22,20,15,113
19,6.628,CURR OPIN NEUROBIOL,274,17,28,45,25,28,23,10,18,16,10,54
20,8.665,CEREB CORTEX,263,18,37,33,21,12,17,17,16,9,6,77
21,2.843,BRAIN RES,262,1,2,5,9,8,8,7,6,6,4,206
22,3.181,EUR J NEUROSCI,260,4,12,25,24,22,17,12,20,16,15,93
23,9.571,CURR BIOL,255,12,37,37,22,22,18,16,16,11,15,49
24,3.357,NEUROSCIENCE,252,3,10,7,16,16,16,7,12,16,7,142
25,6.462,DEVELOPMENT,216,3,11,20,19,10,8,17,12,10,14,92
26,9.834,J CELL BIOL,206,7,10,7,10,19,12,10,10,8,12,101
27,29.352,NAT GENET,181,1,21,9,19,7,15,11,11,8,8,71
28,4.162,HIPPOCAMPUS,166,4,11,16,2,11,1,19,12,7,7,76
29,9.196,BRAIN,152,10,9,11,10,17,8,12,11,7,5,52
30,32.072,NAT METHODS,144,14,30,30,25,5,13,11,11,4,1,0
31,21.965,TRENDS COGN SCI,134,3,14,14,20,18,7,11,4,5,14,24
32,10.434,EMBO J,126,3,6,9,12,8,8,3,8,2,12,55
33,9.977,ANN NEUROL,120,2,9,6,8,9,6,6,5,9,5,55
34,10.255,BIOL PSYCHIAT,115,6,7,13,25,10,4,11,2,9,9,19
35,2.036,EXP BRAIN RES,115,0,4,1,3,2,5,2,1,2,2,93
36,9.343,PLOS BIOL,113,1,5,3,14,17,14,11,14,11,15,8
37,8.185,NEUROLOGY,105,7,12,13,5,9,4,9,4,4,4,34
38,28.223,NAT MED,104,5,8,13,14,7,11,11,3,7,5,20
39,6.393,HUM MOL GENET,103,6,10,13,10,10,8,10,3,7,10,16
40,14.496,MOL PSYCHIATR,102,9,17,21,14,7,5,7,4,6,3,9
41,5.213,PAIN,91,5,7,9,4,10,6,4,2,7,1,36
42,7.055,PHILOS T R SOC B,91,15,2,5,6,3,8,4,9,2,5,32
43,10.798,GENE DEV,89,2,5,5,9,4,8,5,5,6,7,33
44,4.383,ANN NY ACAD SCI,85,1,0,5,21,1,7,3,12,1,0,34
45,4.281,J NEUROCHEM,85,0,4,5,4,4,5,8,5,5,7,38
46,6.031,GLIA,81,3,10,8,7,6,6,2,9,3,3,24
47,19.679,NAT CELL BIOL,77,1,9,2,11,6,10,8,3,3,5,19
48,9.992,PROG NEUROBIOL,77,2,5,6,4,6,3,4,6,2,1,38
49,1.815,VISION RES,77,0,0,2,2,2,3,2,3,1,3,59
50,22.268,CELL STEM CELL,76,1,14,13,10,9,9,19,1,0,0,0
51,4.085,J COGNITIVE NEUROSCI,74,3,7,4,10,7,5,4,1,4,3,26
52,4.620,PLOS COMPUT BIOL,74,1,13,18,5,10,14,8,2,0,3,0
53,55.873,NEW ENGL J MED,72,2,12,9,3,7,6,6,2,5,3,17
54,27.324,PHYSIOL REV,71,2,6,3,4,10,7,5,3,2,1,28
55,7.048,NEUROPSYCHOPHARMACOL,69,2,4,15,10,15,7,5,2,2,1,6
56,10.931,AM J HUM GENET,67,0,8,3,12,2,5,2,5,4,4,22
57,3.840,MOL CELL NEUROSCI,66,0,2,1,11,6,7,4,4,7,5,19
58,3.547,DEV BIOL,65,0,0,1,2,0,5,11,3,5,6,32
59,3.657,LEARN MEMORY,65,0,4,5,5,3,9,8,6,4,2,19
60,2.207,NEURAL COMPUT,64,1,3,3,4,5,5,3,0,4,2,34
61,2.025,J NEUROSCI METH,63,2,3,3,4,6,7,14,2,3,4,15
62,3.028,BEHAV BRAIN RES,62,0,5,3,8,4,6,3,2,1,0,30
63,3.302,NEUROPSYCHOLOGIA,61,0,3,2,5,7,6,4,3,4,1,26
64,12.295,AM J PSYCHIAT,60,2,3,3,9,6,7,1,4,2,1,22
65,13.262,J CLIN INVEST,60,0,9,8,9,5,3,5,4,3,1,13
66,2.030,NEUROSCI LETT,60,0,3,3,3,3,2,1,3,1,4,37
67,5.969,HUM BRAIN MAPP,59,7,8,5,5,5,4,10,2,2,3,8
68,2.833,PROG BRAIN RES,59,0,0,6,10,3,0,5,5,6,3,21
69,5.106,NEUROPHARMACOLOGY,58,3,6,4,10,5,6,3,4,1,0,16
70,8.358,CELL REP,57,8,22,27,0,0,0,0,0,0,0,0
71,5.013,NEUROBIOL AGING,57,8,12,9,9,3,1,2,2,4,1,6
72,5.078,NEUROBIOL DIS,56,1,6,14,5,5,3,5,2,4,2,9
73,7.972,PSYCHOL REV,56,1,5,0,1,3,4,1,4,4,1,32
74,9.112,NUCLEIC ACIDS RES,54,7,4,9,4,7,7,3,2,2,2,7
75,14.480,ARCH GEN PSYCHIAT,53,0,0,3,5,7,3,3,1,1,4,26
76,11.470,NAT COMMUN,53,7,24,14,5,3,0,0,0,0,0,0
77,7.528,PLOS GENET,50,0,11,11,3,7,7,4,4,0,3,0
78,9.708,DEV CELL,49,5,3,6,5,1,6,1,7,5,3,7
79,4.696,EXP NEUROL,49,0,5,1,0,2,1,3,3,4,2,28
80,9.673,NAT PROTOC,48,2,7,5,2,9,7,4,2,10,0,0
81,36.978,NAT REV GENET,47,0,5,7,5,9,3,10,1,1,1,5
82,2.207,VISUAL NEUROSCI,47,0,0,3,2,4,1,0,0,2,6,29
83, ,BRAIN RES REV,46,0,0,0,0,4,4,12,6,1,1,18
84,5.963,GENETICS,46,0,0,3,3,3,2,1,0,3,1,30
85,37.806,NAT REV MOL CELL BIO,46,0,4,5,7,3,6,2,6,1,2,10
86,7.419,ARCH NEUROL-CHICAGO,44,0,0,2,5,4,4,5,7,1,0,16
87,2.728,BEHAV NEUROSCI,44,0,0,0,2,3,2,4,2,3,1,27
88,4.777,MOL CELL BIOL,44,0,2,1,2,2,3,2,2,2,6,22
89,2.718,BRAIN RES BULL,43,1,2,3,1,1,2,1,1,0,2,29
90,2.297,BIOCHEM BIOPH RES CO,42,0,1,0,1,3,3,1,5,5,2,21
91,14.018,MOL CELL,42,0,1,6,2,3,3,4,9,3,0,11
92,18.510,ANNU REV PHYSIOL,41,1,3,3,1,5,2,0,4,0,1,21
93,3.568,FRONT NEURAL CIRCUIT,41,2,15,15,1,7,1,0,0,0,0,0
94,5.432,J CELL SCI,41,0,3,3,1,1,8,3,0,2,3,17
95, ,J NEUROBIOL,41,0,0,0,0,0,0,0,0,3,0,38
96,45.217,LANCET,41,1,8,6,2,0,2,4,0,0,2,16
97,8.802,NEUROSCI BIOBEHAV R,41,1,2,6,3,8,1,6,1,2,2,9
98,6.837,NEUROSCIENTIST,41,6,8,4,4,3,1,2,2,4,2,5
99,15.843,SCI TRANSL MED,41,3,10,10,12,4,2,0,0,0,0,0
100,3.972,BIOPHYS J,40,2,4,2,0,3,3,0,0,1,2,23
101,21.896,LANCET NEUROL,39,2,8,8,8,6,1,0,4,0,0,2
102,4.466,MOL BIOL CELL,39,1,1,2,3,3,3,6,2,4,3,11
103,8.679,CSH PERSPECT BIOL,38,1,2,13,7,11,4,0,0,0,0,0
104,3.626,FRONT HUM NEUROSCI,38,3,12,7,3,10,1,1,1,0,0,0
105,3.652,NEUROBIOL LEARN MEM,38,5,5,2,1,1,10,2,4,0,2,6
106,1.520,NEUROREPORT,38,0,0,0,1,2,1,4,1,1,3,25
107,3.875,PSYCHOPHARMACOLOGY,38,1,1,0,4,3,2,1,4,1,0,21
108,10.762,ACTA NEUROPATHOL,36,5,9,3,2,6,2,0,2,2,0,5
109, ,FRONT SYST NEUROSCI,36,1,3,6,12,12,0,2,0,0,0,0
110,2.897,J EXP BIOL,35,0,0,1,3,1,1,5,1,1,2,20
111,4.128,MOL PHARMACOL,35,0,2,3,3,1,0,4,4,4,1,13
112,3.015,BIOCHEMISTRY-US,34,0,0,1,4,2,2,2,1,0,3,19
113,3.656,FRONT NEUROSCI-SWITZ,33,0,8,6,8,5,3,0,3,0,0,0
114,16.660,ANNU REV CELL DEV BI,32,0,3,2,4,2,7,1,2,1,1,9
115,41.514,NAT BIOTECHNOL,32,2,5,1,7,3,2,3,1,1,3,4
116,13.309,NAT STRUCT MOL BIOL,32,1,1,5,5,6,2,3,4,2,1,2
117,5.051,P ROY SOC B-BIOL SCI,31,0,0,0,3,1,0,1,1,0,2,23
118,4.788,J GEN PHYSIOL,30,0,7,0,4,2,0,1,2,3,0,11
119,2.594,J NEUROSCI RES,30,0,3,0,2,0,1,4,1,2,4,13
120,4.101,PFLUG ARCH EUR J PHY,29,1,2,0,0,6,2,1,2,4,1,10
121,3.169,FEBS LETT,28,0,1,2,1,2,2,0,1,1,2,16
122,3.565,CELL TISSUE RES,27,0,0,2,0,1,2,1,0,4,0,17
123,2.018,GENESIS,27,0,0,1,1,0,0,1,1,3,0,20
124,4.151,J ALZHEIMERS DIS,27,0,4,9,5,6,3,0,0,0,0,0
125,3.295,J NEURAL ENG,27,5,4,4,5,1,1,2,3,1,1,0
126,41.908,NAT REV DRUG DISCOV,27,5,3,2,6,5,2,0,2,0,0,2
127,12.407,ALZHEIMERS DEMENT,26,5,12,3,6,0,0,0,0,0,0,0
128,3.661,GENES BRAIN BEHAV,26,0,0,4,3,2,3,2,2,1,1,8
129,2.968,HEARING RES,26,1,0,0,5,0,3,0,5,0,0,12
130,5.407,J CEREBR BLOOD F MET,26,2,6,3,1,1,1,1,4,0,1,6
131,17.099,PHARMACOL REV,26,0,3,2,1,3,0,1,1,3,5,7
132,5.618,BRAIN STRUCT FUNCT,25,5,3,1,3,7,0,1,5,0,0,0
133,3.370,DEV NEUROBIOL,25,1,0,4,11,3,1,2,3,0,0,0
134,4.571,EPILEPSIA,25,3,2,3,2,0,3,1,0,1,0,10
135,14.630,GENOME RES,25,0,2,3,4,2,3,1,0,2,1,7
136,2.976,PHYSIOL BEHAV,25,1,1,2,1,0,0,0,0,1,0,19
137,3.972,J PHARMACOL EXP THER,24,0,1,0,0,3,1,1,0,2,1,15
138,5.761,STROKE,24,6,1,0,1,1,3,0,1,0,0,11
139,4.591,AM J PATHOL,23,0,0,3,4,0,1,0,3,1,0,11
140,3.404,INVEST OPHTH VIS SCI,23,1,0,3,2,1,1,0,2,3,2,8
141,3.797,J NEUROPATH EXP NEUR,23,0,1,3,0,2,0,0,1,2,0,14
142,2.708,NEURAL NETWORKS,23,0,2,0,1,0,3,1,2,3,3,8
143,1.958,ADV EXP MED BIOL,22,0,1,9,2,2,1,2,1,1,0,3
144,5.043,FASEB J,22,1,2,0,3,4,0,4,0,0,1,7
145,6.563,MOL NEURODEGENER,22,1,5,4,4,2,1,1,4,0,0,0
146,4.842,BRIT J PHARMACOL,21,1,1,2,1,0,1,2,2,1,0,10
147,5.307,CURR OPIN NEUROL,21,3,1,5,3,1,0,2,0,1,1,4
148,3.270,FRONT BEHAV NEUROSCI,21,2,4,1,4,7,3,0,0,0,0,0
149,1.739,J COMPUT NEUROSCI,21,1,0,2,2,3,0,2,2,2,0,7
150,15.358,NAT REV NEUROL,21,4,7,3,1,6,0,0,0,0,0,0
151,35.289,JAMA-J AM MED ASSOC,20,1,3,0,3,1,1,1,1,0,0,9
152,3.453,NEURAL DEV,20,1,1,2,1,1,6,3,2,3,0,0
153,1.937,NEUROSCI RES,20,0,1,0,1,2,2,0,0,2,2,10
154,4.591,SLEEP,20,0,0,1,2,2,4,2,3,0,1,5
155,12.007,TRENDS CELL BIOL,20,1,1,2,3,1,3,2,1,1,0,5
156,30.283,ANNU REV BIOCHEM,19,0,0,1,0,0,0,1,8,0,0,9
157,21.810,ANNU REV PSYCHOL,19,1,1,3,0,2,0,2,0,0,2,8
158,4.981,BIOINFORMATICS,19,0,0,9,0,2,3,0,0,1,1,3
159,2.013,BRAIN BEHAV EVOLUT,19,3,1,0,2,0,2,0,2,0,0,9
160,7.991,BRIT J PSYCHIAT,19,2,1,1,4,1,0,0,0,1,1,8
161,4.289,FRONT CELL NEUROSCI,19,3,9,3,1,2,0,1,0,0,0,0
162,4.632,HORM BEHAV,19,0,0,3,0,0,1,1,2,0,2,10
163,2.036,J COMP PHYSIOL A,19,0,2,1,0,0,0,0,0,1,0,15
164,4.333,J MOL BIOL,19,2,1,0,2,0,0,1,0,1,1,11
165,6.807,J NEUROL NEUROSUR PS,19,1,1,3,1,2,0,0,0,0,0,11
166, ,PSYCHOL SCI,19,1,3,1,4,1,2,0,1,1,1,4
167,3.923,SCHIZOPHR RES,19,1,3,1,4,3,0,1,1,1,0,4
168,8.450,SCHIZOPHRENIA BULL,19,4,0,2,1,1,3,2,2,1,0,3
169,6.279,SCI SIGNAL,19,1,2,3,4,3,5,1,0,0,0,0
170,9.918,TRENDS GENET,19,0,2,2,1,1,2,1,2,1,0,7
171,11.539,TRENDS PHARMACOL SCI,19,1,1,4,0,0,2,1,2,0,1,7
172,17.565,CELL METAB,18,1,2,4,4,1,1,3,1,1,0,0
173,5.128,CORTEX,18,1,9,1,0,1,0,1,1,1,0,3
174, ,ELECTROEN CLIN NEURO,18,0,0,0,0,0,0,0,0,0,0,18
175,2.201,FRONT COMPUT NEUROSC,18,0,7,3,3,3,0,1,1,0,0,0
176,2.127,SYNAPSE,18,0,0,0,0,0,2,0,1,1,0,14
177,3.416,AM J MED GENET B,17,0,3,0,1,1,3,3,1,2,3,0
178,1.713,BIOL CYBERN,17,0,0,1,0,0,1,0,0,0,2,13
179,5.808,CELL MOL LIFE SCI,17,2,3,5,0,0,0,4,0,1,0,2
180,2.376,DEV DYNAM,17,0,1,2,1,1,2,2,1,3,1,3
181,9.055,EMBO REP,17,1,2,2,1,0,1,1,0,4,0,5
182,2.393,J VISION,17,1,0,1,2,4,1,2,0,1,4,1
183,7.271,JAMA NEUROL,17,6,11,0,0,0,0,0,0,0,0,0
184,5.137,MOL NEUROBIOL,17,1,2,3,0,1,1,4,2,0,0,3
185,3.654,MOL PAIN,17,2,1,1,6,1,3,0,1,0,2,0
186,2.717,CEREBELLUM,16,2,1,2,3,0,0,3,2,2,0,1
187,3.544,FRONT NEUROANAT,16,1,1,4,6,2,1,0,1,0,0,0
188, ,FRONT PSYCHOL,16,1,9,3,2,1,0,0,0,0,0,0
189,10.810,GENOME BIOL,16,0,0,1,3,4,2,0,1,0,0,5
190,12.515,J EXP MED,16,2,1,2,0,1,0,0,2,0,3,5
191,5.680,MOVEMENT DISORD,16,4,3,2,2,1,2,0,0,0,0,2
192,12.996,NAT CHEM BIOL,16,4,2,2,2,0,1,2,2,0,1,0
193,8.459,ONCOGENE,16,0,0,0,1,1,1,4,1,2,2,4
194,6.523,STEM CELLS,16,3,1,4,1,0,3,0,3,0,0,1
195,20.771,BEHAV BRAIN SCI,15,1,1,0,0,0,0,1,1,0,1,10
196,2.532,EUR J PHARMACOL,15,0,0,0,0,1,0,1,0,0,2,11
197,4.922,J IMMUNOL,15,0,2,0,1,1,2,1,1,2,2,3
198,3.571,MAGN RESON MED,15,1,0,0,0,0,2,0,0,0,0,12
199,0.870,NETWORK-COMP NEURAL,15,0,1,0,0,0,0,0,0,2,1,11
200,2.781,PHARMACOL BIOCHEM BE,15,0,0,2,0,1,1,1,1,1,0,8
201,8.733,PROG RETIN EYE RES,15,1,1,1,1,1,2,1,1,0,0,6
202,3.513,CELL CALCIUM,14,0,2,1,1,1,1,0,3,0,2,3
203,3.287,COGN AFFECT BEHAV NE,14,0,0,0,1,1,0,2,0,0,2,8
204,8.467,CURR OPIN CELL BIOL,14,0,1,0,2,3,0,2,1,1,1,3
205, ,DEV BRAIN RES,14,0,0,0,0,0,0,0,0,0,1,13
206,9.322,ELIFE,14,9,5,0,0,0,0,0,0,0,0,0
207,4.503,ENDOCRINOLOGY,14,0,0,0,0,1,0,0,1,0,0,12
208,4.084,FRONT MOL NEUROSCI,14,0,3,7,0,0,2,2,0,0,0,0
209,2.138,GENE,14,0,0,0,0,0,1,0,2,3,1,7
210,2.097,J ANAT,14,1,0,0,0,2,0,1,2,0,2,6
211, ,J AUTISM DEV DISORD,14,1,0,0,0,3,0,2,2,0,1,5
212, ,J PERS SOC PSYCHOL,14,0,0,0,0,0,1,0,0,0,0,13
213,7.512,PHYS REV LETT,14,1,0,0,0,1,0,0,0,3,2,7
214,5.618,STRUCTURE,14,2,1,0,4,0,1,3,1,1,1,0
215, ,**NON-TRADITIONAL**,13,0,0,0,0,0,0,0,0,0,0,13
216,4.396,BIOCHEM J,13,0,0,1,0,0,2,0,0,0,0,10
217,2.665,BMC NEUROSCI,13,0,1,2,0,3,0,3,1,0,2,1
218,2.410,CHANNELS,13,0,3,3,1,1,5,0,0,0,0,0
219, ,FRONT INTEGR NEUROSC,13,0,4,1,2,0,6,0,0,0,0,0
220,1.503,J ACOUST SOC AM,13,0,0,0,0,0,0,0,0,0,0,13
221, ,J EXP PSYCHOL GEN,13,1,7,0,0,0,1,1,1,0,0,2
222,6.335,J MED GENET,13,1,2,2,0,0,2,0,0,2,2,2
223, ,J NEUROCYTOL,13,0,0,0,0,0,0,0,0,0,0,13
224,2.474,J NEUROL SCI,13,0,1,0,1,0,1,2,2,0,0,6
225,1.325,JOVE-J VIS EXP,13,0,2,1,3,2,3,2,0,0,0,0
226,34.985,NAT REV IMMUNOL,13,0,0,0,3,0,3,4,1,0,1,1
227,5.938,PSYCHOL MED,13,2,1,0,0,1,1,1,0,0,2,5
228, ,SPATIAL VISION,13,0,0,0,0,0,0,0,0,0,0,13
229,18.365,ANNU REV PHARMACOL,12,0,0,1,0,1,2,1,1,0,0,6
230,3.157,CHEM SENSES,12,0,1,3,2,2,0,3,0,1,0,0
231, ,COGNITION,12,1,0,0,1,0,3,1,0,0,0,6
232,8.665,EMBO MOL MED,12,5,1,1,2,2,1,0,0,0,0,0
233, ,HIPPOCAMPUS COGNITIV,12,0,0,0,0,0,0,0,0,0,0,12
234,2.580,INT J DEV NEUROSCI,12,0,1,1,2,0,1,2,0,1,2,2
235,1.899,J PHYSIOL-PARIS,12,0,0,2,0,0,2,0,0,3,0,5
236,3.330,REV NEUROSCIENCE,12,0,0,0,3,0,0,0,2,3,0,4
237,6.265,SEMIN CELL DEV BIOL,12,1,1,4,1,1,0,0,0,3,0,1
238,5.019,BBA-MOL CELL RES,11,0,1,3,1,2,1,0,0,0,1,2
239,4.730,BIOESSAYS,11,0,0,1,5,1,0,0,0,0,0,4
240,9.329,CANCER RES,11,2,1,0,1,1,0,2,0,0,1,3
241,7.574,CURR OPIN GENET DEV,11,0,1,0,4,2,0,2,0,2,0,0
242,3.383,J AFFECT DISORDERS,11,0,1,2,0,3,2,1,0,0,0,2
243,1.717,J CHILD NEUROL,11,0,1,0,1,0,0,1,0,1,1,6
244, ,J COMP PHYSIOL PSYCH,11,0,0,0,0,0,0,0,0,0,0,11
245,3.957,J PSYCHIATR RES,11,1,1,2,1,1,0,0,0,0,0,5
246, ,MOL BRAIN RES,11,0,0,0,0,0,0,0,0,0,1,10
247,6.564,MOL CELL PROTEOMICS,11,0,1,4,1,0,0,2,2,0,0,1
248,7.372,SOC COGN AFFECT NEUR,11,1,7,0,1,0,1,1,0,0,0,0
249,15.724,ANNU REV GENET,10,0,0,3,1,1,0,0,0,1,0,4
250,10.452,BLOOD,10,0,0,2,0,0,0,1,1,1,1,4
251,3.986,BMC GENOMICS,10,0,2,1,1,1,1,0,0,0,3,1
252,2.477,BRAIN COGNITION,10,2,0,0,0,1,1,0,0,0,0,6
253,2.506,CELL MOL NEUROBIOL,10,1,0,2,2,1,0,1,0,3,0,0
254, ,COGNITIVE BRAIN RES,10,0,0,0,0,0,0,0,0,0,2,8
255,2.284,GENOMICS,10,0,0,0,1,0,1,0,0,1,0,7
256,5.340,HUM MUTAT,10,3,1,2,0,0,0,1,2,0,0,1
257, ,J COMP PHYSIOL,10,0,0,0,0,0,0,0,0,0,0,10
258,2.440,MECH DEVELOP,10,0,1,0,0,0,0,1,0,0,1,7
259,4.902,MOL BRAIN,10,1,4,2,0,1,1,1,0,0,0,0
260,2.593,NEUROCHEM RES,10,0,0,0,0,1,0,2,2,0,0,5
261,4.857,PHYSIOLOGY,10,0,1,0,2,2,2,1,0,2,0,0
262,4.350,TRAFFIC,10,0,1,0,1,1,0,2,2,1,1,1
263,9.453,TRENDS MOL MED,10,1,1,1,4,1,0,0,1,0,0,1
264, ,ADV NEURAL INFORM PR,9,0,0,1,3,1,2,0,0,0,0,2
265,3.979,ALZHEIMERS RES THER,9,2,4,2,1,0,0,0,0,0,0,0
266, ,AM J MED GENET,9,0,0,0,0,0,0,0,0,0,0,9
267,3.137,ANIM BEHAV,9,0,0,0,0,0,1,0,0,0,0,8
268,3.210,BEHAV GENET,9,0,0,0,4,0,0,0,0,0,0,5
269,2.576,BMC BIOINFORMATICS,9,0,0,1,0,0,2,2,1,1,0,2
270,17.445,BMJ-BRIT MED J,9,0,1,1,0,0,0,2,0,0,1,4
271,11.019,CIRC RES,9,0,0,0,0,0,1,1,1,2,2,2
272,3.097,CLIN NEUROPHYSIOL,9,0,1,0,1,0,0,1,1,0,0,5
273,3.452,CURR PHARM DESIGN,9,1,1,2,1,0,1,0,0,1,1,1
274,2.697,DEV NEUROSCI-BASEL,9,0,0,1,0,0,1,0,0,0,0,7
275,3.111,DNA REPAIR,9,0,3,0,0,0,1,1,0,0,0,4
276,4.055,EUR J NEUROL,9,0,1,2,0,0,1,2,0,0,2,1
277,3.523,FRONT BIOSCI-LANDMRK,9,0,0,0,0,0,0,3,1,0,0,5
278, ,FRONT SYNAPTIC NEURO,9,1,0,1,1,6,0,0,0,0,0,0
279,3.188,IEEE T NEUR SYS REH,9,1,0,2,4,0,0,0,0,0,1,1
280,4.009,INT J NEUROPSYCHOPH,9,1,4,0,3,1,0,0,0,0,0,0
281,1.268,J NEUROGENET,9,0,1,2,0,0,0,0,0,0,0,6
282,3.515,J R STAT SOC B,9,0,0,0,0,0,0,0,1,0,0,8
283,3.347,J SLEEP RES,9,0,0,0,0,1,0,0,0,0,2,6
284,2.088,METHOD ENZYMOL,9,0,0,1,0,0,0,2,0,0,0,6
285, ,METHOD MOL BIOL,9,0,1,1,3,1,1,0,1,0,0,1
286, ,MOUSE BRAIN STEREOTA,9,0,0,0,0,0,0,2,0,0,0,7
287,3.582,NEURAL PLAST,9,0,0,4,3,0,1,1,0,0,0,0
288,3.689,PROG NEURO-PSYCHOPH,9,0,0,0,0,1,2,1,2,2,0,1
289,14.756,PSYCHOL BULL,9,0,0,0,0,1,0,0,1,0,1,6
290, ,REINFORCEMENT LEARNI,9,0,0,0,0,0,0,0,0,0,0,9
291,11.227,TRENDS BIOCHEM SCI,9,0,0,0,0,0,0,0,0,1,0,8
292,2.680,ACTA CRYSTALLOGR D,8,0,4,0,1,2,0,0,0,0,0,1
293,3.589,AM J NEURORADIOL,8,1,1,0,0,0,0,0,1,1,0,4
294,3.780,AM J PHYSIOL-CELL PH,8,0,1,0,0,2,0,0,1,1,0,3
295,3.194,BIOCHEM SOC T,8,0,0,0,0,4,0,0,1,0,2,1
296, ,BRAIN CONNECT,8,2,2,0,4,0,0,0,0,0,0,0
297,4.595,CURR OPIN PHARMACOL,8,0,0,0,1,1,2,0,2,1,0,1
298,4.349,EUR J HUM GENET,8,2,0,1,0,1,2,0,0,0,2,0
299,3.246,EXP CELL RES,8,0,1,0,1,0,0,0,0,0,2,4
300,3.485,EXP GERONTOL,8,1,0,0,0,0,0,1,1,1,1,3
301,2.347,IEEE T BIO-MED ENG,8,2,1,0,2,0,2,0,0,0,0,1
302,21.561,IMMUNITY,8,0,2,1,0,1,0,0,0,0,0,4
303,3.358,J EXP PSYCHOL HUMAN,8,0,0,0,0,0,0,1,0,0,0,7
304,3.138,J NEUROENDOCRINOL,8,0,1,1,1,0,0,0,0,0,0,5
305,2.467,J NEUROIMMUNOL,8,0,0,0,0,0,1,0,0,1,0,6
306,4.439,J VIROL,8,0,0,0,0,0,0,1,0,0,0,7
307,12.008,JAMA PSYCHIAT,8,3,5,0,0,0,0,0,0,0,0,0
308,6.227,MOL THER,8,1,1,0,2,1,0,2,0,0,0,1
309,5.054,NEUROTHERAPEUTICS,8,2,1,0,0,2,0,1,2,0,0,0
310, ,PERCEPT PSYCHOPHYS,8,0,0,0,0,0,0,0,0,0,0,8
311,2.288,PHYS REV E,8,0,0,1,0,2,2,0,0,0,0,3
312, ,PSYCHON B REV,8,0,0,0,2,0,1,2,0,1,0,2
313, ,THEOR NEUROSCI,8,0,0,0,0,0,0,0,0,0,3,5
314,3.838,AM J PHYSIOL-HEART C,7,0,1,0,2,1,1,0,0,0,0,2
315,5.879,ANESTHESIOLOGY,7,0,1,0,1,0,0,0,0,0,1,4
316,8.957,ANNU REV GENOM HUM G,7,1,1,1,1,0,0,0,0,0,1,2
317, ,ATTENTION PERFORM,7,0,0,0,0,0,0,0,0,0,0,7
318,3.836,BBA-BIOMEMBRANES,7,0,4,0,1,0,0,1,0,0,0,1
319,2.148,BEHAV PHARMACOL,7,0,0,0,2,1,0,0,0,1,0,3
320,1.954,CHAOS,7,0,2,0,0,2,2,0,0,0,0,1
321,6.645,CHEM BIOL,7,0,0,0,1,0,0,1,2,1,1,1
322,2.709,EXP EYE RES,7,0,0,0,1,1,1,2,0,1,0,1
323,7.037,FRONT NEUROENDOCRIN,7,0,0,0,0,0,1,2,0,1,2,1
324, ,FRONT NEUROL,7,0,5,2,0,0,0,0,0,0,0,0
325,4.046,INT J BIOCHEM CELL B,7,1,0,1,2,0,1,0,0,0,0,2
326,1.500,J CHEM NEUROANAT,7,0,1,1,1,0,0,0,0,0,0,4
327,5.447,J MED CHEM,7,0,3,1,0,1,1,0,0,0,0,1
328,2.402,J NEURAL TRANSM,7,1,0,0,1,2,0,1,0,1,0,1
329,2.817,J NEUROPSYCH CLIN N,7,0,0,0,0,0,1,0,0,0,0,6
330,3.714,J NEUROTRAUM,7,2,0,0,1,0,0,0,0,2,0,2
331,3.898,J PSYCHOPHARMACOL,7,0,3,0,0,2,0,0,0,0,1,1
332,2.702,LIFE SCI,7,0,2,1,0,0,0,0,0,0,0,4
333,3.645,METHODS,7,1,2,1,0,2,0,0,0,0,0,1
334,3.092,NEUROCHEM INT,7,0,0,0,0,0,2,2,0,1,0,2
335,3.292,OPT LETT,7,0,1,2,0,0,0,0,0,0,0,4
336, ,ACTA PHYSIOL SCAND,6,0,0,0,0,0,0,0,0,0,0,6
337,6.340,AGING CELL,6,0,0,1,0,2,0,1,2,0,0,0
338,2.159,AM J MED GENET A,6,0,2,0,0,1,0,0,0,0,1,2
339, ,AM PSYCHOL,6,1,0,0,0,0,0,0,0,0,0,5
340, ,ANAT EMBRYOL,6,0,0,0,0,0,0,0,0,0,1,5
341,4.399,ARCH OPHTHALMOL-CHIC,6,0,0,0,0,0,1,1,0,0,0,4
342,4.330,AUTISM RES,6,1,1,2,0,1,1,0,0,0,0,0
343, ,BEHAV RES METHODS,6,0,1,0,0,0,0,2,0,0,0,3
344,5.009,BIOCHEM PHARMACOL,6,0,0,1,1,1,0,0,0,1,0,2
345,2.667,BMC DEV BIOL,6,0,0,0,0,0,0,0,3,0,0,3
346,1.880,BRAIN DEV-JPN,6,0,1,0,0,1,0,0,2,0,0,2
347,1.770,CAN J PHYSIOL PHARM,6,0,0,0,0,0,1,0,0,0,0,5
348,8.184,CELL DEATH DIFFER,6,0,0,2,0,0,1,1,0,1,1,0
349,3.931,CLIN GENET,6,0,0,2,1,1,1,0,0,0,0,1
350,5.064,COGNITIVE PSYCHOL,6,0,0,0,0,0,0,1,0,0,0,5
351,4.680,CURR TOP DEV BIOL,6,0,0,2,0,0,2,0,0,0,2,0
352,3.402,CURR TOP MED CHEM,6,0,0,0,4,0,1,0,0,1,0,0
353,3.547,DEMENT GERIATR COGN,6,0,0,1,1,1,0,0,1,0,0,2
354,2.420,DEV GROWTH DIFFER,6,0,0,0,0,0,2,2,0,0,0,2
355,6.691,DRUG DISCOV TODAY,6,1,1,3,0,1,0,0,0,0,0,0
356,2.015,EPILEPSY RES,6,2,0,0,0,1,1,0,0,0,0,2
357,4.369,EUR NEUROPSYCHOPHARM,6,0,1,0,4,0,0,0,0,0,1,0
358, ,HDB BEHAV NEUROBIOLO,6,0,0,0,0,4,1,0,0,0,0,1
359, ,HUM NEUROBIOL,6,0,0,0,0,0,0,0,0,0,0,6
360,2.882,INT J PSYCHOPHYSIOL,6,0,0,2,0,0,0,0,0,1,0,3
361, ,J ABNORM PSYCHOL,6,0,0,0,0,0,0,0,0,0,1,5
362,3.984,J APPL CRYSTALLOGR,6,0,0,1,0,0,1,0,1,0,0,3
363,2.083,J CLIN EXP NEUROPSYC,6,0,0,1,0,0,0,1,1,0,0,3
364,5.498,J CLIN PSYCHIAT,6,1,0,0,1,0,0,1,0,1,0,2
365,1.949,J EXP PSYCHOL-ANIM L,6,0,0,0,0,0,0,0,0,0,0,6
366,2.963,J INT NEUROPSYCH SOC,6,0,0,0,2,0,0,0,1,2,0,1
367,4.421,J LIPID RES,6,0,0,1,1,0,1,0,0,0,0,3
368,3.268,J NEURODEV DISORD,6,0,1,0,0,2,3,0,0,0,0,0
369,3.377,J NEUROL,6,0,2,0,1,0,0,0,1,0,0,2
370,5.861,J PSYCHIATR NEUROSCI,6,0,0,1,0,1,1,0,0,0,2,1
371,1.154,MICROSC RES TECHNIQ,6,0,0,0,0,0,0,0,0,0,0,6
372,9.105,MOL BIOL EVOL,6,0,0,0,1,1,1,0,1,1,0,1
373,4.022,MOL ENDOCRINOL,6,0,0,0,1,0,0,2,1,0,0,2
374,3.511,NEURODEGENER DIS,6,1,2,1,0,1,0,0,0,0,1,0
375,2.526,NEUROIMAGE-CLIN,6,2,4,0,0,0,0,0,0,0,0,0
376,3.269,NEUROPSYCHOLOGY,6,0,0,0,1,0,0,0,0,0,1,4
377,3.976,NEUROREHAB NEURAL RE,6,1,0,1,1,1,2,0,0,0,0,0
378, ,PRINCIPLES FRONTAL L,6,0,6,0,0,0,0,0,0,0,0,0
379,1.941,PSYCHIAT GENET,6,0,0,0,0,0,1,0,0,2,0,3
380,2.986,PSYCHOPHYSIOLOGY,6,0,0,1,0,2,0,1,0,0,0,2
381,5.578,SCI REP-UK,6,1,1,4,0,0,0,0,0,0,0,0
382, ,SCI STKE,6,0,0,0,0,0,0,0,0,2,0,4
383,5.620,TRANSL PSYCHIAT,6,0,3,3,0,0,0,0,0,0,0,0
384,4.362,ACS CHEM NEUROSCI,5,0,2,1,1,1,0,0,0,0,0,0
385,5.230,AM J EPIDEMIOL,5,1,0,0,0,0,0,0,3,0,0,1
386,3.106,AM J PHYSIOL-REG I,5,0,0,0,0,0,1,0,0,0,1,3
387,39.327,ANNU REV IMMUNOL,5,0,1,0,0,0,3,0,1,0,0,0
388,1.488,ARCH ITAL BIOL,5,0,0,1,0,1,0,0,0,0,0,3
389, ,BIOCHIM BIOPHYS ACTA,5,0,1,0,0,0,0,0,0,0,0,4
390,3.648,BIOMED OPT EXPRESS,5,0,2,2,1,0,0,0,0,0,0,0
391,5.889,BRAIN BEHAV IMMUN,5,0,0,1,3,0,0,0,0,0,1,0
392,5.014,CELL DEATH DIS,5,1,3,0,0,1,0,0,0,0,0,0
393, ,CEREBELLAR CORTEX CY,5,0,0,0,0,0,0,0,0,0,0,5
394, ,CHILD DEV,5,0,0,0,0,0,0,0,0,0,0,5
395,7.903,CLIN PHARMACOL THER,5,0,0,0,2,1,0,1,0,0,0,1
396,2.073,COGN NEUROPSYCHOL,5,0,0,0,0,0,0,0,0,0,0,5
397, ,COLD SPRING HARB PRO,5,0,0,4,0,1,0,0,0,0,0,0
398,9.469,CSH PERSPECT MED,5,0,0,5,0,0,0,0,0,0,0,0
399, ,CURR DIR PSYCHOL SCI,5,0,3,1,1,0,0,0,0,0,0,0
400,4.407,DEPRESS ANXIETY,5,0,1,1,0,0,0,0,0,0,0,3
401, ,DEVELOPMENTAL SCI,5,0,1,1,1,0,1,0,1,0,0,0
402, ,DIALOGUES CLIN NEURO,5,0,2,2,0,0,0,0,0,0,1,0
403,1.380,GENE EXPR PATTERNS,5,0,0,1,1,1,0,0,0,2,0,0
404,2.805,GENES CELLS,5,0,0,1,0,2,0,0,1,0,0,1
405, ,HISTOLOGY NERV SY,5,0,0,0,0,0,0,0,0,0,0,5
406, ,IEEE ENG MED BIOL,5,0,0,1,0,3,0,0,0,1,0,0
407,1.921,INT REV NEUROBIOL,5,0,1,1,1,0,0,0,1,0,0,1
408,7.260,J AM ACAD CHILD PSY,5,2,0,0,0,0,0,1,0,0,1,1
409,6.459,J CHILD PSYCHOL PSYC,5,0,0,0,0,0,0,0,0,0,0,5
410,3.718,J ENDOCRINOL,5,0,0,0,0,0,0,0,0,0,0,5
411,2.609,J MATH PSYCHOL,5,0,0,0,0,0,0,0,0,0,0,5
412,3.737,J NEUROSURG,5,0,0,0,0,0,1,0,0,0,0,4
413,4.245,J PROTEOME RES,5,0,0,2,1,2,0,0,0,0,0,0
414,2.090,MAGN RESON IMAGING,5,0,0,0,1,1,1,0,2,0,0,0
415,1.986,MOL VIS,5,0,0,0,2,0,1,0,0,1,0,1
416,20.004,NAT IMMUNOL,5,0,0,3,0,0,0,1,0,0,0,1
417,3.678,NEUROMOL MED,5,0,3,0,0,2,0,0,0,0,0,0
418,4.592,NEUROPSYCHOL REV,5,1,0,0,1,2,1,0,0,0,0,0
419,3.488,OPT EXPRESS,5,0,1,0,1,0,1,2,0,0,0,0
420,2.618,PEPTIDES,5,0,0,0,2,0,0,0,0,0,0,3
421,9.723,PHARMACOL THERAPEUT,5,1,1,1,0,1,0,0,0,0,0,1
422,14.429,PLOS MED,5,0,2,0,0,0,0,1,0,0,2,0
423,4.944,PSYCHONEUROENDOCRINO,5,1,0,0,0,0,0,0,0,0,0,4
424,2.127,Q J EXP PSYCHOL,5,1,1,0,0,0,0,0,0,0,0,3
425, ,RHYTHMS BRAIN,5,0,0,0,0,0,0,0,0,5,0,0
426,1.070,SCI AM,5,0,0,0,1,0,1,0,0,1,0,2
427,0.641,SOMATOSENS MOT RES,5,0,0,0,0,2,0,0,0,0,0,3
428,5.605,ACTA PSYCHIAT SCAND,4,0,0,0,0,0,0,0,0,0,0,4
429,2.440,ALZ DIS ASSOC DIS,4,0,0,1,0,2,0,0,0,1,0,0
430,2.405,AMYOTROPH LAT SCL FR,4,0,1,0,0,0,0,2,0,0,0,1
431,5.636,ANAL CHEM,4,0,0,1,0,0,0,0,0,0,0,3
432,11.261,ANGEW CHEM INT EDIT,4,0,2,1,0,0,0,1,0,0,0,0
433,7.407,ANTIOXID REDOX SIGN,4,0,0,2,2,0,0,0,0,0,0,0
434,4.789,ARCH DERMATOL,4,0,0,0,1,1,0,0,0,0,0,2
435, ,ARCH NEURO PSYCHIATR,4,0,0,0,0,0,0,0,0,0,0,4
436,11.753,AUTOPHAGY,4,0,1,1,0,1,0,1,0,0,0,0
437,4.381,BBA-GEN SUBJECTS,4,0,0,3,0,0,0,0,0,0,0,1
438,4.882,BBA-MOL BASIS DIS,4,1,0,0,0,1,0,0,0,0,2,0
439, ,BIOFIZIKA+,4,0,0,0,0,0,0,0,0,0,0,4
440,8.557,BIOMATERIALS,4,1,0,2,0,0,1,0,0,0,0,0
441,4.598,BRAIN IMAGING BEHAV,4,4,0,0,0,0,0,0,0,0,0,0
442,4.643,BRAIN PATHOL,4,0,1,0,0,1,0,1,0,0,0,1
443,12.413,CELL RES,4,0,1,2,1,0,0,0,0,0,0,0
444,4.315,CELL SIGNAL,4,0,2,0,1,0,0,0,0,0,0,1
445, ,CLASSICAL CONDITION,4,0,0,0,0,0,0,0,0,0,0,4
446,7.911,CLIN CHEM,4,0,0,0,0,1,1,0,0,0,0,2
447, ,COLD SPRING HARB SYM,4,0,0,0,1,0,0,0,1,0,0,2
448, ,COMMUN INTEGR BIOL,4,0,0,1,1,0,2,0,0,0,0,0
449, ,COMPUT BIOMED RES,4,0,0,0,0,0,0,0,0,0,0,4
450,3.853,CURR MED CHEM,4,0,1,1,0,0,0,1,0,1,0,0
451,3.059,CURR NEUROL NEUROSCI,4,0,1,0,0,1,0,0,0,1,1,0
452,3.238,CURR PSYCHIAT REP,4,0,0,0,0,0,1,1,1,0,0,1
453, ,EUR J BIOCHEM,4,0,0,0,0,0,0,0,0,0,0,4
454,2.928,EUR J PAIN,4,0,1,0,1,0,1,0,0,0,1,0
455,4.001,FEBS J,4,0,0,0,0,0,2,1,0,0,1,0
456,3.261,FRONT NEUROINFORM,4,1,0,0,0,1,2,0,0,0,0,0
457, ,FRONT PSYCHIAT,4,0,2,2,0,0,0,0,0,0,0,0
458, ,HDB NEUROPSYCHOLOGY,4,0,0,0,0,0,0,0,0,0,0,4
459,4.966,HEALTH AFFAIR,4,0,1,0,1,1,0,0,0,0,0,1
460,2.482,IEEE T BIOMED CIRC S,4,0,1,0,2,1,0,0,0,0,0,0
461,12.113,J AM CHEM SOC,4,1,0,1,0,0,0,0,0,0,1,1
462,9.343,J AM SOC NEPHROL,4,0,0,0,0,0,0,1,1,0,1,1
463,1.979,J AM STAT ASSOC,4,0,0,0,0,0,1,0,0,0,0,3
464,2.582,J BIOCHEM,4,0,1,0,0,0,0,0,0,0,0,3
465,3.263,J CELL BIOCHEM,4,0,0,1,0,0,1,0,0,0,2,0
466,2.344,J COMP PSYCHOL,4,0,0,0,0,0,0,2,0,1,0,1
467, ,J EXP PSYCHOL,4,0,0,0,0,0,0,0,0,0,0,4
468,2.862,J EXP PSYCHOL LEARN,4,0,0,0,2,0,1,0,0,0,0,1
469,4.289,J LEUKOCYTE BIOL,4,0,0,0,0,0,0,0,0,1,0,3
470,1.735,J MORPHOL,4,0,0,0,0,0,0,0,0,0,0,4
471,1.558,J OPT SOC AM A,4,0,0,0,0,0,0,0,0,0,0,4
472,2.598,JARO-J ASSOC RES OTO,4,0,1,0,0,0,2,0,0,0,0,1
473, ,JASPERS BASIC MECH E,4,0,0,4,0,0,0,0,0,0,0,0
474, ,JPN J PHARMACOL,4,0,0,0,0,0,0,0,0,0,0,4
475,1.303,MATH BIOSCI,4,0,0,0,0,0,0,0,0,0,0,4
476,3.210,MOL BIOSYST,4,0,0,0,1,0,1,1,1,0,0,0
477,37.400,NAT REV CANCER,4,0,0,0,0,2,0,0,0,1,1,0
478, ,NEUROIMAGE C,4,0,2,2,0,0,0,0,0,0,0,0
479,1.439,NEUROL RES,4,0,1,0,0,0,1,0,0,0,0,2
480, ,NEW YORK TIMES,4,2,2,0,0,0,0,0,0,0,0,0
481,6.135,OPHTHALMOLOGY,4,0,0,2,1,1,0,0,0,0,0,0
482,3.972,PARKINSONISM RELAT D,4,2,0,1,0,0,0,0,1,0,0,0
483,2.314,PEDIATR RES,4,0,0,0,0,0,1,0,0,0,1,2
484,5.473,PEDIATRICS,4,0,1,0,1,1,0,0,1,0,0,0
485,0.906,PERCEPTION,4,0,0,0,0,1,0,0,1,0,0,2
486,2.374,PHYSIOL GENOMICS,4,0,1,0,0,0,0,1,1,0,0,1
487, ,PRINCIPLES NEURAL SC,4,0,2,0,0,0,0,0,0,0,0,2
488,3.807,PROTEOMICS,4,2,0,1,0,0,0,1,0,0,0,0
489, ,PUBL LIST,4,0,0,0,0,0,0,0,0,0,0,4
490,7.810,Q REV BIOPHYS,4,0,0,0,1,0,0,0,0,1,0,2
491,0.663,REV NEUROL-FRANCE,4,0,1,0,0,0,0,0,0,0,0,3
492,4.936,RNA,4,0,1,0,0,0,0,0,0,1,1,1
493, ,SCI PAIN,4,0,0,0,0,0,4,0,0,0,0,0
494, ,SENS COMMUN,4,0,0,0,0,0,0,0,0,0,0,4
495, ,SIGNAL DETECT THEORY,4,0,0,0,0,0,0,0,0,0,0,4
496, ,TRANSCULT PSYCHIATRY,4,0,1,2,1,0,0,0,0,0,0,0
497, ,WALL MELZACKS TXB PA,4,0,4,0,0,0,0,0,0,0,0,0
498, ,WIRES COGN SCI,4,1,0,0,2,1,0,0,0,0,0,0
499, ,ACTA CRYSTALLOGR 12,3,0,0,0,0,0,0,0,0,0,0,3
500,1.286,ACTA NEUROBIOL EXP,3,0,0,0,0,0,2,0,0,0,0,1
501, ,ACTA NEUROPATHOL COM,3,1,2,0,0,0,0,0,0,0,0,0
502, ,ACTA PSYCHOL,3,0,0,1,0,0,0,0,0,0,0,2
503,5.359,ADDICT BIOL,3,0,1,0,1,0,0,0,1,0,0,0
504,6.760,ADV GENET,3,0,0,0,1,0,1,0,1,0,0,0
505, ,ADV NEUROL,3,0,0,0,0,0,0,0,0,1,0,2
506,2.219,ANAL BIOCHEM,3,0,0,0,0,0,0,0,0,0,0,3
507, ,ANIM LEARN BEHAV,3,0,0,0,0,0,0,0,0,0,0,3
508,3.886,ANN MED,3,0,0,1,0,1,0,0,0,0,0,1
509,12.674,ANNU REV CLIN PSYCHO,3,0,0,0,0,2,0,0,0,0,1,0
510,12.928,ANNU REV MED,3,0,0,1,0,0,0,0,0,1,0,1
511,18.750,ANNU REV PATHOL-MECH,3,0,1,1,0,0,0,0,0,1,0,0
512,6.008,ARTERIOSCL THROM VAS,3,0,0,0,1,1,0,0,0,0,0,1
513,1.650,ARTHROPOD STRUCT DEV,3,0,0,0,0,0,0,1,0,0,0,2
514, ,AUTISM,3,0,0,1,0,0,0,0,1,0,0,1
515,5.353,BBA-BIOENERGETICS,3,1,0,0,0,0,1,0,0,0,0,1
516,5.162,BBA-MOL CELL BIOL L,3,0,0,1,0,1,0,1,0,0,0,0
517,2.350,BEHAV ECOL SOCIOBIOL,3,0,0,0,2,0,0,0,0,0,0,1
518,1.230,BEHAVIOUR,3,0,0,0,0,0,0,0,0,0,0,3
519,3.403,BIOL PSYCHOL,3,1,0,0,0,0,0,0,0,0,0,2
520,2.646,BIOMARK MED,3,0,0,0,3,0,0,0,0,0,0,0
521, ,BIOSTAT ANAL,3,0,0,0,0,1,0,0,0,0,0,2
522,2.948,BIOTECHNIQUES,3,0,0,0,1,0,0,0,1,0,0,1
523, ,BMC RES NOTES,3,0,0,1,1,0,0,1,0,0,0,0
524, ,BOSTON MED SURG J,3,0,0,0,0,0,0,0,0,0,0,3
525,3.215,BRAIN LANG,3,0,0,1,0,0,0,0,1,1,0,0
526,4.853,BRIT J ANAESTH,3,0,0,0,0,0,0,1,0,0,0,2
527,4.275,BRIT J DERMATOL,3,0,0,0,0,0,0,0,2,0,0,1
528,2.976,BRIT J OPHTHALMOL,3,0,0,0,0,0,0,0,0,0,0,3
529,4.505,CELL ADHES MIGR,3,0,0,0,1,0,2,0,0,0,0,0
530,4.565,CELL CYCLE,3,1,0,0,0,0,1,0,0,1,0,0
531,2.875,CELL PHYSIOL BIOCHEM,3,0,0,1,0,1,0,0,0,0,1,0
532,1.684,CELL STRUCT FUNCT,3,0,0,0,1,0,0,1,1,0,0,0
533,1.528,CLIN NEUROPATHOL,3,0,0,1,0,0,0,0,0,0,0,2
534, ,COGN NEUR 3 3 ED,3,0,0,0,0,0,0,0,0,0,0,3
535,2.653,COGN NEUROSCI-UK,3,0,0,0,1,2,0,0,0,0,0,0
536, ,COGNITIVE SCI,3,0,0,0,0,1,0,0,0,1,0,1
537, ,CURR PROTOC MOL BIOL,3,0,0,0,0,1,1,0,1,0,0,0
538,3.116,CYTOSKELETON,3,0,2,0,0,1,0,0,0,0,0,0
539, ,DECISIONS UNCERTAINT,3,0,0,0,0,0,0,0,0,0,0,3
540,3.307,DEV PSYCHOBIOL,3,0,0,1,0,0,0,0,0,0,0,2
541, ,DEV PSYCHOL,3,0,0,0,0,0,0,0,0,0,0,3
542,8.095,DIABETES,3,0,0,0,3,0,0,0,0,0,0,0
543,3.437,DIFFERENTIATION,3,0,0,0,0,1,0,0,0,0,0,2
544, ,EMOTION,3,0,0,0,0,0,0,0,0,1,1,1
545,3.525,EUR ARCH PSY CLIN N,3,0,1,0,0,0,0,0,0,0,0,2
546, ,EVID BASED DENT,3,0,0,0,0,0,0,0,0,3,0,0
547,2.669,EXP PHYSIOL,3,0,0,1,1,0,0,0,0,0,0,1
548,3.325,FLY,3,0,0,1,1,0,0,0,1,0,0,0
549,3.802,FRONT PHARMACOL,3,2,0,1,0,0,0,0,0,0,0,0
550,3.534,FRONT PHYSIOL,3,0,0,2,0,1,0,0,0,0,0,0
551, ,GAME ECON BEHAV,3,0,0,0,0,0,0,0,0,0,3,0
552,2.597,GENET EPIDEMIOL,3,0,0,0,1,1,0,1,0,0,0,0
553, ,HANDB CLIN NEUROL,3,0,0,0,0,0,0,1,0,0,0,2
554, ,HANDB PHYSIOL,3,0,0,0,0,0,0,0,0,0,0,3
555, ,HIPPOCAMPUS BOOK,3,0,0,0,0,0,0,0,3,0,0,0
556,2.192,HUM PSYCHOPHARM CLIN,3,0,0,0,1,1,0,1,0,0,0,0
557,3.390,IEEE T MED IMAGING,3,0,0,0,0,0,0,0,0,0,0,3
558,5.781,IEEE T PATTERN ANAL,3,0,0,0,0,0,0,1,0,0,1,1
559,3.450,INSECT BIOCHEM MOLEC,3,0,0,0,0,0,0,1,0,0,0,2
560,6.507,INT J NEURAL SYST,3,0,0,1,0,0,0,0,2,0,0,0
561,0.900,INVERTEBR NEUROSCI,3,0,0,0,0,0,0,0,1,0,0,2
562,3.169,J BIOMED BIOTECHNOL,3,0,0,2,0,1,0,0,0,0,0,0
563,3.839,J CELL PHYSIOL,3,0,0,1,0,0,0,1,1,0,0,0
564,1.820,J IMMUNOL METHODS,3,0,0,0,0,0,0,1,0,0,0,2
565,2.470,J INSECT PHYSIOL,3,0,0,0,0,0,0,0,0,0,0,3
566,2.331,J MICROSC-OXFORD,3,0,1,0,0,0,0,0,0,0,0,2
567,4.655,J MOL CELL CARDIOL,3,0,1,0,0,0,1,0,0,0,0,1
568,2.343,J MOL NEUROSCI,3,0,0,1,1,0,0,0,0,1,0,0
569,1.418,J MOTOR BEHAV,3,0,0,0,0,1,0,0,0,0,1,1
570,4.110,J NEUROIMMUNE PHARM,3,0,0,2,0,0,1,0,0,0,0,0
571,6.160,J NUCL MED,3,1,0,0,0,1,0,0,0,0,0,1
572,4.010,J PAIN,3,0,0,0,0,0,1,1,0,0,0,1
573,2.758,J PERIPHER NERV SYST,3,0,0,0,0,0,0,1,0,0,0,2
574,3.917,J R SOC INTERFACE,3,1,1,0,1,0,0,0,0,0,0,0
575, ,MEM COGNITION,3,0,0,0,0,0,0,0,0,0,0,3
576,1.421,METHOD CELL BIOL,3,0,0,0,0,1,0,1,0,0,0,1
577, ,MMWR-MORBID MORTAL W,3,0,0,1,1,0,0,0,0,0,0,1
578,4.405,MOL CELL ENDOCRINOL,3,0,0,1,0,0,0,1,0,0,0,1
579,2.090,MOL CELLS,3,0,0,0,2,1,0,0,0,0,0,0
580,4.508,MOL MED,3,0,0,2,0,0,0,1,0,0,0,0
581,2.283,MUSCLE NERVE,3,0,0,0,0,0,0,0,0,1,0,2
582, ,NEUROBIOL PREFRON,3,0,0,3,0,0,0,0,0,0,0,0
583,4.373,NEUROENDOCRINOLOGY,3,0,0,0,0,0,0,0,0,0,0,3
584,2.884,NEUROGENETICS,3,0,0,1,0,0,2,0,0,0,0,0
585,2.825,NEUROINFORMATICS,3,0,0,0,1,0,0,0,1,0,1,0
586, ,NEURON BOOK,3,0,0,0,0,0,1,0,0,2,0,0
587,3.927,NEUROPATH APPL NEURO,3,0,0,1,0,0,0,0,0,1,0,1
588,3.538,NEUROTOX RES,3,0,0,0,0,0,0,1,0,0,1,1
589, ,NEWS PHYSIOL SCI,3,0,0,0,0,0,0,0,0,0,0,3
590,1.455,OPHTHALMIC GENET,3,0,0,2,0,0,0,0,1,0,0,0
591, ,ORG BEHAV NEUROPSYCH,3,0,0,0,0,0,0,0,0,0,0,3
592,2.800,ORGANOGENESIS,3,0,2,0,0,0,0,1,0,0,0,0
593,3.096,PATTERN RECOGN,3,0,0,0,0,1,0,0,0,0,0,2
594, ,PATTERNING CELL TYPE,3,0,3,0,0,0,0,0,0,0,0,0
595, ,PERCEPT MOTOR SKILL,3,0,0,0,0,0,0,0,0,0,0,3
596, ,PHILOS ENQUIRY ORIGI,3,0,1,0,0,0,0,0,0,0,0,2
597,7.562,PLOS PATHOG,3,0,0,2,0,1,0,0,0,0,0,0
598, ,PREFRONTAL CORTEX,3,0,0,0,0,0,0,2,0,0,0,1
599, ,PROC CVPR IEEE,3,0,0,1,0,0,0,0,0,0,0,2
600, ,PROC R SOC SER B BIO,3,0,0,0,0,0,0,0,0,0,0,3
601,2.854,PROTEIN SCI,3,0,0,0,0,0,0,0,1,0,0,2
602,2.424,PSYCHIAT RES-NEUROIM,3,0,0,1,0,2,0,0,0,0,0,0
603, ,RAT BRAIN STEREOTAXI,3,0,0,0,0,0,0,0,0,0,1,2
604, ,REV GEN PSYCHOL,3,0,0,0,0,0,0,0,0,0,0,3
605, ,THALAMUS RELAT SYST,3,0,0,0,0,0,0,1,0,0,0,2
606,2.322,TRANSGENIC RES,3,0,0,0,0,0,0,1,0,0,0,2
607,11.958,TRENDS BIOTECHNOL,3,0,2,0,0,0,0,0,0,0,0,1
608,10.399,TRENDS IMMUNOL,3,0,0,0,0,0,0,0,1,0,0,2
609,3.689,WIRES DEV BIOL,3,0,2,1,0,0,0,0,0,0,0,0
610,14.225,WORLD PSYCHIATRY,3,2,0,1,0,0,0,0,0,0,0,0
611,12.881,ACS NANO,2,0,2,0,0,0,0,0,0,0,0,0
612,3.720,ACTA DERM-VENEREOL,2,0,0,0,0,1,1,0,0,0,0,0
613,0.894,ACTA NEUROL BELG,2,0,0,0,0,0,0,0,0,0,0,2
614,2.395,ACTA NEUROL SCAND,2,1,0,0,0,0,0,0,0,0,0,1
615,1.099,ACTA OTO-LARYNGOL,2,0,0,0,0,0,0,0,1,0,0,1
616,4.382,ACTA PHYSIOL,2,0,0,0,2,0,0,0,0,0,0,0
617, ,ADV PROTEIN CHEM,2,0,0,0,0,0,0,0,1,0,0,1
618,6.634,AGEING RES REV,2,0,1,0,0,0,0,0,0,0,1,0
619,3.205,ALCOHOL CLIN EXP RES,2,0,1,0,0,0,0,1,0,0,0,0
620, ,AM J ANAT,2,0,0,0,0,0,0,0,0,0,0,2
621,2.852,AM J HYPERTENS,2,0,1,0,0,0,0,0,0,1,0,0
622, ,AM J PHYSIOL,2,0,0,0,0,0,0,0,0,0,0,2
623,4.080,AM J PHYSIOL-LUNG C,2,0,1,0,1,0,0,0,0,0,0,0
624, ,AM J PSYCHOL,2,0,0,0,0,0,0,0,0,0,0,2
625, ,AM ZOOL,2,0,0,0,0,0,0,0,0,0,0,2
626, ,AMYGDALA FUNCT,2,0,0,0,0,0,0,0,0,0,0,2
627,1.542,ANAT REC,2,0,0,0,0,0,0,0,0,0,0,2
628,3.472,ANESTH ANALG,2,0,0,0,0,0,0,0,0,0,0,2
629,2.582,ANIM COGN,2,0,1,0,0,0,1,0,0,0,0,0
630,15.436,ANNU REV BIOPHYS,2,0,0,1,1,0,0,0,0,0,0,0
631,12.182,ANNU REV MICROBIOL,2,0,0,0,0,1,0,0,0,0,0,1
632,8.359,ANNU REV NUTR,2,0,0,0,0,0,0,1,0,0,0,1
633,16.842,ANNU REV PHYS CHEM,2,0,0,1,1,0,0,0,0,0,0,0
634, ,APHASISCHE SYMPTOMEN,2,0,0,0,0,0,0,0,0,0,0,2
635,3.685,APOPTOSIS,2,0,0,0,0,0,0,1,0,1,0,0
636,3.017,ARCH BIOCHEM BIOPHYS,2,0,0,0,0,0,0,0,0,0,0,2
637, ,ARCH HISTOL CYTOL,2,0,0,0,0,0,0,0,0,0,0,2
638,4.017,ASN NEURO,2,0,0,1,1,0,0,0,0,0,0,0
639,1.529,ASSAY DRUG DEV TECHN,2,1,0,0,0,0,0,0,0,0,0,1
640,2.168,ATTEN PERCEPT PSYCHO,2,1,0,0,0,1,0,0,0,0,0,0
641, ,AUDITORY CORTEX,2,0,0,0,1,1,0,0,0,0,0,0
642,1.389,B MATH BIOL,2,0,0,0,0,0,0,0,0,0,0,2
643, ,B SOC ANTHR,2,0,0,0,0,0,0,0,0,0,0,2
644,6.332,BBA-GENE REGUL MECH,2,0,0,0,1,0,0,1,0,0,0,0
645, ,BEHAV BIOL,2,0,0,0,0,0,0,0,0,0,0,2
646, ,BEHAV NEURAL BIOL,2,0,0,0,0,0,0,0,0,0,0,2
647,1.567,BEHAV PROCESS,2,0,0,0,0,1,0,1,0,0,0,0
648, ,BETTER CONSCIOUS DEC,2,0,0,0,0,0,0,2,0,0,0,0
649,1.638,BIOL BULL-US,2,0,0,1,0,0,0,0,0,0,0,1
650,1.427,BIOMED ENG ONLINE,2,0,0,0,0,0,0,0,0,0,0,2
651,4.965,BIPOLAR DISORD,2,0,0,0,1,0,0,1,0,0,0,0
652,7.984,BMC BIOL,2,0,1,1,0,0,0,0,0,0,0,0
653, ,BRAIN ARCHITECTURE U,2,0,0,0,1,0,0,0,0,0,0,1
654,1.808,BRAIN INJURY,2,0,0,0,0,0,0,0,1,0,0,1
655, ,BRAIN RES GENE EXPR,2,0,0,0,0,0,0,0,0,0,0,2
656, ,BRAIN RES PROTOC,2,0,0,0,0,0,0,0,0,0,1,1
657,4.399,BRAIN STIMUL,2,0,0,1,0,0,0,1,0,0,0,0
658, ,C P IEEE ENG MED BIO,2,0,1,0,0,0,0,0,0,1,0,0
659,23.523,CANCER CELL,2,0,0,0,0,0,0,0,2,0,0,0
660,19.453,CANCER DISCOV,2,0,0,0,2,0,0,0,0,0,0,0
661,5.334,CARCINOGENESIS,2,0,0,0,0,1,0,0,0,0,0,1
662,5.940,CARDIOVASC RES,2,0,0,0,1,0,0,0,0,0,1,0
663,1.680,CELL BIOCHEM BIOPHYS,2,0,0,0,0,0,0,1,1,0,0,0
664, ,CELL MOTIL CYTOSKEL,2,0,0,0,0,0,0,0,0,0,1,1
665,46.568,CHEM REV,2,0,0,0,0,0,0,1,0,0,0,1
666, ,CHOICES VALUES FRAME,2,0,0,0,0,0,0,0,0,0,0,2
667, ,CIBA F SYMP,2,0,0,0,0,0,0,0,0,0,0,2
668,15.073,CIRCULATION,2,0,1,0,0,0,0,0,0,0,0,1
669,8.722,CLIN CANCER RES,2,0,1,0,1,0,0,0,0,0,0,0
670,1.127,CLIN NEUROL NEUROSUR,2,0,0,0,0,1,0,0,0,0,0,1
671,2.731,CLIN THER,2,0,0,0,1,0,0,0,0,0,0,1
672,3.931,CNS NEUROSCI THER,2,0,0,1,1,0,0,0,0,0,0,0
673,6.035,COCHRANE DB SYST REV,2,0,0,1,0,1,0,0,0,0,0,0
674,1.671,COGN NEURODYNAMICS,2,0,1,0,0,0,1,0,0,0,0,0
675, ,COLD SH Q B,2,0,0,0,0,0,0,0,0,0,0,2
676, ,COMPR DEV NEUR PATT,2,0,2,0,0,0,0,0,0,0,0,0
677,4.739,COMPR PHYSIOL,2,0,1,0,1,0,0,0,0,0,0,0
678, ,COMPUT NEUROS,2,0,0,0,2,0,0,0,0,0,0,0
679, ,CONNECTOME BRAINS WI,2,0,0,2,0,0,0,0,0,0,0,0
680, ,COORDINATION NEURAL,2,0,0,0,0,0,0,1,1,0,0,0
681, ,COPLANAR STEREOTAXIC,2,0,0,0,0,0,0,0,0,0,0,2
682, ,CORTEX STAT GEOMETRY,2,0,0,0,0,0,0,0,0,0,0,2
683,7.714,CRIT REV BIOCHEM MOL,2,0,1,1,0,0,0,0,0,0,0,0
684, ,CRIT REV NEUROBIOL,2,0,0,0,0,0,0,0,0,1,0,1
685,3.889,CURR ALZHEIMER RES,2,0,0,1,0,0,1,0,0,0,0,0
686,1.979,CURR OPIN ANESTHESIO,2,0,0,0,1,0,0,0,1,0,0,0
687,7.201,CURR OPIN STRUC BIOL,2,0,2,0,0,0,0,0,0,0,0,0
688, ,CURR PROTOC NEUROSCI,2,0,0,0,0,0,0,0,0,0,0,2
689,5.357,CYTOKINE GROWTH F R,2,0,0,0,0,0,0,0,1,0,1,0
690, ,DECISION PROCESSES V,2,0,0,0,0,0,0,0,0,0,0,2
691, ,DENDRITES,2,0,0,0,0,0,0,0,1,0,0,1
692,2.750,DEV DISABIL RES REV,2,0,0,0,0,0,1,1,0,0,0,0
693, ,DEV DROSOPHILA MELAN,2,0,0,0,0,0,0,0,0,0,0,2
694,2.441,DEV GENES EVOL,2,0,0,0,0,0,0,0,0,1,0,1
695,2.241,DEV NEUROPSYCHOL,2,0,0,1,0,0,0,0,0,0,0,1
696, ,DIAGN STAT MAN MENT,2,0,2,0,0,0,0,0,0,0,0,0
697,4.973,DIS MODEL MECH,2,0,0,1,0,1,0,0,0,0,0,0
698, ,DRUGS TREAT CNS DIS,2,0,0,2,0,0,0,0,0,0,0,0
699, ,DYNAMIC COORDINATION,2,0,0,0,0,2,0,0,0,0,0,0
700,1.785,EARLY HUM DEV,2,0,1,0,0,0,0,0,0,1,0,0
701, ,ELEMENTS INFORM THEO,2,0,0,0,0,0,0,0,0,1,0,1
702,7.977,ENVIRON HEALTH PERSP,2,0,0,0,1,0,0,0,0,0,0,1
703,2.257,EPILEPSY BEHAV,2,0,0,0,0,1,0,0,1,0,0,0
704,3.256,EPILEPSY CURR,2,0,1,0,0,0,0,0,0,0,0,1
705,2.095,EPL-EUROPHYS LETT,2,0,0,0,0,0,0,0,0,0,0,2
706,1.556,ERGONOMICS,2,0,0,0,0,0,0,0,1,0,0,1
707,2.219,EUR BIOPHYS J BIOPHY,2,0,0,0,0,0,1,0,1,0,0,0
708,3.825,EUR J CELL BIOL,2,0,0,0,0,0,0,1,0,1,0,0
709,5.383,EUR J NUCL MED MOL I,2,0,0,0,0,0,0,1,0,0,0,1
710,4.612,EVOLUTION,2,0,0,0,0,0,0,0,0,0,0,2
711, ,EXPERIENTIA,2,0,0,0,0,0,0,0,0,0,0,2
712, ,F1000RES,2,1,1,0,0,0,0,0,0,0,0,0
713,4.590,FERTIL STERIL,2,1,0,0,0,0,0,0,0,0,0,1
714, ,FILM COMMENT,2,0,0,0,0,2,0,0,0,0,0,0
715,5.736,FREE RADICAL BIO MED,2,0,0,0,0,0,0,1,0,0,0,1
716,4.000,FRONT AGING NEUROSCI,2,0,0,0,1,0,1,0,0,0,0,0
717, ,FRONT NEUROENERGETIC,2,0,0,0,0,2,0,0,0,0,0,0
718, ,FRONT NEUROENG,2,0,1,1,0,0,0,0,0,0,0,0
719, ,FRONTIERS INTEGRATIV,2,0,0,1,1,0,0,0,0,0,0,0
720, ,FUNCTIONS BRAIN,2,0,0,0,0,0,0,0,0,0,0,2
721,16.716,GASTROENTEROLOGY,2,0,0,0,0,0,0,0,1,0,0,1
722,3.104,GENE THER,2,0,0,1,0,0,1,0,0,0,0,0
723, ,GLOB BURD DIS 2004 U,2,0,0,0,0,0,0,2,0,0,0,0
724, ,HANDB CHILD PSYCHOL,2,0,0,0,0,0,0,0,0,0,0,2
725, ,HANDB NEUROCHIR,2,0,0,0,0,0,0,0,0,0,0,2
726, ,HDB BRAIN CONNECTIVI,2,0,0,0,0,0,0,0,2,0,0,0
727, ,HDB CHEM NEUROANATOM,2,0,0,0,0,0,0,0,0,0,0,2
728,2.096,HISTOL HISTOPATHOL,2,0,0,0,0,0,0,0,0,0,0,2
729, ,HISTOLOGIE SYST N,2,0,0,0,0,0,0,0,0,0,0,2
730, ,IEEE EMBS CHIC IL,2,2,0,0,0,0,0,0,0,0,0,0
731,3.009,IEEE J SOLID-ST CIRC,2,0,1,0,0,0,0,0,1,0,0,0
732,3.625,IEEE T IMAGE PROCESS,2,0,0,0,0,0,0,2,0,0,0,0
733,4.291,IEEE T NEUR NET LEAR,2,0,0,0,0,0,0,0,0,0,0,2
734,1.283,IEEE T NUCL SCI,2,0,0,0,0,0,0,0,0,0,0,2
735,4.147,IMMUNOL CELL BIOL,2,0,0,0,0,0,0,0,0,0,0,2
736,2.456,INT CLIN PSYCHOPHARM,2,0,0,0,0,1,0,0,0,0,0,1
737,1.844,INT J AUDIOL,2,0,1,0,0,1,0,0,0,0,0,0
738,1.078,INT J BIFURCAT CHAOS,2,0,0,0,0,0,0,0,0,1,0,1
739,1.903,INT J DEV BIOL,2,0,0,0,0,1,0,0,0,0,0,1
740,2.088,INT J MOL MED,2,0,0,0,1,0,0,0,0,0,0,1
741,1.521,INT J NEUROSCI,2,0,0,0,0,0,0,0,0,0,0,2
742,3.756,INTEGR BIOL-UK,2,0,0,0,2,0,0,0,0,0,0,0
743, ,INTRO SYST BIOL D,2,0,0,0,0,0,0,0,1,1,0,0
744,3.143,IUBMB LIFE,2,0,0,0,0,1,0,0,1,0,0,0
745, ,J AM AGING ASSOC,2,0,0,0,0,0,0,0,0,0,0,2
746,3.056,J APPL PHYSIOL,2,0,0,0,0,0,0,0,0,1,0,1
747,2.774,J BIOL RHYTHM,2,0,0,0,0,0,0,0,0,0,0,2
748,2.751,J BIOMECH,2,0,0,0,1,0,0,0,1,0,0,0
749,6.832,J BONE MINER RES,2,0,1,0,0,0,0,0,0,1,0,0
750,2.747,J CHEM ECOL,2,0,0,1,0,0,0,1,0,0,0,0
751,2.933,J CHILD ADOL PSYCHOP,2,0,0,0,0,1,0,0,0,1,0,0
752,6.209,J CLIN ENDOCR METAB,2,0,0,0,1,0,0,0,0,0,0,1
753,18.443,J CLIN ONCOL,2,0,0,0,0,1,1,0,0,0,0,0
754,3.243,J CLIN PSYCHOPHARM,2,0,0,0,0,0,1,1,0,0,0,0
755, ,J EDUC PSYCHOL,2,0,0,0,0,0,0,0,0,0,0,2
756,1.865,J EXP ANAL BEHAV,2,0,0,0,0,0,0,0,0,0,2,0
757,1.696,J FOOD SCI,2,0,0,0,1,0,0,0,0,0,0,1
758,3.183,J GEN VIROL,2,0,0,0,0,0,0,0,0,0,0,2
759, ,J HIRNFORSCH,2,0,0,0,0,0,0,0,0,0,0,2
760,1.959,J HISTOCHEM CYTOCHEM,2,0,0,0,0,0,0,0,0,0,0,2
761, ,J INTELLECT DEV DIS,2,0,0,1,0,0,0,0,0,0,0,1
762,6.063,J INTERN MED,2,0,0,1,0,1,0,0,0,0,0,0
763,7.216,J INVEST DERMATOL,2,0,1,0,0,0,1,0,0,0,0,0
764,1.846,J MATH BIOL,2,0,0,0,0,0,0,0,0,0,0,2
765,6.870,J MOL CELL BIOL,2,0,1,1,0,0,0,0,0,0,0,0
766,1.688,J NERV MENT DIS,2,0,0,0,0,0,0,0,0,0,0,2
767,1.950,J NEURO-OPHTHALMOL,2,0,0,0,1,1,0,0,0,0,0,0
768,2.740,J NEUROENG REHABIL,2,0,1,0,0,0,0,1,0,0,0,0
769,1.734,J NEUROIMAGING,2,0,0,1,0,1,0,0,0,0,0,0
770,5.408,J NEUROINFLAMM,2,0,0,1,1,0,0,0,0,0,0,0
771,2.383,J NEUROSURG-SPINE,2,0,2,0,0,0,0,0,0,0,0,0
772,2.595,J NEUROVIROL,2,0,1,0,0,0,0,0,0,0,0,1
773, ,J NONVERBAL BEHAV,2,0,0,0,0,0,0,0,0,0,0,2
774,3.875,J NUTR,2,0,0,0,1,0,0,0,0,0,0,1
775,7.429,J PATHOL,2,0,0,1,0,0,1,0,0,0,0,0
776, ,J PERS,2,0,0,0,0,0,1,0,0,0,0,1
777,2.360,J PHARMACOL SCI,2,0,0,0,0,0,0,0,0,1,0,1
778,1.583,J PHYS A-MATH THEOR,2,0,0,0,0,0,0,0,0,0,0,2
779, ,J PSYCHOPHARMACOL OX,2,0,0,0,0,0,0,0,0,0,0,2
780,2.736,J PSYCHOSOM RES,2,0,0,0,0,0,1,1,0,0,0,0
781,3.801,J STAT SOFTW,2,0,0,1,0,0,1,0,0,0,0,0
782,3.231,J STRUCT BIOL,2,0,0,0,0,0,0,0,0,0,0,2
783,2.116,J THEOR BIOL,2,0,0,0,0,0,0,0,0,0,0,2
784,1.781,J VIROL METHODS,2,0,1,0,0,0,0,0,0,0,0,1
785,12.583,JNCI-J NATL CANCER I,2,0,1,0,1,0,0,0,0,0,0,0
786, ,JUDGMENT UNCERTAINTY,2,0,0,0,0,0,0,0,0,0,0,2
787,3.676,LAB INVEST,2,0,0,0,0,0,0,0,0,0,0,2
788, ,LECT NOTES COMPUT SC,2,0,0,0,0,0,1,0,0,0,0,1
789,1.889,MACH LEARN,2,0,0,0,0,0,0,0,0,0,0,2
790,5.074,MATRIX BIOL,2,0,0,0,2,0,0,0,0,0,0,0
791,3.397,MECH AGEING DEV,2,0,0,0,0,0,0,1,0,0,0,1
792,1.074,MED HYPOTHESES,2,0,0,0,0,0,2,0,0,0,0,0
793,3.654,MED IMAGE ANAL,2,1,0,0,0,0,0,0,0,0,0,1
794, ,MEMORY,2,0,0,0,1,0,0,0,0,0,1,0
795, ,MEMORY AMNESIA HIPPO,2,0,0,0,0,0,0,0,0,0,0,2
796, ,MENT RETARD DEV D R,2,0,0,0,0,0,0,0,0,1,0,1
797, ,MERGING SENSES,2,0,0,0,0,0,0,0,0,0,0,2
798, ,METAB MOL BASES,2,0,0,0,0,0,0,0,0,0,0,2
799,2.625,MOL GENET METAB,2,0,0,1,0,0,0,0,1,0,0,0
800, ,MOL INTERV,2,0,0,0,0,0,0,0,0,0,0,2
801,4.419,MOL MICROBIOL,2,0,0,0,0,0,2,0,0,0,0,0
802,4.384,MOL PHARMACEUT,2,0,2,0,0,0,0,0,0,0,0,0
803, ,MOL PSYCHIA IN PRESS,2,2,0,0,0,0,0,0,0,0,0,0
804, ,MOL SYNDROMOL,2,0,0,0,1,1,0,0,0,0,0,0
805,10.872,MOL SYST BIOL,2,0,0,0,0,2,0,0,0,0,0,0
806,4.822,MULT SCLER J,2,0,0,0,1,0,1,0,0,0,0,0
807,32.386,NAT PHOTONICS,2,0,1,0,0,0,0,1,0,0,0,0
808,20.147,NAT PHYS,2,0,0,0,0,2,0,0,0,0,0,0
809,2.098,NATURWISSENSCHAFTEN,2,0,0,0,0,0,0,1,0,0,0,1
810, ,NETWORKS BRAIN,2,0,0,0,0,1,1,0,0,0,0,0
811, ,NEUR BIOM BIOS CONV,2,0,0,0,0,0,0,1,1,0,0,0
812, ,NEURAL BASES MULTISE,2,0,0,2,0,0,0,0,0,0,0,0
813, ,NEUROBIOL SENSATI,2,0,0,0,2,0,0,0,0,0,0,0
814, ,NEUROBIOL TASTE S,2,0,0,0,0,0,0,0,0,0,0,2
815,1.124,NEUROCASE,2,0,0,0,0,0,0,0,0,0,0,2
816,2.083,NEUROCOMPUTING,2,0,0,0,0,1,0,0,0,1,0,0
817,2.638,NEUROMUSCULAR DISORD,2,0,0,0,0,0,0,0,0,0,0,2
818, ,NEURON GLIA BIOL,2,0,0,0,0,0,0,1,0,1,0,0
819,2.644,NEUROPEPTIDES,2,0,1,0,0,0,0,0,0,0,0,1
820, ,NEUROPHARMACOLOGY B,2,2,0,0,0,0,0,0,0,0,0,0
821,1.741,NEUROPSYCH DIS TREAT,2,0,1,0,0,0,0,1,0,0,0,0
822,2.261,NEUROPSYCHOBIOLOGY,2,0,0,0,1,0,0,0,0,0,0,1
823, ,NEURORX,2,0,0,0,0,0,0,0,0,0,1,1
824,2.509,NEUROSCI BULL,2,0,1,1,0,0,0,0,0,0,0,0
825, ,NEUROSCIENCE RULE GU,2,0,0,0,0,0,0,2,0,0,0,0
826,2.000,NEUROSIGNALS,2,0,0,1,1,0,0,0,0,0,0,0
827,2.105,NEUROSURG FOCUS,2,0,0,0,0,0,1,0,1,0,0,0
828,1.216,NUCL INSTRUM METH A,2,0,0,1,0,0,0,0,0,0,0,1
829,4.126,ORGANOMETALLICS,2,0,1,0,0,0,0,0,0,0,0,1
830,2.192,P ROY SOC A-MATH PHY,2,0,0,0,0,0,0,0,0,0,0,2
831,1.695,PEDIATR NEUROL,2,0,0,0,0,0,0,0,0,1,0,1
832, ,PERS SOC PSYCHOL B,2,0,0,0,0,0,0,0,0,0,0,2
833,1.928,PHARMACOL REP,2,0,0,0,0,0,1,0,1,0,0,0
834,1.851,PHARMACOPSYCHIATRY,2,0,0,1,0,0,0,0,0,1,0,0
835, ,PHOTORECEPTOR OPTICS,2,0,0,0,0,0,0,0,0,0,0,2
836,2.536,PHYS BIOL,2,0,0,0,0,1,0,0,0,0,0,1
837,1.683,PHYS LETT A,2,0,0,0,0,0,0,0,0,1,0,1
838, ,PHYSIOLOGIST,2,0,0,0,0,0,0,0,0,0,0,2
839,2.627,PROTEINS,2,0,0,0,1,0,0,0,0,0,0,1
840,2.467,PSYCHIAT RES,2,0,0,1,0,0,0,0,0,0,1,0
841, ,PSYCHOANAL STUD CHIL,2,0,0,0,0,0,0,0,0,0,0,2
842, ,PSYCHOL RES-PSYCH FO,2,0,0,0,0,0,0,0,0,0,0,2
843,1.085,PSYCHOMETRIKA,2,0,0,0,0,0,0,0,0,0,0,2
844, ,RES PRO CEL,2,0,0,0,0,0,2,0,0,0,0,0
845,6.273,REV PHYSIOL BIOCH P,2,0,0,1,0,0,0,0,0,0,0,1
846,1.829,SIAM J OPTIMIZ,2,0,0,0,0,0,2,0,0,0,0,0
847,8.513,SLEEP MED REV,2,0,0,0,1,0,0,0,0,1,0,0
848, ,SOC NEUR ABSTR,2,0,2,0,0,0,0,0,0,0,0,0
849,2.660,SOC NEUROSCI-UK,2,0,0,0,0,0,0,2,0,0,0,0
850,2.890,SOC SCI MED,2,0,0,0,1,1,0,0,0,0,0,0
851, ,SPARSE DISTRIBUTED M,2,0,0,0,0,0,0,0,0,0,0,2
852, ,SPIKING NEURON MODEL,2,0,0,0,0,0,0,0,0,0,0,2
853,2.297,SPINE,2,0,1,0,1,0,0,0,0,0,0,0
854, ,STUDY INSTINCT,2,0,0,0,0,0,0,0,0,0,0,2
855,1.319,TRANSL NEUROSCI,2,0,0,2,0,0,0,0,0,0,0,0
856,16.196,TRENDS ECOL EVOL,2,1,0,0,0,0,1,0,0,0,0,0
857,9.392,TRENDS ENDOCRIN MET,2,0,0,1,0,0,0,0,0,0,0,1
858, ,UND COM SYS,2,0,0,0,0,0,0,1,1,0,0,0
859, ,WAVE THEOR DIFFEREN,2,0,0,0,0,0,0,0,0,0,0,2
860,4.183,WORLD J BIOL PSYCHIA,2,0,0,0,0,1,1,0,0,0,0,0
861,2.878,WORLD NEUROSURG,2,0,0,0,2,0,0,0,0,0,0,0
862,1.946,ZEBRAFISH,2,0,0,0,0,0,0,0,0,1,1,0
Copyright Â© 2018 Clarivate Analytics,,,,,,,,,,,,,,
"By exporting the selected data, you agree to the data usage policy set forth in the Terms of Use",,,,,,,,,,,,,,
