Cited Journal Data: BEHAVIORAL AND BRAIN SCIENCES,,,,,,,,,,,,,,
,Impact Factor,Citing Journal,All Yrs,2014,2013,2012,2011,2010,2009,2008,2007,2006,2005,Rest
1,,ALL Journals,7562,55,400,327,186,377,290,294,326,133,512,4662
2,,ALL OTHERS (599),599,4,14,20,11,42,12,14,29,11,42,400
3,2.560,FRONT PSYCHOL,509,8,55,19,41,16,17,24,29,5,32,263
4,,PLOS ONE,259,6,11,12,1,16,9,14,11,4,26,149
5,,FRONT HUM NEUROSCI,226,8,32,13,0,13,1,7,9,1,5,137
6,20.771,BEHAV BRAIN SCI,112,1,6,6,5,7,5,5,6,6,11,54
7,3.302,NEUROPSYCHOLOGIA,97,2,12,2,0,2,1,0,4,0,4,70
8,3.479,COGNITION,85,1,10,2,1,7,2,5,1,5,2,49
9,5.929,J EXP PSYCHOL GEN,72,1,4,4,7,6,3,4,1,1,2,39
10,,NEUROIMAGE,71,0,8,7,1,0,4,1,6,0,4,40
11,,PHILOS T R SOC B,62,1,6,1,0,2,1,4,5,0,5,37
12,,P NATL ACAD SCI USA,57,1,7,10,2,3,1,1,3,5,0,24
13,1.941,CONSCIOUS COGN,54,0,5,1,1,0,1,0,4,0,2,40
14,,NEUROSCI BIOBEHAV R,54,4,2,2,0,1,0,1,1,0,5,38
15,,CORTEX,53,0,0,4,1,0,5,2,0,0,4,37
16,1.389,EVOL PSYCHOL-US,53,0,1,0,4,2,10,0,1,0,6,29
17,3.369,PSYCHON B REV,53,0,0,1,0,1,1,1,5,0,0,44
18,3.358,J EXP PSYCHOL HUMAN,52,0,1,0,0,0,1,3,1,0,0,46
19,2.248,ACTA PSYCHOL,49,0,5,2,1,2,0,5,0,0,0,34
20,2.446,COGNITIVE SCI,46,0,1,1,1,3,3,5,2,1,0,29
21,21.965,TRENDS COGN SCI,46,0,10,6,2,0,3,1,2,2,2,18
22,2.127,Q J EXP PSYCHOL,45,0,0,3,1,2,4,2,1,1,0,31
23,7.372,SOC COGN AFFECT NEUR,45,0,1,10,1,3,0,4,3,1,8,14
24,2.168,ATTEN PERCEPT PSYCHO,44,0,0,1,0,1,0,0,3,0,0,39
25,3.130,EVOL HUM BEHAV,44,0,3,4,1,2,3,1,0,3,5,22
26,,PHYS LIFE REV,44,0,3,1,1,2,2,3,2,0,6,24
27,3.063,TOP COGN SCI,43,0,10,1,0,4,2,1,1,1,2,21
28,,J NEUROSCI,41,1,4,1,0,0,1,2,1,0,5,26
29,2.862,J EXP PSYCHOL LEARN,40,0,0,3,0,0,4,0,4,0,0,29
30,,FRONT BEHAV NEUROSCI,39,0,2,2,0,1,1,3,4,3,3,20
31,14.756,PSYCHOL BULL,39,0,0,3,1,2,1,3,1,0,1,27
32,4.940,PSYCHOL SCI,39,0,3,1,1,3,2,4,3,0,4,18
33,4.085,J COGNITIVE NEUROSCI,38,0,1,2,0,2,3,0,1,0,1,28
34,0.739,SYNTHESE,38,0,0,0,2,2,4,2,6,0,5,17
35,3.245,INTELLIGENCE,37,0,0,0,0,0,0,1,9,2,0,25
36,4.237,J MEM LANG,37,0,5,12,0,1,0,1,0,0,1,17
37,1.951,PERS INDIV DIFFER,36,0,0,1,2,7,2,1,3,0,3,17
38,,EXP BRAIN RES,35,0,0,0,0,0,0,0,1,0,1,33
39,,EVOL PSYCHOL-SER,34,0,0,2,2,1,4,0,0,0,5,20
40,,LANG COGN NEUROSCI,33,1,4,1,0,0,0,0,0,0,0,27
41,6.250,PSYCHOL INQ,33,0,1,0,0,2,5,3,1,9,2,10
42,1.869,WIRES COGN SCI,33,0,0,1,0,3,2,3,2,0,3,19
43,,ANIM COGN,32,0,0,0,0,1,0,3,5,0,4,19
44,,COGN AFFECT BEHAV NE,32,0,3,1,0,0,0,1,2,1,1,23
45,5.031,J PERS SOC PSYCHOL,31,0,1,1,1,4,1,0,0,0,1,22
46,1.089,MIND LANG,31,0,0,3,2,7,2,2,0,0,2,13
47,,P ROY SOC B-BIOL SCI,31,0,3,1,2,0,3,1,1,1,6,13
48,0.784,PHILOS PSYCHOL,30,0,1,0,0,3,3,2,2,3,1,15
49,,TOPOI-INT REV PHILOS,30,0,2,0,6,1,1,2,4,1,3,10
50,2.477,BRAIN COGNITION,29,0,1,1,0,0,1,0,2,0,3,21
51,,BRAIN RES,29,0,1,0,0,0,1,0,0,0,3,24
52,,HUM BRAIN MAPP,29,0,1,2,0,0,2,0,10,0,1,13
53,2.549,J EXP CHILD PSYCHOL,29,0,2,4,1,3,2,0,4,1,0,12
54,,ANIM BEHAV,27,0,1,2,0,0,0,1,1,0,8,14
55,3.215,BRAIN LANG,27,0,0,3,0,0,1,0,0,0,2,21
56,2.909,PERS SOC PSYCHOL B,27,1,3,2,1,5,4,0,0,0,1,10
57,,BEHAV BRAIN RES,26,0,1,0,0,0,0,0,2,0,5,18
58,3.403,BIOL PSYCHOL,26,0,0,1,0,0,0,0,0,0,5,20
59,2.500,HUM NATURE-INT BIOS,26,0,0,5,1,8,1,1,0,0,3,7
60,2.589,ARCH SEX BEHAV,24,0,0,0,1,0,0,0,0,0,7,16
61,1.388,COGN PROCESS,24,0,1,0,1,0,0,2,0,0,1,19
62,,J VISION,24,0,0,0,0,1,1,1,0,0,2,19
63,2.467,PSYCHIAT RES,24,0,1,0,1,3,1,3,1,0,1,13
64,2.200,THINK REASONING,24,0,1,0,6,1,5,0,1,0,1,9
65,1.567,BEHAV PROCESS,23,0,0,0,0,1,1,0,2,0,3,16
66,,CEREB CORTEX,23,0,1,1,0,0,2,0,1,0,0,18
67,4.141,DEV PSYCHOL,23,0,0,4,0,1,0,0,0,1,2,15
68,,INTERDISC EVOL RES,23,0,0,1,0,0,1,1,0,0,5,15
69,0.826,LANG SCI,23,0,0,0,1,0,2,7,1,1,3,8
70,2.863,PSYCHOL RES-PSYCH FO,23,0,0,0,0,0,1,1,0,0,2,19
71,5.064,COGNITIVE PSYCHOL,22,1,0,0,2,1,1,2,0,0,0,15
72,2.882,INT J PSYCHOPHYSIOL,22,0,0,2,0,0,0,0,2,0,1,17
73,0.578,J CONSCIOUSNESS STUD,22,0,3,0,0,0,1,0,2,0,0,16
74,2.457,MEM COGNITION,21,0,1,0,0,1,0,0,1,0,0,18
75,2.986,PSYCHOPHYSIOLOGY,21,0,0,2,0,0,0,1,0,0,1,17
76,2.561,SOC PSYCHOL PERS SCI,21,0,1,0,0,1,2,0,1,0,3,13
77,,FRONT NEUROSCI-SWITZ,20,0,2,0,0,0,0,3,0,0,0,15
78,2.964,PSYCHOL LEARN MOTIV,20,0,0,0,3,0,0,0,0,0,1,16
79,7.972,PSYCHOL REV,20,0,3,0,2,1,0,0,1,0,0,13
80,,SCI REP-UK,20,0,1,3,1,1,1,2,1,0,3,7
81,1.921,VIS COGN,20,0,0,0,0,0,0,0,0,0,0,20
82,0.831,COGN SYST RES,19,0,0,0,0,0,0,4,1,0,2,12
83,1.929,J CROSS CULT PSYCHOL,19,0,3,2,1,8,0,1,0,1,1,2
84,2.285,J EXP SOC PSYCHOL,19,2,1,0,1,2,2,0,0,1,2,8
85,,PAIN,19,0,0,0,0,0,1,0,0,0,0,18
86,,PHILOS STUD,19,0,0,0,0,2,0,0,2,0,0,15
87,,BEHAVIOUR,18,0,2,0,0,1,0,0,0,1,0,14
88,3.808,DEVELOPMENTAL SCI,18,0,0,0,0,3,2,1,1,0,4,7
89,2.565,EDUC PSYCHOL REV,18,0,0,1,2,0,0,0,0,0,0,15
90,3.665,J AUTISM DEV DISORD,18,0,3,0,0,0,0,2,1,5,2,5
91,,AXIOMATHES,17,0,0,1,0,0,3,0,1,0,0,12
92,2.201,COGNITION EMOTION,17,0,1,1,0,1,2,0,2,0,1,9
93,1.431,J COGN PSYCHOL,17,0,0,2,0,0,0,0,1,0,0,14
94,9.546,PERSPECT PSYCHOL SCI,17,0,1,1,0,2,2,0,1,1,0,9
95,4.061,CHILD DEV,16,0,0,0,0,3,1,0,1,1,0,10
96,2.243,J CONSUM PSYCHOL,16,0,0,0,0,2,0,0,0,1,0,13
97,0.658,LANG COMMUN,16,0,1,1,1,0,1,1,1,0,2,8
98,,NEUROSCIENCE,16,0,0,1,0,0,0,0,1,0,1,13
99,1.444,NEW IDEAS PSYCHOL,16,0,2,0,1,0,1,0,0,0,0,12
100,0.859,ADAPT BEHAV,15,0,2,0,0,0,2,0,0,0,2,9
101,,FRONT COMPUT NEUROSC,15,0,4,0,0,0,0,0,0,0,0,11
102,1.349,INFANT BEHAV DEV,15,0,0,0,1,0,0,0,0,0,3,11
103,,NEURON,15,1,1,0,0,0,0,1,1,0,1,10
104,6.692,PERS SOC PSYCHOL REV,15,1,0,0,2,0,2,0,0,0,0,10
105,1.156,REV GEN PSYCHOL,15,1,2,0,0,0,2,1,1,2,1,5
106,3.923,SCHIZOPHR RES,15,0,0,0,0,0,2,1,0,0,0,12
107,,VISION RES,15,0,0,0,0,0,0,3,0,0,0,12
108,,BRAIN,14,0,0,1,0,2,0,0,4,0,2,5
109,2.254,BRIT J PSYCHOL,14,0,0,0,0,0,2,0,0,0,0,12
110,2.694,COMPUT HUM BEHAV,14,0,0,0,0,1,2,0,0,0,1,10
111,3.356,EMOT REV,14,0,1,4,0,0,0,0,0,0,2,7
112,1.230,J ECON PSYCHOL,14,0,0,1,0,0,0,0,2,1,1,9
113,,J NEUROPHYSIOL,14,0,0,0,0,0,0,0,2,0,0,12
114,1.356,LATERALITY,14,0,0,0,0,0,0,0,0,0,7,7
115,1.688,MEMORY,14,0,0,0,0,1,0,0,4,0,1,8
116,,NEUROSCI LETT,14,0,0,0,0,0,0,1,0,0,1,12
117,1.532,SOC COGNITION,14,3,0,2,0,1,0,0,0,0,0,8
118,,SOC NEUROSCI-UK,14,0,3,2,0,0,0,1,0,0,3,5
119,,COGN COMPUT,13,0,0,0,0,0,0,3,0,0,0,10
120,1.865,J EXP ANAL BEHAV,13,0,0,0,0,0,0,1,0,0,1,11
121,,LIFE MIND-PHILOS ISS,13,0,1,0,3,0,1,0,0,0,0,8
122,,PAIN RES MANAG,13,0,0,0,0,0,9,0,0,0,0,4
123,,PHENOMENOL COGN SCI,13,0,1,0,0,0,1,1,0,0,2,8
124,,CURR BIOL,12,1,1,0,0,2,0,0,1,1,0,6
125,,EUR J NEUROSCI,12,0,1,0,0,0,0,0,0,0,0,11
126,2.344,J COMP PSYCHOL,12,0,0,0,0,0,0,0,0,0,5,7
127,1.949,J EXP PSYCHOL-ANIM L,12,0,0,0,0,0,2,0,2,0,0,8
128,,LECT NOTES COMPUT SC,12,0,3,0,0,1,0,0,0,0,0,8
129,,PEERJ,12,0,0,0,0,0,0,0,1,1,1,9
130,2.212,RES AUTISM SPECT DIS,12,0,0,1,0,0,1,1,0,0,3,6
131,1.321,APPL COGNITIVE PSYCH,11,0,0,0,1,1,0,0,0,0,0,9
132,,BIOL CYBERN,11,0,0,0,0,0,0,1,0,0,0,10
133,1.190,BIOL PHILOS,11,0,2,0,0,0,0,1,2,0,2,4
134,5.678,CURR DIR PSYCHOL SCI,11,2,1,0,1,0,0,0,0,0,1,6
135,,DEV COGN NEUROS-NETH,11,0,1,0,0,1,0,0,1,2,1,5
136,,DEV PSYCHOBIOL,11,0,0,0,0,0,0,0,0,0,3,8
137,,J INTEGR NEUROSCI,11,0,0,0,0,0,0,0,2,0,0,9
138,,J OPT SOC AM A,11,0,0,0,0,0,0,2,0,0,0,9
139,2.264,J RES PERS,11,0,0,1,0,2,0,0,0,0,2,6
140,,NEUROINFORMATICS,11,0,0,0,0,0,0,0,0,1,2,8
141,,RELIGION,11,0,0,1,0,2,0,0,0,3,0,5
142,2.073,COGN NEUROPSYCHOL,10,0,0,0,0,0,0,0,0,0,0,10
143,,ERKENNTNIS,10,0,0,0,0,0,1,0,0,0,0,9
144,1.521,JUDGM DECIS MAK,10,0,1,0,0,1,0,1,2,0,1,4
145,0.647,LINGUA,10,0,0,0,0,1,3,0,0,0,0,6
146,2.201,ORGAN BEHAV HUM DEC,10,0,0,0,1,2,0,0,0,0,1,6
147,,PLOS COMPUT BIOL,10,0,0,1,1,0,0,0,0,0,1,7
148,1.896,PSYCHOL SPORT EXERC,10,0,1,0,1,1,0,0,1,0,1,5
149,0.619,AM J PSYCHOL,9,0,0,0,0,0,0,0,0,0,0,9
150,,ANN NY ACAD SCI,9,0,0,0,0,0,0,1,1,0,4,3
151,2.717,ANNU REV ANTHROPOL,9,0,0,0,0,2,0,0,1,0,1,5
152,,APHASIOLOGY,9,0,0,0,0,0,0,0,0,0,0,9
153,1.512,APPL PSYCHOLINGUIST,9,0,0,0,0,0,0,1,0,0,0,8
154,,BIOL LETTERS,9,0,0,0,0,0,0,0,0,0,2,7
155,,BRAIN STRUCT FUNCT,9,0,0,1,0,0,0,0,5,0,1,2
156,,BRAIN TOPOGR,9,0,2,0,0,0,0,0,0,0,0,7
157,,CLIN NEUROPHYSIOL,9,0,0,0,0,0,0,0,0,0,0,9
158,1.175,COGN LINGUIST,9,0,2,0,0,0,0,0,0,0,0,7
159,0.625,DREAMING,9,0,0,0,0,0,0,0,0,0,0,9
160,3.383,EMOTION,9,0,1,2,0,2,0,0,0,0,1,3
161,3.886,EVOL ANTHROPOL,9,0,0,8,0,0,0,1,0,0,0,0
162,,FRONT AGING NEUROSCI,9,0,0,0,0,0,0,0,1,0,1,7
163,,IEEE T AUTON MENT DE,9,0,0,0,0,0,0,1,0,0,1,7
164,2.069,J BEHAV DECIS MAKING,9,0,0,1,0,0,0,0,1,0,1,6
165,2.070,J SPEECH LANG HEAR R,9,0,0,0,0,0,1,0,0,0,1,7
166,1.621,LEARN INDIVID DIFFER,9,0,0,0,0,1,0,0,0,2,0,6
167,,NAT NEUROSCI,9,0,0,2,0,0,0,0,0,1,0,6
168,3.652,NEUROBIOL LEARN MEM,9,0,0,0,1,0,1,0,0,0,0,7
169,3.269,NEUROPSYCHOLOGY,9,0,0,0,0,0,0,0,2,0,2,5
170,,NEUROQUANTOLOGY,9,0,5,0,0,0,0,1,1,0,0,2
171,,PHILOSOPHIA,9,0,0,0,1,0,1,0,1,0,0,6
172,2.976,PHYSIOL BEHAV,9,0,0,0,0,0,0,1,0,0,0,8
173,0.879,PSYCHOL REC,9,0,0,0,0,0,0,0,0,0,0,9
174,1.887,RES DEV DISABIL,9,0,0,0,0,0,0,0,0,0,0,9
175,,SCIENCE,9,0,0,0,0,2,1,0,0,0,0,6
176,2.275,AGGRESSIVE BEHAV,8,0,0,0,0,0,7,0,0,0,0,1
177,21.810,ANNU REV PSYCHOL,8,0,0,3,0,0,0,1,0,0,2,2
178,3.264,CHILD DEV PERSPECT,8,0,0,0,0,0,1,0,1,1,0,5
179,1.912,COGN NEUROPSYCHIATRY,8,0,1,0,0,0,1,0,0,0,0,6
180,2.560,CURR ANTHROPOL,8,0,0,0,0,1,0,0,0,1,2,4
181,4.000,DEV REV,8,0,0,0,1,0,1,1,0,0,1,4
182,,FRONT NEUROANAT,8,0,0,0,0,0,0,0,1,0,0,7
183,,FRONT NEUROROBOTICS,8,0,0,0,0,0,0,1,0,0,1,6
184,,IDEAS VALORES,8,0,0,0,0,0,0,0,0,0,0,8
185,5.153,J ABNORM PSYCHOL,8,0,0,0,0,1,1,0,0,1,0,5
186,1.598,J CHILD LANG,8,0,0,0,0,0,1,0,0,0,0,7
187,2.609,J MATH PSYCHOL,8,0,3,0,2,0,0,0,0,0,0,3
188,1.489,J NEUROLINGUIST,8,0,0,1,0,0,0,0,0,0,1,6
189,2.619,J PERS DISORD,8,0,0,0,0,0,0,5,0,0,1,2
190,0.222,JAHRB NATL STAT,8,0,0,0,0,0,0,2,1,3,0,2
191,,NAT COMMUN,8,0,0,1,0,1,0,0,0,0,3,3
192,0.546,PERCEPT MOTOR SKILL,8,0,0,0,0,0,0,0,0,0,2,6
193,0.906,PERCEPTION,8,0,2,0,0,0,0,2,0,0,0,4
194,,PHILOS EXPLOR,8,0,1,0,0,0,0,0,0,0,1,6
195,,PHILOS PHENOMEN RES,8,0,1,0,0,0,0,0,1,0,0,6
196,2.646,PSYCHOL AGING,8,0,0,0,1,0,0,0,1,0,0,6
197,2.173,PSYCHOL MUSIC,8,0,0,0,0,0,0,5,0,0,0,3
198,0.256,PSYCHOLOGIA,8,0,1,1,0,0,0,0,0,0,2,4
199,,PSYCHOPHARMACOLOGY,8,0,0,0,0,0,0,1,0,0,1,6
200,0.504,AN PSICOL-SPAIN,7,0,0,0,0,0,1,0,0,0,0,6
201,,APPL ANIM BEHAV SCI,7,0,0,0,0,0,0,0,0,0,1,6
202,2.009,BILING-LANG COGN,7,0,1,0,0,1,0,0,0,0,0,5
203,,CEREBELLUM,7,0,0,0,0,0,0,0,0,0,0,7
204,,CURR OPIN NEUROBIOL,7,0,0,0,1,0,0,2,0,0,2,2
205,0.429,CURR PSYCHOL,7,0,0,0,0,1,1,0,0,0,0,5
206,,DIALECTICA,7,0,0,0,0,0,0,0,0,0,0,7
207,,ELIFE,7,0,0,0,0,0,0,0,0,0,0,7
208,1.712,EUR J SOC PSYCHOL,7,0,1,2,0,3,0,0,0,0,0,1
209,2.095,J ANTHROPOL SCI,7,0,0,1,0,0,0,0,1,0,0,5
210,1.480,J BUS RES,7,0,0,0,0,0,0,0,4,0,0,3
211,1.683,J COGN DEV,7,0,0,0,1,1,0,0,0,0,1,4
212,1.020,J LANG SOC PSYCHOL,7,0,0,0,0,0,0,0,0,1,0,6
213,1.418,J MOTOR BEHAV,7,0,0,0,0,0,0,0,0,0,0,7
214,1.598,J PHONETICS,7,0,0,0,0,0,2,1,0,0,0,4
215,,NEUROPHARMACOLOGY,7,0,0,0,0,0,0,2,0,0,0,5
216,4.592,NEUROPSYCHOL REV,7,0,0,1,0,0,0,1,0,0,0,5
217,,NOUS,7,0,0,0,0,0,3,0,0,0,0,4
218,,PHILOS IMPRINT,7,0,0,0,0,0,0,1,1,0,0,5
219,,PSYCHONEUROENDOCRINO,7,0,0,1,0,0,0,0,0,0,1,5
220,1.250,RES HUM DEV,7,0,0,7,0,0,0,0,0,0,0,0
221,,SOUTHERN J PHILOS,7,0,1,0,0,0,0,0,1,0,1,4
222,,VIENNA SER THEOR BIO,7,0,0,0,0,0,0,0,0,1,0,6
223,2.764,ADDICT BEHAV,6,0,0,0,0,0,0,1,0,0,0,5
224,,ADV EXP MED BIOL,6,0,0,0,0,0,0,1,0,0,0,5
225,0.440,ANN PSYCHOL,6,0,0,0,0,0,1,0,2,0,1,2
226,,APPETITE,6,0,1,1,0,1,1,0,0,0,0,2
227,,BEHAV ECOL,6,0,0,0,0,1,0,0,1,1,0,3
228,3.210,BEHAV GENET,6,0,0,1,0,1,0,0,1,0,0,3
229,,BEHAV NEUROSCI,6,0,0,0,0,0,0,0,1,0,0,5
230,2.928,BEHAV RES METHODS,6,0,0,0,0,0,0,1,0,0,0,5
231,1.218,CAN J EXP PSYCHOL,6,0,0,0,0,0,0,0,0,0,0,6
232,,CLIM RES,6,0,4,2,0,0,0,0,0,0,0,0
233,0.956,CULT PSYCHOL,6,0,0,0,0,1,0,1,0,0,1,3
234,0.842,ECOL PSYCHOL,6,0,1,0,0,0,0,0,0,0,0,5
235,,ETHOLOGY,6,0,1,0,0,0,0,1,0,0,0,4
236,,EUR J PAIN,6,0,0,0,0,0,0,0,0,0,0,6
237,,FRONT NEURAL CIRCUIT,6,0,0,0,0,0,0,0,0,0,0,6
238,,GAIT POSTURE,6,0,0,0,0,0,0,0,0,0,0,6
239,,HIPPOCAMPUS,6,0,0,0,0,0,0,0,0,0,0,6
240,,HIST PHIL THEOR LIFE,6,0,0,0,0,0,0,0,0,0,0,6
241,1.316,INT J BEHAV DEV,6,0,0,0,0,1,1,0,3,0,1,0
242,1.058,INT J INTERCULT REL,6,0,0,4,0,2,0,0,0,0,0,0
243,1.957,J ADOLESCENCE,6,0,0,0,0,0,1,0,0,0,0,5
244,3.383,J AFFECT DISORDERS,6,0,0,2,0,1,0,0,0,0,0,3
245,0.831,J PRAGMATICS,6,0,2,0,1,0,0,0,0,0,0,3
246,0.633,J PSYCHOLINGUIST RES,6,0,0,0,0,0,2,0,0,0,0,4
247,1.782,J SEX MARITAL THER,6,0,0,0,0,0,0,1,0,0,2,3
248,,LANCET PSYCHIAT,6,0,2,1,0,0,0,0,0,0,0,3
249,3.585,LEARN INSTR,6,0,0,0,0,0,0,1,0,0,0,5
250,,MIND MACH,6,0,0,0,0,0,1,0,0,0,0,5
251,,NAT REV NEUROSCI,6,0,1,0,0,0,0,0,0,0,0,5
252,,NEURAL NETWORKS,6,0,0,0,0,0,0,0,0,0,0,6
253,,NEUROCOMPUTING,6,0,0,0,0,0,0,0,0,0,0,6
254,,NEUROPSYCHOPHARMACOL,6,0,0,0,0,0,0,2,0,0,0,4
255,0.123,ONOMAZEIN,6,0,0,0,0,0,1,2,0,0,1,2
256,,P IEEE,6,0,3,0,0,1,0,0,0,0,0,2
257,0.833,PHILOS SCI,6,0,0,0,0,1,0,0,0,0,0,5
258,0.442,PHILOS SOC SCI,6,0,0,1,0,0,1,0,0,0,1,3
259,,PRESENCE-TELEOP VIRT,6,0,1,0,0,0,0,0,0,0,0,5
260,,PROG NEUROBIOL,6,1,0,0,0,0,0,1,0,0,1,3
261,3.054,PSYCHOL AESTHET CREA,6,0,3,0,0,0,0,1,0,0,0,2
262,5.938,PSYCHOL MED,6,0,0,0,0,1,1,1,0,0,1,2
263,2.084,PSYCHOPATHOLOGY,6,1,1,0,0,0,0,0,0,0,0,4
264,8.450,SCHIZOPHRENIA BULL,6,0,0,0,0,2,0,2,0,0,2,0
265,0.906,THEOR PSYCHOL,6,0,1,1,0,2,0,0,0,0,0,2
266,1.625,TOP LANG DISORD,6,0,0,1,0,0,0,1,0,0,1,3
267,0.309,UNIV PSYCHOL,6,0,0,0,0,0,0,0,0,0,1,5
268,0.400,ZYGON,6,0,0,0,0,1,0,0,1,1,0,3
269,1.646,ADV COGN PSYCHOL,5,0,0,0,0,0,0,0,0,0,0,5
270,1.329,AM ANTIQUITY,5,0,0,0,0,0,0,0,0,1,1,3
271,2.615,AM HIST REV,5,0,0,0,0,1,1,0,0,0,1,2
272,,ANALYSIS-UK,5,0,2,0,0,0,0,0,2,0,0,1
273,,APPL SOFT COMPUT,5,0,4,0,0,0,0,0,0,0,0,1
274,4.330,AUTISM RES,5,0,0,0,0,0,2,0,0,0,1,2
275,1.019,BASIC APPL SOC PSYCH,5,0,0,0,1,3,0,0,0,0,0,1
276,,BIOL PSYCHIAT,5,0,0,2,0,0,0,0,0,0,1,2
277,,CNS SPECTRUMS,5,0,0,0,0,0,0,0,0,2,0,3
278,1.181,DEMOGR RES,5,0,0,0,0,3,0,0,0,0,1,1
279,,DEUT Z PHILOS,5,0,0,0,0,0,1,0,0,0,1,3
280,2.241,DEV NEUROPSYCHOL,5,0,0,0,0,0,1,0,0,0,0,4
281,0.765,EARLY EDUC DEV,5,0,0,0,0,0,0,0,0,0,1,4
282,2.076,EXP PSYCHOL,5,0,0,0,0,0,1,0,0,0,0,4
283,0.704,HOMO,5,0,0,0,0,0,0,0,0,1,0,4
284,1.598,HUM MOVEMENT SCI,5,0,0,0,0,0,0,1,0,0,0,4
285,1.482,I-PERCEPTION,5,0,1,0,0,0,0,0,0,0,0,4
286,,IEEE T SYST MAN CY-S,5,0,0,0,0,0,0,0,0,0,0,5
287,,IFIP ADV INF COMM TE,5,0,0,0,0,3,0,0,0,0,1,1
288,2.086,INFANCY,5,0,0,1,0,0,0,0,0,0,0,4
289,0.575,INT J SCI MATH EDUC,5,0,0,1,2,0,0,0,0,0,0,2
290,0.700,INTEGR PSYCHOL BEHAV,5,0,0,0,1,2,2,0,0,0,0,0
291,,J BEHAV EXP ECON,5,0,0,0,1,1,0,0,0,0,0,3
292,6.459,J CHILD PSYCHOL PSYC,5,0,0,0,0,0,0,0,1,0,2,2
293,0.694,J GENET PSYCHOL,5,0,0,0,0,0,0,0,1,0,3,1
294,0.714,J LINGUIST,5,0,0,0,0,0,2,1,0,0,1,1
295,6.071,J MANAGE,5,0,0,0,0,2,0,0,0,0,1,2
296,1.974,J NONVERBAL BEHAV,5,0,0,0,0,0,0,0,0,0,0,5
297,,J THEOR BIOL,5,0,0,2,0,0,0,0,0,0,0,3
298,1.040,LANG SPEECH,5,0,0,0,0,0,1,0,0,0,0,4
299,1.884,LANGUAGE,5,0,0,0,0,0,1,0,0,0,0,4
300,,MED HYPOTHESES,5,0,1,1,0,0,0,1,0,0,0,2
301,,MOVEMENT DISORD,5,0,0,0,0,0,0,0,0,0,2,3
302,2.000,MUSIC PERCEPT,5,0,0,1,0,0,0,2,0,0,0,2
303,,NEUROCASE,5,0,0,0,0,0,0,0,0,0,0,5
304,,NEUROREPORT,5,0,0,1,0,0,1,0,0,0,0,3
305,,PHARMACOL BIOCHEM BE,5,0,0,0,0,0,1,0,0,0,2,2
306,,PROG BRAIN RES,5,0,0,0,1,0,0,1,0,0,0,3
307,,PSYCHIAT RES-NEUROIM,5,0,0,0,0,0,0,0,0,0,0,5
308,0.195,PSYCHOANAL INQ,5,0,0,0,0,0,0,0,0,0,2,3
309,7.338,PSYCHOL METHODS,5,0,0,0,0,1,0,0,0,0,0,4
310,,REND LINCEI-SCI FIS,5,0,0,0,0,0,0,0,0,0,1,4
311,1.662,SOC PSYCHOL-GERMANY,5,0,0,0,0,1,0,0,0,1,0,3
312,,SPORTS MED,5,0,0,0,0,0,0,0,0,0,0,5
313,,TRANSL NEUROSCI,5,0,0,0,0,0,0,0,0,0,0,5
314,1.926,AGGRESS VIOLENT BEH,4,0,0,1,0,0,0,0,0,0,0,3
315,,ALZ DIS ASSOC DIS,4,0,0,0,0,0,0,0,0,0,2,2
316,1.152,AM J CLIN HYPN,4,0,0,0,0,0,1,0,0,1,0,2
317,,AM J PRIMATOL,4,0,0,0,0,0,0,0,0,0,0,4
318,,ANIM WELFARE,4,0,0,0,0,0,0,0,3,0,0,1
319,,ANNU REV NEUROSCI,4,0,1,0,0,0,0,0,0,0,0,3
320,,BEHAV BRAIN FUNCT,4,0,0,0,0,0,0,0,0,0,1,3
321,,BEHAV NEUROL,4,0,0,0,0,0,0,0,0,0,0,4
322,,BEHAV PHARMACOL,4,0,0,0,0,0,0,0,0,0,0,4
323,3.395,BEHAV RES THER,4,0,0,0,0,1,1,0,0,0,0,2
324,,BIOL J LINN SOC,4,0,0,0,0,0,0,0,1,0,0,3
325,,BIOL REV,4,0,0,0,0,0,0,0,0,0,1,3
326,,BRAIN IMAGING BEHAV,4,0,0,0,0,0,0,1,0,0,0,3
327,,COGN NEURODYNAMICS,4,0,0,0,0,0,0,0,0,0,0,4
328,,COGN NEUROSCI-UK,4,0,2,0,0,0,0,0,0,0,0,2
329,2.172,COGNITIVE DEV,4,0,0,0,1,0,0,0,1,0,1,1
330,2.252,COMPR PSYCHIAT,4,0,0,0,0,0,0,0,0,0,0,4
331,3.098,CRIMINOLOGY,4,0,0,2,0,0,0,0,0,0,0,2
332,,CURR PHARM DESIGN,4,0,0,0,0,0,0,0,0,0,1,3
333,3.240,DEV PSYCHOPATHOL,4,0,0,0,0,1,1,0,0,0,0,2
334,1.556,ERGONOMICS,4,0,0,0,0,0,0,0,0,0,1,3
335,,EUR ARCH PSY CLIN N,4,0,0,0,0,0,1,0,1,0,0,2
336,0.677,EUR REV APPL PSYCHOL,4,0,0,0,0,0,0,0,0,0,0,4
337,1.397,EXP ECON,4,0,0,2,0,1,0,0,0,0,1,0
338,,EXP NEUROL,4,0,1,0,0,0,0,0,0,0,0,3
339,,EXPERT REV NEUROTHER,4,0,2,0,0,0,0,0,0,0,2,0
340,1.400,FIRST LANG,4,0,0,0,0,0,0,0,0,0,0,4
341,0.592,FOLIA PHONIATR LOGO,4,0,0,1,0,0,0,0,0,0,0,3
342,,GENESIS,4,0,0,0,0,0,0,0,0,0,2,2
343,1.366,HUM RESOUR DEV REV,4,0,0,0,0,0,0,0,0,0,0,4
344,1.071,INFANT MENT HEALTH J,4,0,0,0,0,1,1,0,0,1,0,1
345,,INT J OSTEOPATH MED,4,0,0,0,0,0,0,0,0,0,2,2
346,1.198,INT J PSYCHOL,4,0,0,0,0,2,1,0,0,0,0,1
347,1.051,INT THEOR,4,0,0,2,0,2,0,0,0,0,0,0
348,0.298,INTERDISCIPL SCI REV,4,0,0,2,0,0,0,2,0,0,0,0
349,0.790,J APPL SOC PSYCHOL,4,0,0,1,0,0,0,0,0,0,0,3
350,1.878,J ARCHAEOL METHOD TH,4,0,0,1,0,0,0,0,0,0,0,3
351,1.326,J BUS ETHICS,4,0,0,0,0,1,0,0,1,2,0,0
352,0.132,J CHINESE LINGUIST,4,1,0,0,0,0,1,2,0,0,0,0
353,2.083,J CLIN EXP NEUROPSYC,4,0,0,0,0,0,0,0,0,0,0,4
354,1.449,J COMMUN DISORD,4,0,0,0,0,0,0,0,0,0,0,4
355,,J COMP NEUROL,4,0,0,0,0,0,0,0,0,0,0,4
356,3.125,J CONSUM RES,4,0,0,0,0,1,0,0,0,1,1,1
357,,J EVOLUTION BIOL,4,0,0,0,0,0,0,0,0,1,0,3
358,3.563,J INT BUS STUD,4,0,0,0,0,0,1,0,0,0,0,3
359,0.275,J MORAL PHILOS,4,0,0,0,0,3,1,0,0,0,0,0
360,,J NEUROSCI METH,4,0,0,0,0,0,0,0,0,0,0,4
361,1.182,J OBSESS-COMPULS REL,4,0,0,0,0,0,0,0,0,2,1,1
362,,J PAIN,4,0,0,0,0,0,1,0,0,0,0,3
363,1.837,J PERS ASSESS,4,0,0,0,0,0,0,0,1,0,0,3
364,,J PHILOS RES,4,0,0,0,0,0,0,1,1,0,0,2
365,3.957,J PSYCHIATR RES,4,0,0,0,0,1,0,0,0,2,0,1
366,1.590,J PSYCHOPHYSIOL,4,0,0,0,0,0,0,0,0,0,0,4
367,2.695,J SEX RES,4,0,0,0,0,1,0,0,0,0,0,3
368,0.756,J THEOR SOC BEHAV,4,0,0,0,0,0,0,0,0,0,0,4
369,,JOVE-J VIS EXP,4,0,0,2,0,0,0,0,0,0,0,2
370,1.083,LANG ACQUIS,4,0,0,0,0,0,0,0,0,0,0,4
371,1.612,LANG LEARN,4,0,0,0,0,0,0,0,0,0,0,4
372,1.250,LANG TEACHING,4,0,0,0,0,0,0,0,0,0,1,3
373,1.500,LANG VAR CHANGE,4,0,0,0,0,0,0,1,0,0,0,3
374,,LOG ANAL,4,0,0,0,0,0,0,0,0,0,0,4
375,,MOL PSYCHIATR,4,0,0,1,0,0,0,0,1,0,0,2
376,,MUSCLE NERVE,4,0,0,0,0,0,0,0,0,0,0,4
377,,NEURAL REGEN RES,4,0,0,0,0,0,0,0,1,0,0,3
378,,NEUROPSYCHOL REHABIL,4,0,0,0,0,1,0,1,0,0,0,2
379,,NEUROSCIENTIST,4,0,0,0,0,0,0,0,1,0,1,2
380,,P ANN HICSS,4,0,0,0,0,0,0,0,0,0,1,3
381,1.366,PERS RELATIONSHIP,4,0,0,0,0,0,0,0,0,0,0,4
382,,PHILOS ISSUES,4,0,0,0,0,0,0,0,0,0,0,4
383,,PROCD SOC BEHV,4,0,0,0,0,0,0,0,2,0,0,2
384,0.147,PSICOL-REFLEX CRIT,4,0,0,0,0,1,0,0,0,0,2,1
385,,PSYCHIAT CLIN NEUROS,4,0,0,0,0,0,0,0,0,0,0,4
386,0.317,PSYCHOL FR,4,0,0,0,0,0,0,0,0,0,0,4
387,1.097,PSYCHOL RUNDSCH,4,0,0,0,0,3,0,0,0,0,0,1
388,,QUATERN INT,4,0,0,0,0,0,0,0,0,0,0,4
389,1.634,READ WRIT,4,0,0,1,0,0,0,0,0,0,0,3
390,,REV NEUROLOGIA,4,0,0,0,0,0,0,0,0,0,0,4
391,,RIV ESTET,4,0,0,0,0,0,0,0,0,0,0,4
392,,SLEEP MED REV,4,0,0,0,0,0,0,0,0,0,1,3
393,1.586,ACAD MANAG LEARN EDU,3,0,0,0,0,0,0,0,0,0,0,3
394,,ADDICT BIOL,3,0,0,0,2,0,0,0,0,0,0,1
395,5.318,ADV EXP SOC PSYCHOL,3,0,0,0,1,0,1,0,0,0,0,1
396,1.751,AGING MENT HEALTH,3,0,0,0,0,0,1,0,0,0,0,2
397,,ALCOHOL CLIN EXP RES,3,0,0,0,0,0,0,1,0,0,0,2
398,1.700,AM J HUM BIOL,3,0,0,0,0,0,0,1,0,0,0,2
399,,AM J NEURORADIOL,3,0,0,0,0,0,0,0,1,0,0,2
400,2.379,AM J PHYS ANTHROPOL,3,0,0,0,0,1,0,0,0,0,0,2
401,6.100,AM PSYCHOL,3,0,0,1,0,2,0,0,0,0,0,0
402,1.273,ANN HUM BIOL,3,0,0,0,0,0,0,0,0,1,1,1
403,0.700,ANTHROZOOS,3,0,0,0,0,0,1,0,0,0,0,2
404,0.623,ASIAN J SOC PSYCHOL,3,0,0,0,0,0,0,0,0,0,0,3
405,,BEHAV ECOL SOCIOBIOL,3,0,0,0,0,0,0,0,0,0,2,1
406,2.279,BRIT J CLIN PSYCHOL,3,0,0,0,0,0,0,0,0,0,3,0
407,2.841,BRIT J DEV PSYCHOL,3,0,0,0,0,1,0,0,0,0,0,2
408,1.281,BRIT J PHILOS SCI,3,0,0,0,0,1,0,0,1,0,0,1
409,,CELL,3,0,0,0,0,0,0,0,0,0,1,2
410,,CELL REP,3,0,0,0,0,0,0,0,0,0,0,3
411,0.239,CESK PSYCHOL,3,0,0,2,0,0,0,0,0,0,0,1
412,,CHEMOSENS PERCEPT,3,0,1,0,0,1,0,0,0,0,0,1
413,,CIRC LINGUIST APL CO,3,0,0,0,3,0,0,0,0,0,0,0
414,2.556,COMPUT EDUC,3,0,0,1,0,0,0,0,0,0,0,2
415,,CONNECT SCI,3,0,1,0,0,0,0,0,0,0,0,2
416,,CONSTR FOUND,3,0,0,0,0,0,0,0,1,0,0,2
417,3.423,DRUG ALCOHOL DEPEN,3,0,0,0,2,0,0,1,0,0,0,0
418,1.671,EARLY CHILD RES Q,3,0,0,0,0,0,0,0,0,0,0,3
419,2.774,ECOL SOC,3,0,0,0,0,1,0,0,1,0,1,0
420,2.735,ECON GEOGR,3,0,0,0,1,0,0,0,0,0,0,2
421,3.611,EDUC PSYCHOL-US,3,0,1,0,0,0,0,0,0,0,1,1
422,0.579,EDUC STUD MATH,3,0,0,1,0,0,0,0,0,0,0,2
423,0.468,ESTUD PSICOL-MADRID,3,0,0,1,0,0,1,0,0,0,0,1
424,1.140,ETHICS,3,0,0,0,0,1,0,0,0,0,1,1
425,1.721,EUR J DEV PSYCHOL,3,0,0,0,1,0,0,0,0,0,0,2
426,3.347,EUR J PERSONALITY,3,0,0,0,0,1,1,0,0,0,0,1
427,,EUR J SPORT SCI,3,0,1,0,0,0,0,0,0,0,0,2
428,,EUR NEUROPSYCHOPHARM,3,0,0,0,0,0,0,1,0,0,0,2
429,1.778,EUR PSYCHOL,3,0,0,0,1,0,0,0,0,0,0,2
430,,EXP AGING RES,3,0,0,0,0,0,0,0,0,0,0,3
431,,FILOZ NAUK,3,0,1,0,0,1,0,0,0,0,0,1
432,,GENES BRAIN BEHAV,3,0,0,0,0,0,0,1,0,0,0,2
433,,HEARING RES,3,0,0,0,0,0,0,1,1,0,0,1
434,0.398,HIST HUM SCI,3,0,1,0,0,1,0,0,0,0,0,1
435,,HORM BEHAV,3,0,0,0,0,0,0,0,0,0,0,3
436,1.694,HUM FACTORS,3,0,1,0,0,0,0,0,1,0,0,1
437,,IEEE T HUM-MACH SYST,3,0,1,0,0,1,0,0,0,0,0,1
438,,INFORM SCIENCES,3,0,0,0,0,0,0,1,0,0,0,2
439,,INT J DEV NEUROSCI,3,0,0,1,0,0,0,0,0,0,0,2
440,3.759,INT J METH PSYCH RES,3,0,0,0,0,1,0,2,0,0,0,0
441,1.244,INTERACT STUD,3,0,0,0,0,0,0,0,0,0,0,3
442,,J AGGRESS MALTREAT T,3,0,0,0,0,1,0,0,0,1,0,1
443,,J ALZHEIMERS DIS,3,0,0,0,0,0,0,0,0,0,2,1
444,0.595,J AM PSYCHOANAL ASS,3,0,0,0,0,0,0,0,0,0,0,3
445,0.600,J ANAL PSYCHOL,3,0,1,0,0,0,0,0,0,0,0,2
446,1.185,J APPL DEV PSYCHOL,3,0,0,1,0,0,0,0,0,0,0,2
447,2.959,J BEHAV MED,3,0,1,0,0,0,0,1,0,0,0,1
448,,J COMP PHYSIOL A,3,0,0,0,0,0,0,0,0,0,0,3
449,2.475,J COUNS PSYCHOL,3,0,0,0,0,0,0,0,0,0,0,3
450,1.036,J EVOL ECON,3,0,0,0,0,0,1,0,0,0,0,2
451,,J EXP BIOL,3,0,0,0,0,0,0,1,0,0,1,1
452,2.920,J HEAD TRAUMA REHAB,3,0,0,0,0,0,0,0,0,0,0,3
453,1.901,J LEARN DISABIL-US,3,0,0,0,0,0,0,0,0,0,0,3
454,1.511,J MED ETHICS,3,0,0,0,0,1,0,0,0,0,0,2
455,1.121,J NEUROSCI PSYCHOL E,3,0,0,0,0,0,0,0,0,0,0,3
456,,J PHYS THER SCI,3,0,0,0,0,0,0,0,0,0,0,3
457,,J PSYCHOPHARMACOL,3,0,0,0,0,0,0,0,0,0,0,3
458,2.736,J PSYCHOSOM RES,3,0,0,0,0,1,0,0,0,0,0,2
459,1.019,J RELIG HEALTH,3,0,0,0,0,0,0,0,1,0,0,2
460,,J VET BEHAV,3,0,0,0,0,0,0,0,0,0,0,3
461,2.777,J YOUTH ADOLESCENCE,3,0,0,1,0,0,0,0,0,0,0,2
462,12.008,JAMA PSYCHIAT,3,0,0,1,1,0,0,0,0,0,1,0
463,,KNOWL-BASED SYST,3,0,0,0,0,0,0,0,0,0,0,3
464,1.436,LEARN MOTIV,3,0,0,0,0,0,0,0,1,0,1,1
465,0.467,MEM STUD,3,0,0,0,0,0,0,0,0,0,0,3
466,0.841,MILLENNIUM-J INT ST,3,0,0,0,0,2,0,0,0,0,0,1
467,1.966,MONOGR SOC RES CHILD,3,0,0,0,0,0,0,0,0,0,0,3
468,1.744,MOTIV EMOTION,3,0,2,0,0,1,0,0,0,0,0,0
469,0.809,MUSIC SCI,3,0,0,0,0,0,0,2,0,0,0,1
470,1.311,NEUROETHICS-NETH,3,0,1,0,0,1,0,0,0,0,0,1
471,,NEUROPHYSIOL CLIN,3,0,0,0,0,0,0,0,1,0,0,2
472,,NEUROPSYCHOBIOLOGY,3,0,0,1,0,0,0,2,0,0,0,0
473,0.980,NONLIN DYNAM PSYCHOL,3,0,0,0,0,0,0,0,0,0,0,3
474,,PATTERN RECOGN LETT,3,0,0,0,0,0,0,0,0,0,0,3
475,0.203,PEDAGOG STUD,3,0,0,0,0,0,0,3,0,0,0,0
476,,PHILOS LITERATURE,3,0,0,0,0,0,0,0,0,1,0,2
477,,PHILOS MATH,3,0,0,0,0,0,0,3,0,0,0,0
478,,PHILOS QUART,3,0,2,0,0,1,0,0,0,0,0,0
479,1.433,PHYS REV SPEC TOP-PH,3,0,0,0,0,0,1,0,0,0,0,2
480,,PLOS BIOL,3,0,0,0,0,0,0,0,0,0,1,2
481,0.214,POLIT PHILOS ECON,3,0,0,0,0,0,0,0,0,0,2,1
482,2.384,POLIT PSYCHOL,3,0,0,0,0,1,0,0,0,0,0,2
483,0.067,POZ STUD CONTEMP LIN,3,0,0,0,0,0,1,0,0,0,0,2
484,0.281,PRAGMATICS,3,0,0,0,0,0,1,0,0,0,0,2
485,3.153,PREV SCI,3,0,2,0,0,1,0,0,0,0,0,0
486,,PROCEDIA ENGINEER,3,0,0,0,0,0,0,0,0,0,0,3
487,,PROG NEURO-PSYCHOPH,3,0,0,0,0,0,0,0,0,0,1,2
488,,PROLEGOMENA,3,0,0,0,0,0,0,0,0,0,0,3
489,0.741,PSYCHOANAL PSYCHOL,3,0,0,0,0,1,0,0,0,0,0,2
490,2.747,PSYCHOL ADDICT BEHAV,3,0,0,0,0,0,1,1,0,0,0,1
491,1.080,PSYCHOL MARKET,3,0,0,0,0,1,0,0,1,0,0,1
492,,RES PHILOS,3,0,0,0,0,0,0,0,0,0,0,3
493,0.387,REV COGN LINGUIST,3,0,0,0,0,0,0,0,0,0,0,3
494,,REV FILOS AURORA,3,0,0,0,0,0,0,0,0,0,0,3
495,1.057,SCAND J PSYCHOL,3,0,1,0,0,0,0,1,0,0,0,1
496,2.825,SCI EDUC,3,0,0,0,2,0,0,0,0,0,0,1
497,0.634,SCI EDUC-NETHERLANDS,3,0,0,0,2,0,0,0,0,0,0,1
498,2.183,SCIENTOMETRICS,3,0,0,0,0,0,0,0,0,0,0,3
499,1.735,SEX ROLES,3,0,0,0,0,0,0,0,0,0,1,2
500,,SLEEP,3,0,0,0,0,0,0,0,0,0,0,3
501,1.505,SOC DEV,3,0,0,0,0,0,0,0,0,0,0,3
502,1.295,SOC SCI RES,3,0,0,1,0,0,0,0,0,1,0,1
503,1.556,STUD SECOND LANG ACQ,3,0,0,0,0,0,0,1,0,0,1,1
504,0.720,THEOR DECIS,3,0,0,0,0,0,0,0,0,0,1,2
505,0.537,THEOR MED BIOETH,3,0,0,1,0,0,0,1,0,0,0,1
506,,TIME MIND,3,0,0,0,0,0,0,0,0,0,0,3
507,,TRANSL PSYCHIAT,3,0,0,0,1,0,0,0,0,0,0,2
508,,UTILITAS,3,0,0,0,0,2,0,0,0,0,1,0
509,,VOP PSIKHOL+,3,0,0,0,0,0,0,0,0,0,0,3
510,,ACTA ANAL,2,0,0,0,0,0,2,0,0,0,0,0
511,,ACTA ASTRONAUT,2,0,0,0,0,0,0,0,0,0,0,2
512,,ACTA ETHOL,2,0,0,0,0,0,0,0,1,0,0,1
513,4.829,ADDICTION,2,0,0,0,0,0,0,2,0,0,0,0
514,1.154,ADICCIONES,2,0,2,0,0,0,0,0,0,0,0,0
515,2.124,ADV HEALTH SCI EDUC,2,0,0,0,0,0,0,0,0,0,0,2
516,,ADV INTELL SYST,2,0,0,0,1,0,0,0,0,0,0,1
517,0.953,ADV LIFE COURSE RES,2,0,0,0,0,2,0,0,0,0,0,0
518,0.790,AJAR-AFR J AIDS RES,2,0,0,0,0,0,0,0,0,0,1,1
519,2.164,AJIDD-AM J INTELLECT,2,0,0,0,0,0,0,0,0,0,1,1
520,,ALCOHOL,2,0,0,0,0,0,0,1,0,0,0,1
521,,ALPHA-REV ARTES LET,2,0,0,0,0,0,0,0,0,0,0,2
522,,ALZHEIMERS DEMENT,2,0,0,0,0,0,0,0,0,0,0,2
523,1.357,AM ANTHROPOL,2,0,1,0,0,0,0,0,0,0,0,1
524,0.286,AM CRIM LAW REV,2,0,0,0,0,0,0,0,0,0,2,0
525,1.631,AM ECON J-MICROECON,2,0,0,0,0,0,0,0,0,0,1,1
526,,AM J EPIDEMIOL,2,0,0,0,0,1,0,0,0,0,0,1
527,12.295,AM J PSYCHIAT,2,0,0,0,0,0,0,0,0,0,2,0
528,1.594,AM J SPEECH-LANG PAT,2,0,0,0,0,1,0,0,0,0,0,1
529,,ANGELAKI,2,0,0,0,0,0,0,0,0,0,0,2
530,0.250,ANTHROPOL ANZ,2,0,0,0,0,0,0,0,0,1,0,1
531,3.639,AUTISM,2,0,0,0,0,0,1,0,0,0,0,1
532,,BIOESSAYS,2,0,0,0,0,0,1,0,0,0,0,1
533,,BIOINSPIR BIOMIM,2,0,0,0,0,0,0,0,0,0,0,2
534,,BIOMATERIALS,2,0,0,0,0,2,0,0,0,0,0,0
535,,BMC MED INFORM DECIS,2,0,0,0,0,0,0,0,0,0,0,2
536,,BMC MUSCULOSKEL DIS,2,0,0,0,0,0,0,0,0,0,0,2
537,,BMJ OPEN,2,0,0,0,0,0,0,0,0,0,0,2
538,2.042,BODY IMAGE,2,0,0,0,0,0,0,0,0,0,0,2
539,,BRAIN BEHAV,2,0,0,0,0,0,0,0,0,0,2,0
540,1.808,BRAIN INJURY,2,0,0,0,0,0,0,0,1,0,0,1
541,7.991,BRIT J PSYCHIAT,2,0,2,0,0,0,0,0,0,0,0,0
542,1.015,CAN J BEHAV SCI,2,0,0,0,0,0,0,0,0,0,0,2
543,0.299,CARTOGR J,2,0,0,0,0,0,0,0,0,0,0,2
544,,CELL MOL LIFE SCI,2,0,0,0,0,0,0,0,1,0,0,1
545,,CHAOS,2,0,0,0,0,0,0,0,0,0,0,2
546,,CHILD NEUROPSYCHOL,2,0,0,0,0,0,0,0,1,0,1,0
547,1.105,CHILD YOUTH SERV REV,2,0,0,0,0,1,0,0,0,0,0,1
548,,CLIN EEG NEUROSCI,2,0,0,0,0,0,0,0,0,0,0,2
549,0.575,CLIN LINGUIST PHONET,2,0,0,0,0,0,0,0,0,0,0,2
550,2.632,CLIN PSYCHOL PSYCHOT,2,0,0,0,0,0,0,0,0,0,2,0
551,1.600,CLIN PSYCHOL-SCI PR,2,0,0,0,0,1,0,0,0,1,0,0
552,2.000,COGNITION INSTRUCT,2,0,0,0,1,0,0,0,0,0,0,1
553,,COMPUT GRAPH-UK,2,0,0,0,0,0,1,0,0,0,0,1
554,1.482,CRISIS,2,0,0,0,0,0,0,0,0,0,0,2
555,,CRIT CARE MED,2,0,0,0,0,0,0,0,0,0,0,2
556,,CURR NEUROL NEUROSCI,2,0,0,0,0,0,0,0,0,0,0,2
557,,CURR OPIN PEDIATR,2,0,0,0,0,0,0,2,0,0,0,0
558,,CURR PAIN HEADACHE R,2,0,0,1,0,1,0,0,0,0,0,0
559,,CURR PROTEIN PEPT SC,2,0,0,0,0,1,0,0,0,0,0,1
560,,CURR ZOOL,2,0,0,0,1,0,0,0,0,0,0,1
561,4.407,DEPRESS ANXIETY,2,0,0,1,0,0,0,0,0,0,0,1
562,,DIALOGUE-CAN PHILOS,2,0,0,0,0,0,0,0,0,0,0,2
563,1.985,DISABIL REHABIL,2,0,0,0,0,0,0,0,0,0,0,2
564,0.887,DISCOURSE PROCESS,2,0,0,0,0,0,0,0,0,0,0,2
565,,ECOL MODEL,2,0,2,0,0,0,0,0,0,0,0,0
566,0.510,ECON LETT,2,0,0,0,0,1,0,0,0,0,1,0
567,0.688,ECON PHILOS,2,0,0,1,0,0,0,0,0,0,0,1
568,2.527,EDUC RESEARCHER,2,0,0,0,0,0,0,0,0,0,0,2
569,,EMBO REP,2,0,0,0,0,0,0,1,0,0,0,1
570,0.320,EMPIR STUD ARTS,2,0,2,0,0,0,0,0,0,0,0,0
571,,ENTROPY-SWITZ,2,0,0,0,0,0,0,0,0,1,0,1
572,,EPILEPSIA,2,0,0,0,0,0,0,0,0,0,0,2
573,,EPILEPSY BEHAV,2,0,0,1,0,0,0,0,0,0,0,1
574,,ETHICAL THEORY MORAL,2,0,0,0,0,0,0,0,0,0,0,2
575,0.444,ETHICS BEHAV,2,0,0,0,1,0,0,0,0,0,1,0
576,0.905,ETHOS,2,0,1,0,0,1,0,0,0,0,0,0
577,0.421,EUR EARLY CHILD EDUC,2,0,0,0,0,0,0,0,0,0,0,2
578,1.144,EUR ECON REV,2,0,0,0,0,0,0,0,0,0,1,1
579,1.006,EUR J MARKETING,2,0,0,0,1,1,0,0,0,0,0,0
580,0.790,EUR J PSYCHOL EDUC,2,0,0,0,0,0,0,0,0,0,0,2
581,,FOOD QUAL PREFER,2,0,0,0,0,0,0,0,0,0,0,2
582,,FORESTRY,2,0,0,0,0,0,0,0,0,0,0,2
583,,FRONT CELL INFECT MI,2,0,0,0,0,0,0,0,0,0,0,2
584,,FRONT MOL NEUROSCI,2,0,2,0,0,0,0,0,0,0,0,0
585,,FRONT PHARMACOL,2,0,0,0,0,0,0,0,0,0,0,2
586,1.067,GAME ECON BEHAV,2,0,0,0,0,0,0,0,0,0,0,2
587,1.400,GROUP ORGAN MANAGE,2,0,0,0,0,0,0,0,1,0,0,1
588,1.727,HARVARD REV PSYCHIAT,2,0,0,0,0,0,2,0,0,0,0,0
589,1.684,HASTINGS CENT REP,2,0,0,0,0,0,0,0,0,0,0,2
590,2.398,HUM RELAT,2,0,0,0,0,0,0,0,0,0,0,2
591,0.530,IDS BULL-I DEV STUD,2,0,0,0,0,1,0,0,0,0,0,1
592,,IEEE MULTIMEDIA,2,0,0,0,0,0,0,0,0,0,0,2
593,,IEEE T CYBERNETICS,2,0,0,0,0,0,0,0,0,0,0,2
594,,IEEE T PATTERN ANAL,2,0,0,0,0,0,0,0,0,0,0,2
595,4.122,IMPLEMENT SCI,2,0,0,0,0,0,0,0,0,0,0,2
596,,INFECT GENET EVOL,2,0,0,1,0,0,0,0,0,0,0,1
597,,INFLAMM BOWEL DIS,2,0,0,0,0,0,0,0,0,0,0,2
598,2.436,INFORM SYST RES,2,0,0,0,0,0,0,0,0,0,0,2
599,0.424,INQUIRY,2,0,0,0,0,0,1,0,0,0,1,0
600,,INT J CLIN EXP MED,2,0,0,1,0,0,0,0,0,0,0,1
601,,INT J ENG EDUC,2,0,0,0,0,0,0,0,2,0,0,0
602,1.293,INT J HUM-COMPUT ST,2,0,0,0,1,0,0,0,0,0,0,1
603,0.528,INT J MARKET RES,2,0,0,0,0,0,0,0,0,0,0,2
604,,INT J NEUROPSYCHOPH,2,0,0,0,1,0,0,0,0,0,0,1
605,,INT J PRIMATOL,2,0,0,1,0,0,0,0,0,0,1,0
606,0.773,INT J PSYCHOL RELIG,2,0,0,0,0,1,0,0,0,1,0,0
607,,INT J SOC ROBOT,2,0,1,0,0,0,0,0,0,0,0,1
608,4.526,INT REV SPORT EXER P,2,0,0,0,0,0,0,0,0,0,0,2
609,,INT STAT REV,2,0,0,0,0,0,0,0,0,0,0,2
610,1.268,INTERACT COMPUT,2,0,0,0,0,0,0,0,0,0,0,2
611,0.579,INTERPRETING,2,0,0,0,0,0,0,0,0,0,0,2
612,1.046,ISIS,2,0,0,0,1,1,0,0,0,0,0,0
613,0.789,ISR J PSYCHIATR REL,2,0,0,0,0,0,0,0,0,0,0,2
614,,J AESTHET ART CRITIC,2,0,0,0,0,0,1,0,0,0,0,1
615,1.169,J AM ACAD PSYCHIATRY,2,0,0,0,0,0,0,0,0,0,0,2
616,,J AM MED DIR ASSOC,2,0,0,0,0,0,0,0,0,2,0,0
617,1.088,J APPL BEHAV ANAL,2,0,0,0,0,0,0,0,0,0,0,2
618,4.799,J APPL PSYCHOL,2,0,0,0,0,0,0,0,0,0,0,2
619,,J ASSOC INF SCI TECH,2,0,0,0,0,0,0,0,0,0,0,2
620,1.774,J ASSOC INF SYST,2,0,0,0,0,0,0,0,0,0,0,2
621,2.312,J BEHAV THER EXP PSY,2,0,0,0,0,0,1,0,0,0,0,1
622,1.260,J BIOSOC SCI,2,0,0,0,0,0,0,0,0,0,0,2
623,5.498,J CLIN PSYCHIAT,2,0,0,0,0,0,0,0,0,0,0,2
624,,J COMPUT NEUROSCI,2,0,0,0,0,0,0,0,0,0,0,2
625,1.943,J CREATIVE BEHAV,2,0,0,0,0,0,0,0,0,0,0,2
626,1.297,J ECON BEHAV ORGAN,2,0,0,0,1,0,0,0,0,0,1,0
627,3.501,J EPIDEMIOL COMMUN H,2,0,0,0,0,0,0,0,0,0,1,1
628,1.000,J ETHNOBIOL,2,0,0,0,0,0,0,0,0,0,0,2
629,,J ETHNOBIOL ETHNOMED,2,0,0,0,0,0,0,0,0,0,0,2
630,,J EXP THEOR ARTIF IN,2,0,0,0,0,0,0,0,0,0,0,2
631,,J EYE MOVEMENT RES,2,0,0,0,0,0,0,0,0,0,0,2
632,1.891,J FLUENCY DISORD,2,0,0,0,0,0,0,0,0,0,0,2
633,1.748,J HEALTH PSYCHOL,2,0,0,2,0,0,0,0,0,0,0,0
634,3.733,J HUM EVOL,2,0,0,0,0,0,0,0,0,0,0,2
635,0.533,J I ECON,2,0,0,0,0,0,0,0,1,0,1,0
636,,J INT NEUROPSYCH SOC,2,0,0,0,0,0,0,0,0,0,1,1
637,2.256,J MARKETING RES,2,0,0,0,0,0,0,0,0,0,0,2
638,,J MOL NEUROSCI,2,0,0,0,0,0,0,0,0,0,0,2
639,0.400,J MORAL EDUC,2,0,0,0,0,0,0,0,0,0,0,2
640,,J NEURAL ENG,2,0,0,0,0,0,0,0,0,0,0,2
641,,J NEURODEV DISORD,2,0,0,0,0,0,0,0,0,0,1,1
642,,J NEUROPSYCH CLIN N,2,0,0,0,0,0,0,0,0,0,0,2
643,3.038,J ORGAN BEHAV,2,0,0,2,0,0,0,0,0,0,0,0
644,3.387,J PEACE RES,2,0,0,0,0,0,0,0,0,0,1,1
645,,J PHYSIOL ANTHROPOL,2,0,0,0,0,0,0,0,0,0,0,2
646,,J PHYSIOL-LONDON,2,0,0,0,0,0,0,1,0,0,0,1
647,0.449,J PORTFOLIO MANAGE,2,0,0,0,0,0,0,0,0,0,0,2
648,1.696,J PROD INNOVAT MANAG,2,0,0,0,0,1,0,0,0,0,0,1
649,,J R SOC INTERFACE,2,0,0,0,0,1,0,0,0,0,0,1
650,,J RECEPT SIG TRANSD,2,0,0,0,0,0,0,0,0,0,0,2
651,,J SEX MED,2,0,0,0,0,0,0,0,0,0,0,2
652,1.160,J SOC PERS RELAT,2,0,0,0,0,1,0,0,0,0,0,1
653,0.505,J SOCIO-ECON,2,0,0,0,0,1,0,0,0,0,1,0
654,0.161,J VALUE INQUIRY,2,0,0,0,0,1,1,0,0,0,0,0
655,,J VET MED EDUC,2,0,0,0,0,0,0,0,0,0,0,2
656,2.388,J WORLD BUS,2,0,0,0,0,0,0,0,0,0,0,2
657,3.138,LEADERSHIP QUART,2,0,0,0,0,0,0,0,0,0,1,1
658,1.885,LEARN BEHAV,2,0,0,0,0,0,1,0,0,0,0,1
659,,LEARN MEMORY,2,0,0,0,0,0,0,0,0,0,0,2
660,,LECT NOTES ARTIF INT,2,0,1,0,0,0,0,0,0,0,0,1
661,,LEONARDO,2,0,2,0,0,0,0,0,0,0,0,0
662,,LIT THEOL,2,0,0,0,0,0,0,0,0,0,0,2
663,,MALARIA J,2,0,0,0,0,0,0,0,0,0,0,2
664,,MANUAL THER,2,0,0,0,0,0,0,0,0,0,1,1
665,,MAR MAMMAL SCI,2,0,0,0,0,0,0,0,0,0,1,1
666,,MED DECIS MAKING,2,0,0,0,0,1,0,0,0,0,0,1
667,0.833,MED EDUC ONLINE,2,0,0,0,0,0,0,0,0,0,0,2
668,1.533,METAPHOR SYMBOL,2,0,0,0,0,0,0,0,0,0,0,2
669,0.984,MIND BRAIN EDUC,2,0,0,0,0,0,0,0,0,1,0,1
670,5.311,MIS QUART,2,0,0,0,0,0,0,0,0,0,0,2
671,0.136,MONATS KRIMINOL,2,0,0,0,0,0,1,0,0,0,0,1
672,0.781,MULTISENS RES,2,0,1,0,0,0,0,0,0,0,0,1
673,,NAT REV NEUROL,2,0,0,0,0,0,0,0,0,0,0,2
674,,NATURWISSENSCHAFTEN,2,0,0,1,0,0,0,0,0,0,0,1
675,,NEURAL PLAST,2,0,0,0,0,0,0,0,0,0,0,2
676,,NEUROL SCI,2,0,1,0,0,0,0,0,0,0,0,1
677,,NEURORADIOLOGY,2,0,0,0,0,0,0,0,1,0,0,1
678,,NUMEN,2,0,0,0,0,0,1,0,0,1,0,0
679,,ORGAN SOUND,2,0,0,0,0,0,0,2,0,0,0,0
680,,P 1 SUMM FOR CHIN,2,0,0,0,0,2,0,0,0,0,0,0
681,,P 19 INT C THEOR,2,0,0,2,0,0,0,0,0,0,0,0
682,,P 2014 INT C COLL,2,0,0,0,0,0,0,0,0,0,0,2
683,,PARKINSONISM RELAT D,2,0,0,0,0,0,0,0,0,0,2,0
684,3.221,PERSONAL DISORD,2,0,0,0,0,0,0,0,0,0,0,2
685,,PHARMACOL REP,2,0,0,0,0,0,0,0,0,0,0,2
686,,PHD EXISTENCE 2014,2,0,0,0,0,0,0,0,0,0,0,2
687,,PHILOS PAP,2,0,0,0,1,0,0,0,0,0,1,0
688,,PHYS REV E,2,0,0,0,0,0,0,0,0,0,0,2
689,,PHYS SCRIPTA,2,0,2,0,0,0,0,0,0,0,0,0
690,,PHYSICA A,2,0,0,1,0,0,0,0,0,0,0,1
691,0.429,PRAGMAT SOC,2,0,0,0,0,0,2,0,0,0,0,0
692,,PRIMATES,2,0,0,0,0,0,0,0,0,0,0,2
693,,PROBLEMOS,2,0,1,0,0,1,0,0,0,0,0,0
694,0.441,PSICOLOGICA,2,0,0,0,0,0,1,0,0,0,0,1
695,0.232,PSIHOLOGIJA,2,0,1,0,0,0,0,0,0,0,0,1
696,2.751,PSYCHOL ASSESSMENT,2,0,0,0,0,0,0,0,0,1,0,1
697,0.659,PSYCHOL BELG,2,0,0,0,0,0,0,0,0,0,0,2
698,0.538,PSYCHOLOGIST,2,0,0,0,0,1,0,0,0,0,0,1
699,1.858,PSYCHOSOMATICS,2,0,0,0,0,0,0,0,0,0,0,2
700,,RADIAT RES,2,0,0,0,0,0,0,0,0,0,0,2
701,1.800,REGUL GOV,2,0,0,0,0,0,0,0,0,0,0,2
702,1.123,RES EVALUAT,2,0,0,0,0,0,0,0,0,0,0,2
703,1.119,RES SOC STRAT MOBIL,2,0,0,0,0,1,0,0,0,0,0,1
704,1.765,REV BRAS PSIQUIATR,2,0,0,0,0,1,0,0,0,0,0,1
705,3.174,REV FINANC STUD,2,0,0,0,0,0,0,0,0,0,0,2
706,0.205,REV LAT AM PSICOL,2,0,0,0,0,0,0,0,0,0,0,2
707,0.273,REV SIGNOS,2,0,0,0,2,0,0,0,0,0,0,0
708,2.502,RISK ANAL,2,0,0,0,0,0,0,0,1,0,0,1
709,0.321,RLA-REV LINGUIST TEO,2,0,0,0,0,0,0,0,0,0,1,1
710,,ROBOT AUTON SYST,2,0,0,0,0,0,0,0,0,0,0,2
711,,SCI-FICTION STUD,2,0,0,0,0,0,0,0,0,0,0,2
712,1.368,SECOND LANG RES,2,0,0,0,0,0,0,0,0,0,0,2
713,,SEMIN SPEECH LANG,2,0,0,0,0,0,0,0,0,0,0,2
714,,SENSES SOC,2,0,0,0,0,0,0,2,0,0,0,0
715,,SIGN SYST STUD,2,0,0,0,0,0,0,1,0,0,1,0
716,,SLEEP MED,2,0,0,0,0,0,0,0,0,0,0,2
717,0.375,SLOVO SLOVESNOST,2,0,0,0,0,0,0,0,0,0,0,2
718,0.366,SOC BEHAV PERSONAL,2,0,0,0,0,0,0,0,0,0,0,2
719,2.000,SOC NETWORKS,2,0,0,0,0,1,0,0,0,0,0,1
720,2.890,SOC SCI MED,2,0,0,0,0,2,0,0,0,0,0,0
721,,SOFT COMPUT,2,0,0,0,0,0,0,0,0,0,0,2
722,0.857,SPAT COGN COMPUT,2,0,1,0,0,0,0,0,0,0,0,1
723,2.000,STRATEG ENTREP J,2,0,0,0,0,0,0,0,0,0,0,2
724,3.341,STRATEGIC MANAGE J,2,0,0,0,0,0,0,0,0,0,0,2
725,,STUD LOGICA,2,0,0,0,1,0,0,0,0,0,0,1
726,0.442,STUD PSYCHOL,2,0,0,0,0,1,0,0,0,0,0,1
727,0.778,SWISS J PSYCHOL,2,0,0,0,0,0,0,0,0,0,0,2
728,,SYST RES BEHAV SCI,2,0,0,0,0,0,0,0,0,0,0,2
729,0.667,TEACH PSYCHOL,2,0,0,0,0,0,0,0,0,0,0,2
730,,TEORIA,2,0,0,0,0,0,0,0,0,0,0,2
731,,THEORIA-SWED J PHILO,2,0,0,0,0,0,0,0,0,0,0,2
732,1.461,THINK SKILLS CREAT,2,0,0,0,0,0,0,0,0,0,0,2
733,0.206,TIDSSKR SAMFUNNSFOR,2,0,0,1,0,1,0,0,0,0,0,0
734,0.550,TRAMES-J HUMANIT SOC,2,0,0,0,0,0,0,0,2,0,0,0
735,1.473,TRANSPORT RES F-TRAF,2,0,0,0,0,0,0,0,0,0,0,2
736,,TRENDS ECOL EVOL,2,0,0,0,0,0,0,0,0,0,1,1
737,,TRENDS NEUROSCI,2,0,0,0,0,0,0,0,0,0,0,2
738,,WORLD ARCHAEOL,2,0,0,0,0,0,0,0,0,0,0,2
739,1.965,WORLD DEV,2,0,0,1,0,0,0,0,0,0,1,0
740,,WORLD J BIOL PSYCHIA,2,0,0,1,0,0,0,0,0,0,1,0
741,,WORLD J GASTROENTERO,2,0,0,0,0,0,0,0,0,0,0,2
Copyright Â© 2018 Clarivate Analytics,,,,,,,,,,,,,,
"By exporting the selected data, you agree to the data usage policy set forth in the Terms of Use",,,,,,,,,,,,,,
