Cited Journal Data: NEURON,,,,,,,,,,,,,,
,Impact Factor,Citing Journal,All Yrs,2014,2013,2012,2011,2010,2009,2008,2007,2006,2005,Rest
1,,ALL Journals,77446,1285,4753,6041,6564,5321,4584,4798,4517,4391,4348,30844
2,,ALL OTHERS (865),865,9,28,48,46,60,42,57,60,62,38,415
3,6.344,J NEUROSCI,4633,98,326,430,423,326,304,295,283,298,286,1564
4,3.234,PLOS ONE,3523,32,158,243,261,224,211,206,201,215,195,1577
5,15.054,NEURON,2684,226,281,261,236,207,202,183,152,130,113,693
6,4.289,FRONT CELL NEUROSCI,1554,39,104,108,118,96,103,92,85,98,76,635
7,9.674,P NATL ACAD SCI USA,1363,19,121,138,118,100,110,71,81,72,77,456
8,6.357,NEUROIMAGE,1171,1,55,107,103,86,93,92,108,94,58,374
9,3.357,NEUROSCIENCE,1128,15,60,79,83,77,54,84,73,59,62,482
10,16.095,NAT NEUROSCI,992,40,113,123,127,107,68,64,49,44,41,216
11,2.887,J NEUROPHYSIOL,902,15,51,88,72,73,61,50,46,47,60,339
12,5.106,NEUROPHARMACOLOGY,896,2,20,64,78,67,41,78,65,44,50,387
13,6.628,CURR OPIN NEUROBIOL,833,17,110,124,112,78,60,46,63,35,40,148
14,3.181,EUR J NEUROSCI,832,2,67,92,70,51,59,41,56,39,60,295
15,11.470,NAT COMMUN,822,17,66,80,69,65,59,50,38,39,41,298
16,4.573,J BIOL CHEM,803,7,30,39,32,38,40,35,58,47,46,431
17,3.626,FRONT HUM NEUROSCI,789,19,60,65,81,44,53,48,57,49,56,257
18,7.055,PHILOS T R SOC B,772,17,65,49,78,65,77,49,44,40,33,255
19,8.665,CEREB CORTEX,717,0,2,28,70,52,61,51,50,56,64,283
20,9.322,ELIFE,684,19,56,59,73,43,36,44,37,39,33,245
21,3.270,FRONT BEHAV NEUROSCI,628,10,52,67,66,70,36,44,41,34,36,172
22,9.571,CURR BIOL,617,48,61,68,65,56,55,40,31,30,33,130
23,6.462,DEVELOPMENT,602,8,31,37,46,20,20,47,22,25,35,311
24,3.568,FRONT NEURAL CIRCUIT,561,18,56,60,50,42,35,59,29,22,19,171
25,,FRONT PSYCHOL,549,8,32,52,51,26,30,34,47,31,51,187
26,8.358,CELL REP,538,17,57,46,57,37,39,33,35,26,20,171
27,3.656,FRONT NEUROSCI-SWITZ,532,17,41,41,54,46,27,31,36,29,34,176
28,31.427,NAT REV NEUROSCI,501,16,42,56,41,42,38,37,23,28,22,156
29,5.037,J PHYSIOL-LONDON,491,10,31,38,37,29,40,27,30,29,24,196
30,5.969,HUM BRAIN MAPP,484,2,9,31,35,33,35,33,50,32,31,193
31,8.802,NEUROSCI BIOBEHAV R,460,8,36,29,46,38,28,37,30,25,30,153
32,3.225,J COMP NEUROL,451,3,25,38,43,40,19,29,17,17,25,195
33,13.555,TRENDS NEUROSCI,440,17,52,58,62,34,29,18,18,20,18,114
34,2.843,BRAIN RES,420,2,12,25,32,33,21,30,21,22,24,198
35,5.808,CELL MOL LIFE SCI,417,2,20,30,35,21,25,44,29,20,17,174
36,32.242,CELL,413,9,49,41,54,33,20,26,16,21,14,130
37,3.544,FRONT NEUROANAT,406,16,29,22,28,36,23,25,27,21,36,143
38,4.620,PLOS COMPUT BIOL,375,6,30,42,38,28,44,20,22,25,25,95
39,5.013,NEUROBIOL AGING,368,1,25,20,77,22,17,26,15,21,16,128
40,6.393,HUM MOL GENET,366,5,37,31,37,16,20,11,17,23,13,156
41,4.085,J COGNITIVE NEUROSCI,365,2,8,27,30,21,26,28,33,27,27,136
42,3.028,BEHAV BRAIN RES,363,3,13,21,32,26,13,22,15,21,39,158
43,2.201,FRONT COMPUT NEUROSC,353,6,12,41,15,33,38,17,26,25,18,122
44,7.372,SOC COGN AFFECT NEUR,350,1,0,16,19,41,18,54,22,39,23,117
45,2.833,PROG BRAIN RES,349,1,24,24,38,28,17,17,17,21,15,147
46,4.281,J NEUROCHEM,341,0,16,28,21,17,13,17,16,20,21,172
47,3.652,NEUROBIOL LEARN MEM,341,4,9,23,15,22,21,22,24,19,22,160
48,3.302,NEUROPSYCHOLOGIA,337,6,10,28,26,25,27,21,22,26,25,121
49,7.048,NEUROPSYCHOPHARMACOL,327,1,16,32,33,24,18,32,23,19,25,104
50,3.370,DEV NEUROBIOL,321,0,14,30,21,11,13,25,14,26,18,149
51,5.078,NEUROBIOL DIS,320,4,11,27,13,19,22,21,23,20,19,141
52,4.162,HIPPOCAMPUS,319,3,14,19,15,22,19,13,24,12,23,155
53,5.137,MOL NEUROBIOL,310,0,13,14,25,19,14,21,11,17,9,167
54,41.456,NATURE,310,9,41,45,50,21,23,11,17,9,11,73
55,4.084,FRONT MOL NEUROSCI,309,7,20,26,20,17,12,13,11,32,13,138
56,4.151,J ALZHEIMERS DIS,301,0,24,23,21,16,13,20,16,11,19,138
57,4.696,EXP NEUROL,288,3,18,24,29,16,11,7,9,16,26,129
58,9.992,PROG NEUROBIOL,287,0,11,12,19,21,8,20,22,14,17,143
59,5.578,SCI REP-UK,286,5,16,24,23,14,24,17,12,13,16,122
60,33.611,SCIENCE,286,14,41,33,30,11,20,15,13,11,10,88
61,10.255,BIOL PSYCHIAT,285,0,25,23,41,23,24,25,14,11,32,67
62,3.657,LEARN MEMORY,278,3,14,17,26,12,16,18,15,25,15,117
63,27.324,PHYSIOL REV,268,2,14,21,19,21,15,17,19,12,15,113
64,4.000,FRONT AGING NEUROSCI,256,11,24,13,16,18,20,15,12,14,17,96
65,7.528,PLOS GENET,253,2,16,16,18,12,12,14,19,14,16,114
66,9.343,PLOS BIOL,251,1,18,29,19,19,15,20,14,10,22,84
67,10.434,EMBO J,240,3,23,8,28,36,20,14,17,16,11,64
68,3.875,PSYCHOPHARMACOLOGY,239,0,17,24,30,23,8,17,17,9,17,77
69,6.265,SEMIN CELL DEV BIOL,239,6,12,23,24,8,15,13,12,11,14,101
70,1.579,BIOMED RES INT,235,7,15,10,27,13,11,16,10,12,6,108
71,2.030,NEUROSCI LETT,234,2,9,16,14,15,12,17,14,8,6,121
72,9.196,BRAIN,231,0,19,32,23,21,15,15,15,14,15,62
73,5.618,BRAIN STRUCT FUNCT,226,0,2,12,20,12,13,14,16,16,26,95
74,4.902,MOL BRAIN,222,6,12,13,7,8,12,13,12,16,13,110
75,6.837,NEUROSCIENTIST,222,2,24,12,23,13,17,18,15,13,6,79
76,3.840,MOL CELL NEUROSCI,220,1,9,12,16,11,8,16,13,17,12,105
77,5.128,CORTEX,208,1,5,15,17,19,18,8,14,14,16,81
78,3.547,DEV BIOL,208,0,3,6,10,4,11,10,7,4,15,138
79,4.842,BRIT J PHARMACOL,203,2,7,10,25,14,6,12,9,10,11,97
80,19.320,ANNU REV NEUROSCI,201,1,31,27,22,19,15,17,11,7,10,41
81,1.937,NEUROSCI RES,198,2,16,11,14,11,16,9,8,7,16,88
82,9.834,J CELL BIOL,195,0,16,8,18,21,7,8,11,9,14,83
83,4.788,J GEN PHYSIOL,193,4,7,6,4,6,2,6,8,5,10,135
84,21.965,TRENDS COGN SCI,191,5,26,29,26,19,20,14,12,4,5,31
85,,NEUROMETHODS,187,0,5,10,16,26,15,17,23,15,7,53
86,3.488,PROG MOL BIOL TRANSL,186,0,8,11,9,11,7,7,11,13,18,91
87,1.325,JOVE-J VIS EXP,185,2,7,14,22,10,14,10,15,11,7,73
88,6.031,GLIA,178,4,13,8,10,15,8,7,5,9,8,91
89,5.432,J CELL SCI,178,2,8,10,9,11,8,7,8,11,11,93
90,3.534,FRONT PHYSIOL,177,4,6,11,11,5,6,9,1,11,7,106
91,2.393,J VISION,176,2,3,12,5,9,17,7,10,13,16,82
92,3.452,CURR PHARM DESIGN,175,0,4,7,10,11,13,19,10,9,16,76
93,2.025,J NEUROSCI METH,174,2,13,19,24,13,9,9,11,6,7,61
94,14.496,MOL PSYCHIATR,172,0,8,13,31,15,13,10,6,16,11,49
95,2.509,NEUROSCI BULL,172,1,6,9,17,10,4,10,16,14,11,74
96,9.708,DEV CELL,169,3,19,13,13,10,3,9,12,9,13,65
97,10.762,ACTA NEUROPATHOL,168,3,38,12,42,8,7,8,4,8,2,36
98,3.092,NEUROCHEM INT,168,4,5,7,9,11,11,6,7,13,5,90
99,,HANDB EXP PHARMACOL,166,0,10,2,8,10,3,15,21,17,1,79
100,2.628,CNS NEUROL DISORD-DR,161,3,2,10,5,14,11,19,12,9,6,70
101,,METHOD MOL BIOL,155,0,3,8,15,15,4,6,10,10,11,73
102,1.921,INT REV NEUROBIOL,153,0,9,8,8,10,22,13,8,14,9,52
103,2.718,BRAIN RES BULL,151,1,9,4,9,7,6,6,11,9,6,83
104,,CAM HBK BEHAV GENET,149,0,2,4,13,9,9,11,9,5,9,78
105,0.220,NEURAL REGEN RES,147,5,10,10,11,9,7,4,4,4,9,74
106,1.958,ADV EXP MED BIOL,142,0,4,9,10,9,9,8,8,5,10,70
107,1.815,VISION RES,139,0,3,4,4,5,16,10,10,6,17,64
108,5.213,PAIN,137,1,7,16,8,12,9,11,23,12,5,33
109,4.101,PFLUG ARCH EUR J PHY,134,0,1,4,7,8,7,11,4,7,3,82
110,3.853,CURR MED CHEM,130,1,7,9,9,9,4,8,6,5,7,65
111,4.882,BBA-MOL BASIS DIS,129,0,3,19,8,8,5,5,3,6,8,64
112,2.297,BIOCHEM BIOPH RES CO,127,4,3,7,10,6,3,9,3,7,8,67
113,3.802,FRONT PHARMACOL,127,5,6,10,9,8,8,7,6,8,9,51
114,3.404,INVEST OPHTH VIS SCI,126,0,1,8,1,5,3,3,5,8,5,87
115,3.287,COGN AFFECT BEHAV NE,124,0,6,7,9,8,7,10,4,13,16,44
116,3.453,NEURAL DEV,123,0,6,12,11,9,11,12,3,3,10,46
117,2.968,HEARING RES,121,0,15,15,11,8,13,7,10,3,7,32
118,18.510,ANNU REV PHYSIOL,120,0,4,7,8,10,8,8,7,13,8,47
119,3.972,BIOPHYS J,118,0,7,3,12,11,6,6,3,3,3,64
120,1.899,J PHYSIOL-PARIS,118,1,3,7,16,8,5,7,7,5,9,50
121,1.268,J NEUROGENET,117,5,15,4,13,5,3,10,5,5,4,48
122,2.593,NEUROCHEM RES,117,0,9,8,3,3,5,4,6,4,6,69
123,2.343,J MOL NEUROSCI,115,0,1,4,4,4,9,7,6,7,5,68
124,1.739,J COMPUT NEUROSCI,114,0,2,9,1,9,7,10,7,9,8,52
125,5.620,TRANSL PSYCHIAT,114,2,13,13,7,10,7,9,6,8,5,34
126,6.563,MOL NEURODEGENER,113,2,13,1,6,9,6,7,11,8,5,45
127,2.532,EUR J PHARMACOL,111,0,1,7,4,9,6,13,5,6,3,57
128,5.014,CELL DEATH DIS,110,0,6,3,11,5,6,4,4,3,6,62
129,13.262,J CLIN INVEST,109,4,5,7,11,8,8,4,7,10,9,36
130,2.594,J NEUROSCI RES,108,0,0,1,6,5,9,4,4,3,5,71
131,2.036,EXP BRAIN RES,105,2,0,5,6,4,9,7,10,9,16,37
132,3.330,REV NEUROSCIENCE,105,2,9,8,17,11,7,4,4,7,4,32
133,3.689,PROG NEURO-PSYCHOPH,104,0,3,11,6,9,7,8,3,12,9,36
134,2.665,BMC NEUROSCI,103,1,6,7,7,8,1,4,3,2,6,58
135,2.897,J EXP BIOL,103,2,4,6,11,6,2,11,2,0,8,51
136,4.466,MOL BIOL CELL,103,0,2,4,8,6,4,4,3,6,4,62
137,2.862,INT J MOL SCI,102,1,5,10,5,8,3,4,5,9,4,48
138,8.185,NEUROLOGY,101,1,8,15,16,5,6,6,4,3,5,32
139,10.798,GENE DEV,99,4,9,4,12,4,9,6,11,7,3,30
140,7.407,ANTIOXID REDOX SIGN,98,0,3,4,2,6,3,8,4,4,2,62
141,3.565,CELL TISSUE RES,97,2,5,5,4,3,8,11,5,7,5,42
142,2.207,NEURAL COMPUT,96,0,2,7,6,3,12,4,7,4,5,46
143,4.009,INT J NEUROPSYCHOPH,95,0,1,7,5,6,7,7,11,6,15,30
144,6.279,SCI SIGNAL,94,4,2,4,4,6,1,11,4,3,8,47
145,4.362,ACS CHEM NEUROSCI,92,3,3,11,2,5,2,4,5,3,6,48
146,3.582,NEURAL PLAST,92,1,2,6,14,9,3,4,7,9,4,33
147,6.523,STEM CELLS,91,2,2,5,17,4,3,1,5,6,3,43
148,5.009,BIOCHEM PHARMACOL,89,5,7,8,8,12,0,3,3,7,3,33
149,4.128,MOL PHARMACOL,89,1,1,8,5,5,4,7,1,6,7,44
150,2.402,J NEURAL TRANSM,88,1,2,3,5,3,3,2,7,2,5,55
151,4.680,CURR TOP DEV BIOL,87,1,2,10,2,2,6,8,7,2,9,38
152,2.376,DEV DYNAM,86,0,2,7,2,3,4,3,1,1,2,61
153,2.416,BIOL OPEN,85,0,4,3,7,4,6,4,4,7,6,40
154,3.661,GENES BRAIN BEHAV,85,1,9,8,11,7,4,6,10,3,6,20
155,5.019,BBA-MOL CELL RES,84,1,2,1,4,10,6,9,5,6,1,39
156,2.477,BRAIN COGNITION,84,0,3,2,7,6,7,2,4,7,6,40
157,3.169,FEBS LETT,84,2,5,6,7,6,0,1,2,4,9,42
158,2.781,PHARMACOL BIOCHEM BE,84,0,1,10,9,3,3,12,4,4,7,31
159,4.591,SLEEP,84,1,4,7,8,5,13,5,2,2,6,31
160,3.836,BBA-BIOMEMBRANES,83,0,2,4,2,4,1,7,3,4,5,51
161,2.526,NEUROIMAGE-CLIN,83,0,7,11,4,10,7,4,8,7,3,22
162,9.673,NAT PROTOC,82,2,9,9,9,11,8,5,4,3,6,16
163,4.383,ANN NY ACAD SCI,80,1,3,8,7,12,7,8,5,9,2,18
164,9.055,EMBO REP,80,2,8,11,9,1,8,7,6,3,3,22
165,3.645,METHODS,79,0,6,2,4,3,5,2,5,8,6,38
166,2.717,CEREBELLUM,78,0,6,3,4,8,3,5,2,3,6,38
167,1.520,NEUROREPORT,77,0,3,5,2,8,5,10,4,3,2,35
168,5.043,FASEB J,76,1,5,5,6,3,4,2,3,5,6,36
169,,SPR SER VIS RES,76,0,0,2,2,5,0,9,3,5,10,40
170,16.660,ANNU REV CELL DEV BI,74,5,5,11,7,6,6,6,3,2,5,18
171,2.697,DEV NEUROSCI-BASEL,73,0,2,1,5,5,5,3,4,5,5,38
172,4.934,P IEEE,73,1,5,6,12,5,12,1,2,2,6,21
173,3.015,BIOCHEMISTRY-US,72,3,3,5,1,6,4,4,3,1,3,39
174,2.410,CHANNELS,72,2,3,1,2,4,0,4,6,2,3,45
175,5.054,NEUROTHERAPEUTICS,71,2,12,8,5,9,6,1,3,7,5,13
176,9.977,ANN NEUROL,70,2,9,8,8,6,3,5,1,1,2,25
177,4.399,BRAIN STIMUL,70,0,4,5,4,11,1,1,8,4,21,11
178,3.889,CURR ALZHEIMER RES,70,2,2,8,3,3,7,4,5,1,3,32
179,4.503,ENDOCRINOLOGY,70,0,4,6,4,4,2,3,2,8,0,37
180,9.723,PHARMACOL THERAPEUT,70,0,3,6,9,3,2,3,4,3,4,33
181,2.728,BEHAV NEUROSCI,69,0,5,7,4,8,5,6,1,4,5,24
182,2.976,PHYSIOL BEHAV,69,0,2,7,8,4,3,6,2,7,4,26
183,2.257,EPILEPSY BEHAV,68,0,3,7,8,2,2,4,5,9,4,24
184,3.654,MOL PAIN,67,3,4,2,3,5,2,1,8,5,3,31
185,5.680,MOVEMENT DISORD,67,2,6,8,5,7,5,1,2,3,10,18
186,3.097,CLIN NEUROPHYSIOL,66,0,1,4,7,5,1,4,6,7,12,19
187,2.580,INT J DEV NEUROSCI,66,0,1,4,3,2,1,4,4,6,3,38
188,3.215,BRAIN LANG,65,0,3,1,2,2,4,5,10,4,2,32
189,3.295,J NEURAL ENG,65,0,4,5,10,6,4,3,6,8,8,11
190,5.408,J NEUROINFLAMM,65,2,8,7,3,8,7,3,4,2,0,21
191,3.689,WIRES DEV BIOL,65,0,1,7,3,2,1,3,4,1,3,40
192,3.358,J EXP PSYCHOL HUMAN,64,0,1,2,0,2,3,4,5,4,8,35
193,8.733,PROG RETIN EYE RES,64,2,5,4,6,2,4,3,2,4,3,29
194,11.539,TRENDS PHARMACOL SCI,64,0,6,10,4,3,7,3,2,4,3,22
195,,WIRES COGN SCI,64,1,2,3,9,5,3,4,5,3,2,27
196,5.963,GENETICS,63,0,4,2,8,4,2,3,5,1,2,32
197,2.474,J NEUROL SCI,63,0,2,4,11,6,1,3,3,3,2,28
198,9.112,NUCLEIC ACIDS RES,63,1,6,8,10,2,2,6,2,5,1,20
199,11.261,ANGEW CHEM INT EDIT,62,1,5,10,3,2,3,0,0,3,2,33
200,4.973,DIS MODEL MECH,62,0,7,5,6,4,6,2,2,6,3,21
201,7.037,FRONT NEUROENDOCRIN,62,0,0,10,2,3,5,4,3,3,3,29
202,5.407,J CEREBR BLOOD F MET,62,1,6,5,6,6,6,6,7,3,2,14
203,,PSYCHOL SCI,62,1,2,7,5,3,5,9,6,1,5,18
204,2.490,RESTOR NEUROL NEUROS,62,0,1,11,4,9,1,6,1,2,3,24
205,5.359,ADDICT BIOL,61,0,1,0,9,2,2,15,3,0,6,23
206,4.369,EUR NEUROPSYCHOPHARM,61,2,7,3,3,7,2,4,6,9,2,16
207,3.678,NEUROMOL MED,61,0,0,1,4,4,5,6,3,4,3,31
208,3.194,BIOCHEM SOC T,60,4,6,6,7,3,3,6,1,5,3,16
209,2.506,CELL MOL NEUROBIOL,60,0,2,1,1,3,4,6,5,5,4,29
210,4.110,J NEUROIMMUNE PHARM,60,1,2,1,2,5,2,1,1,2,2,41
211,3.049,CURR NEUROPHARMACOL,59,4,3,6,2,5,2,3,4,5,3,22
212,4.944,PSYCHONEUROENDOCRINO,59,0,2,6,1,9,3,9,0,3,4,22
213,2.127,SYNAPSE,59,0,1,4,2,1,4,1,6,3,2,35
214,12.007,TRENDS CELL BIOL,59,0,8,7,9,4,4,2,2,4,3,16
215,1.500,J CHEM NEUROANAT,58,1,2,2,4,3,0,1,2,7,2,34
216,2.288,PHYS REV E,58,0,6,6,5,1,4,5,2,4,4,21
217,3.923,SCHIZOPHR RES,58,1,2,8,4,6,3,1,3,5,4,21
218,8.450,SCHIZOPHRENIA BULL,58,0,7,6,8,3,2,5,5,1,4,17
219,3.727,STEM CELLS DEV,58,0,4,3,4,2,1,4,0,1,5,34
220,5.447,J MED CHEM,57,0,0,5,4,4,0,1,1,3,0,39
221,4.777,MOL CELL BIOL,57,0,1,1,1,1,7,7,3,2,3,31
222,2.207,VISUAL NEUROSCI,57,0,2,2,1,2,0,1,2,4,2,41
223,4.396,BIOCHEM J,56,0,1,3,3,1,3,2,2,2,3,36
224,3.468,BRAIN TOPOGR,56,0,2,6,5,4,5,5,6,3,6,14
225,3.931,CNS NEUROSCI THER,56,0,1,3,2,5,6,4,6,4,3,22
226,1.074,MED HYPOTHESES,56,2,2,4,3,8,2,5,6,7,4,13
227,5.413,MOL AUTISM,56,0,5,8,12,7,2,1,4,2,1,14
228,4.571,EPILEPSIA,55,0,6,3,4,2,7,4,5,1,1,22
229,3.972,J PHARMACOL EXP THER,55,1,2,6,1,5,0,5,9,5,5,16
230,3.979,ALZHEIMERS RES THER,54,0,9,7,8,11,2,3,1,0,2,11
231,5.307,CURR OPIN NEUROL,54,2,15,9,8,1,2,0,5,4,1,7
232,,J EXP PSYCHOL GEN,54,0,1,10,5,3,1,5,1,3,6,19
233,17.099,PHARMACOL REV,54,2,5,3,4,9,0,5,4,4,2,16
234,3.986,BMC GENOMICS,53,2,1,2,4,1,4,3,4,3,4,25
235,3.513,CELL CALCIUM,53,0,1,2,2,2,1,7,3,1,1,33
236,4.739,COMPR PHYSIOL,53,0,0,5,2,3,5,0,4,2,2,30
237,2.420,DEV GROWTH DIFFER,53,3,4,4,4,3,5,3,2,0,3,22
238,2.709,EXP EYE RES,52,0,1,3,0,5,1,0,1,3,5,33
239,2.036,J COMP PHYSIOL A,52,0,4,2,9,1,2,10,0,3,1,20
240,3.957,J PSYCHIATR RES,52,0,3,2,4,5,3,4,5,4,1,21
241,3.138,J NEUROENDOCRINOL,51,0,2,4,7,3,0,5,1,10,2,17
242,12.996,NAT CHEM BIOL,51,2,4,2,7,5,2,2,2,5,5,15
243,0.110,ZH VYSSH NERV DEYAT+,51,0,0,2,8,6,3,3,1,1,5,22
244,3.927,NEUROPATH APPL NEURO,50,0,1,3,11,5,4,2,2,1,1,20
245,,STEM CELLS BIOL REG,50,0,3,2,2,1,1,3,0,2,10,26
246,3.403,BIOL PSYCHOL,49,0,1,2,6,2,2,3,3,3,2,25
247,7.271,JAMA NEUROL,49,1,5,7,14,5,3,0,0,1,1,12
248,32.072,NAT METHODS,49,3,5,10,10,2,4,4,3,2,2,4
249,5.365,STEM CELL REP,49,1,6,2,3,5,1,0,1,1,2,27
250,3.157,CHEM SENSES,48,1,2,0,5,3,2,4,1,5,6,19
251,,COGNITION,48,1,0,5,4,3,2,4,5,4,2,18
252,4.046,INT J BIOCHEM CELL B,48,0,2,6,9,4,3,4,0,0,0,20
253,12.008,JAMA PSYCHIAT,48,0,5,8,5,5,1,5,4,3,1,11
254,2.424,PSYCHIAT RES-NEUROIM,48,0,0,0,3,1,2,3,4,10,3,22
255,3.205,ALCOHOL CLIN EXP RES,47,0,2,5,7,1,0,5,4,2,4,17
256,3.106,AM J PHYSIOL-REG I,47,0,6,1,7,1,2,0,3,5,1,21
257,4.315,CELL SIGNAL,47,0,1,4,4,1,1,2,3,6,3,22
258,3.246,EXP CELL RES,47,1,1,2,5,2,3,2,0,4,4,23
259,21.896,LANCET NEUROL,47,2,11,4,3,4,4,1,1,2,0,15
260,2.090,MOL CELLS,47,3,1,3,0,3,8,1,1,0,1,26
261,2.986,PSYCHOPHYSIOLOGY,47,0,3,2,2,3,6,2,5,5,4,15
262,5.889,BRAIN BEHAV IMMUN,46,0,1,3,2,4,5,5,2,6,2,16
263,17.565,CELL METAB,46,0,1,1,6,0,4,3,0,6,3,22
264,,CONSCIOUS COGN,46,1,0,2,13,1,0,4,3,7,6,9
265,15.358,NAT REV NEUROL,46,1,6,10,10,3,6,0,0,0,4,6
266,10.931,AM J HUM GENET,45,1,8,7,11,3,1,0,1,3,0,10
267,4.730,BIOESSAYS,45,1,6,6,6,0,2,7,5,0,2,10
268,2.018,GENESIS,45,0,4,1,1,1,4,4,4,1,3,22
269,4.632,HORM BEHAV,45,1,1,6,1,5,1,1,5,1,8,15
270,3.797,J NEUROPATH EXP NEUR,45,0,1,1,10,3,3,6,2,1,1,17
271,5.938,PSYCHOL MED,45,0,0,2,3,8,4,4,1,7,1,15
272,2.168,ATTEN PERCEPT PSYCHO,44,0,0,1,4,0,7,3,1,1,3,24
273,1.713,BIOL CYBERN,44,1,1,6,3,4,3,2,4,2,3,15
274,7.984,BMC BIOL,44,0,6,6,3,2,4,0,1,2,1,19
275,8.184,CELL DEATH DIFFER,44,0,4,1,2,3,1,2,3,0,2,26
276,3.833,DEV COGN NEUROS-NETH,44,0,2,2,1,2,2,6,3,3,2,21
277,4.245,J PROTEOME RES,44,0,4,4,2,6,4,2,2,1,2,17
278,28.223,NAT MED,44,1,3,8,4,1,1,2,3,1,5,15
279,2.148,BEHAV PHARMACOL,43,0,5,7,2,0,1,2,3,0,6,17
280,0.324,PROG BIOCHEM BIOPHYS,43,0,1,2,4,0,2,5,3,3,5,18
281,6.760,ADV GENET,42,1,4,0,4,5,3,4,5,2,1,13
282,5.879,ANESTHESIOLOGY,42,0,3,5,3,0,4,4,3,2,1,17
283,3.059,CURR NEUROL NEUROSCI,42,2,6,6,2,3,5,0,2,1,0,15
284,2.015,EPILEPSY RES,42,0,3,3,1,1,4,3,2,5,0,20
285,3.261,FRONT NEUROINFORM,42,1,6,5,3,2,1,2,6,2,2,12
286,0.900,INVERTEBR NEUROSCI,42,0,2,3,1,6,2,4,3,4,1,16
287,2.467,J NEUROIMMUNOL,42,1,0,2,1,4,6,1,1,3,5,18
288,8.557,BIOMATERIALS,41,0,0,2,3,2,3,1,2,2,2,24
289,1.380,GENE EXPR PATTERNS,41,0,1,3,1,1,1,1,1,2,4,26
290,5.051,P ROY SOC B-BIOL SCI,41,1,0,3,2,5,2,4,2,3,2,17
291,,PROC SPIE,41,0,1,1,2,1,5,4,5,7,1,14
292,15.843,SCI TRANSL MED,41,2,5,3,4,3,2,1,2,3,1,15
293,8.679,CSH PERSPECT BIOL,40,1,8,5,4,1,2,1,2,3,1,12
294,5.139,EXPERT OPIN THER TAR,40,1,3,2,2,2,3,3,1,1,1,21
295,2.138,GENE,40,0,1,1,4,2,1,3,2,6,3,17
296,2.783,EXPERT REV NEUROTHER,39,3,3,3,3,5,2,3,1,2,2,12
297,3.511,NEURODEGENER DIS,39,0,2,2,0,2,3,2,0,1,1,26
298,1.786,SEMIN NEUROL,39,1,13,4,7,4,1,0,2,1,2,4
299,1.671,COGN NEURODYNAMICS,38,0,2,3,3,1,2,2,2,9,2,12
300,2.882,INT J PSYCHOPHYSIOL,38,0,2,1,2,4,1,2,4,4,3,15
301,4.333,J MOL BIOL,38,1,2,4,4,2,3,5,3,2,2,10
302,3.898,J PSYCHOPHARMACOL,38,0,1,9,2,2,0,4,1,4,2,13
303,2.006,ALCOHOL,37,0,1,2,0,1,4,8,1,5,1,14
304,2.013,BRAIN BEHAV EVOLUT,37,1,4,10,5,1,2,1,3,3,1,6
305,12.113,J AM CHEM SOC,37,1,2,0,2,3,0,0,4,2,1,22
306,3.714,J NEUROTRAUM,37,0,2,3,0,1,2,4,0,5,1,19
307,3.538,NEUROTOX RES,37,0,0,0,2,1,2,2,3,0,4,23
308,,DEVELOPMENTAL SCI,36,0,1,2,2,2,2,3,5,1,1,17
309,3.268,J NEURODEV DISORD,36,0,8,3,6,1,1,1,7,1,1,7
310,1.688,SCI CHINA LIFE SCI,36,0,1,3,4,0,1,1,3,2,0,21
311,4.381,BBA-GEN SUBJECTS,35,0,2,1,4,2,0,1,2,1,1,21
312,3.127,CELL TRANSPLANT,35,0,0,0,3,1,2,1,0,2,0,26
313,2.283,MUSCLE NERVE,35,0,4,2,9,5,1,0,0,0,2,12
314,4.017,ASN NEURO,34,0,2,5,1,1,0,1,1,3,0,20
315,3.383,J AFFECT DISORDERS,34,0,0,2,3,3,2,3,1,1,6,13
316,2.774,J BIOL RHYTHM,34,0,6,3,0,0,0,4,0,2,2,17
317,4.010,J PAIN,34,0,3,3,0,8,3,5,4,1,3,4
318,6.564,MOL CELL PROTEOMICS,34,0,3,1,3,3,2,2,3,1,3,13
319,,SPRBRIEF NEUROSCI,34,0,0,0,0,0,0,0,1,0,0,33
320,20.771,BEHAV BRAIN SCI,33,1,0,4,2,4,3,3,3,1,1,11
321,2.444,TRANSL STROKE RES,33,0,2,1,1,2,1,2,1,1,3,19
322,6.634,AGEING RES REV,32,1,6,0,4,2,2,1,2,0,1,13
323,4.591,AM J PATHOL,32,0,0,3,1,3,2,4,3,2,1,13
324,3.780,AM J PHYSIOL-CELL PH,32,0,0,2,0,3,0,2,2,1,1,21
325,4.598,BRAIN IMAGING BEHAV,32,0,1,3,3,3,2,3,3,5,1,8
326,4.505,CELL ADHES MIGR,32,0,1,2,7,0,0,1,1,0,0,20
327,3.423,DRUG ALCOHOL DEPEN,32,0,2,3,6,2,1,4,3,0,4,7
328,6.807,J NEUROL NEUROSUR PS,32,0,2,3,10,4,6,0,1,1,1,4
329,6.227,MOL THER,32,0,0,4,2,2,1,0,1,4,3,15
330,13.309,NAT STRUCT MOL BIOL,32,0,2,2,3,3,0,4,0,0,4,14
331,7.478,PHYS LIFE REV,32,2,8,1,3,4,1,2,3,2,0,6
332,3.247,PROTEIN CELL,32,0,2,0,2,2,3,2,3,3,2,13
333,6.691,DRUG DISCOV TODAY,31,0,3,7,0,4,2,3,2,2,1,7
334,5.861,J PSYCHIATR NEUROSCI,31,0,1,4,4,2,2,2,0,0,3,13
335,4.936,RNA,31,1,2,1,1,1,1,1,3,4,1,15
336,4.974,RNA BIOL,31,2,1,2,6,2,2,2,0,2,0,12
337,5.331,ACS CHEM BIOL,30,0,3,5,2,2,0,0,1,0,0,17
338,,ACTA PSYCHOL,30,0,0,3,1,2,0,0,5,2,5,12
339,3.416,AM J MED GENET B,30,0,4,1,5,3,2,0,2,0,0,13
340,2.420,BIOORG MED CHEM LETT,30,0,2,1,2,3,2,1,2,3,0,14
341,3.621,CURR MOL MED,30,0,1,3,6,5,1,0,0,3,0,11
342,8.467,CURR OPIN CELL BIOL,30,3,4,1,5,0,4,2,0,3,3,5
343,7.574,CURR OPIN GENET DEV,30,3,9,5,7,2,1,0,2,0,0,1
344,4.407,DEPRESS ANXIETY,30,0,0,3,1,2,0,4,2,2,5,11
345,3.485,EXP GERONTOL,30,0,1,4,3,0,0,0,3,0,2,17
346,,LECT NOTES COMPUT SC,30,1,2,4,4,1,0,3,1,1,2,11
347,4.592,NEUROPSYCHOL REV,30,0,4,4,2,5,3,0,6,1,1,4
348,4.350,TRAFFIC,30,0,1,3,4,4,1,0,0,4,1,12
349,1.319,TRANSL NEUROSCI,30,0,6,1,3,2,2,1,0,1,2,12
350,2.159,AM J MED GENET A,29,0,3,7,2,0,1,2,0,1,1,12
351,4.643,BRAIN PATHOL,29,0,1,3,2,6,2,2,2,2,0,9
352,,J AUTISM DEV DISORD,29,0,1,3,4,6,0,0,1,0,10,4
353,0.303,NEUROCHEM J+,29,0,4,1,2,3,1,2,4,1,1,10
354,1.741,NEUROPSYCH DIS TREAT,29,1,6,6,3,0,1,0,0,1,3,8
355,8.459,ONCOGENE,29,0,0,1,2,3,0,0,3,1,1,18
356,2.660,SOC NEUROSCI-UK,29,0,0,1,0,6,3,6,0,2,2,9
357,2.405,AMYOTROPH LAT SCL FR,28,0,2,1,12,2,1,0,0,3,0,7
358,2.243,BRAIN BEHAV,28,0,2,0,1,4,2,1,4,2,1,11
359,3.154,CURR PROTEIN PEPT SC,28,0,0,3,2,1,1,2,2,0,2,15
360,3.198,G3-GENES GENOM GENET,28,0,0,3,0,3,2,2,2,1,0,15
361,5.340,HUM MUTAT,28,0,3,5,0,0,3,1,1,1,3,11
362,3.450,INSECT BIOCHEM MOLEC,28,0,1,1,5,1,1,0,2,1,0,16
363,2.097,J ANAT,28,0,0,2,5,2,2,1,0,2,3,11
364,3.377,J NEUROL,28,0,1,1,9,0,0,2,1,2,0,12
365,2.360,J PHARMACOL SCI,28,1,0,1,2,2,2,0,2,2,1,15
366,0.671,M S-MED SCI,28,3,1,4,3,2,3,5,2,0,2,3
367,14.018,MOL CELL,28,2,2,1,1,2,1,2,1,4,1,11
368,41.908,NAT REV DRUG DISCOV,28,3,3,1,2,1,1,3,2,1,2,9
369,2.241,PRION,28,0,2,3,1,2,3,3,3,0,1,10
370,2.467,PSYCHIAT RES,28,0,0,2,3,4,1,4,1,2,2,9
371,2.039,VITAM HORM,28,0,1,0,0,1,1,0,1,1,3,20
372,2.793,BIOORGAN MED CHEM,27,0,1,1,1,1,0,0,0,0,2,21
373,4.565,CELL CYCLE,27,0,2,1,0,1,2,1,6,0,0,14
374,22.268,CELL STEM CELL,27,3,6,1,7,1,2,0,2,0,1,4
375,8.665,EMBO MOL MED,27,1,0,2,1,1,0,3,3,5,0,11
376,6.335,J MED GENET,27,0,4,6,7,2,1,1,1,1,0,4
377,2.116,J THEOR BIOL,27,0,0,0,0,0,1,2,0,1,5,18
378,,LECT N MATH MODEL LI,27,0,0,1,0,0,1,3,2,1,2,17
379,3.236,MEDIAT INFLAMM,27,0,1,2,1,3,1,4,3,2,0,10
380,29.352,NAT GENET,27,0,6,7,5,1,0,0,1,1,0,6
381,3.269,NEUROPSYCHOLOGY,27,1,0,0,0,1,0,1,2,2,2,18
382,3.379,NEUROTOXICOLOGY,27,0,1,1,0,1,4,2,0,1,1,16
383,1.293,PHYSIOL RES,27,0,1,3,2,2,1,2,3,0,1,12
384,5.761,STROKE,27,0,3,1,0,14,0,2,3,1,2,1
385,1.000,ACTA NATURAE,26,0,0,0,1,0,0,1,1,0,1,22
386,3.447,EUR J MED CHEM,26,0,1,0,1,1,0,0,0,0,1,22
387,3.839,J CELL PHYSIOL,26,0,0,2,1,1,2,1,1,1,2,15
388,0.935,J INTEGR NEUROSCI,26,0,1,2,1,4,3,1,1,3,0,10
389,1.554,MOL MED REP,26,0,1,1,0,2,1,0,2,1,2,16
390,2.708,NEURAL NETWORKS,26,0,0,1,0,3,4,3,2,0,3,10
391,2.825,NEUROINFORMATICS,26,0,3,5,2,5,3,2,0,0,0,6
392,7.562,PLOS PATHOG,26,2,0,2,2,1,1,0,2,1,0,15
393,,SPRINGER HANDB AUDIT,26,0,0,2,3,1,3,0,1,2,2,12
394,1.542,ANAT REC,25,1,0,1,0,0,0,2,0,2,3,16
395,,BEHAV RES THER,25,2,0,1,4,0,0,4,2,2,3,7
396,2.470,GEN COMP ENDOCR,25,0,0,4,1,0,0,1,0,1,1,17
397,3.419,INT REV CEL MOL BIO,25,0,0,2,0,1,0,1,1,0,1,19
398,3.718,J ENDOCRINOL,25,0,1,0,3,1,1,2,0,3,1,13
399,1.558,J OPT SOC AM A,25,0,1,1,1,1,1,2,2,3,0,13
400,2.702,LIFE SCI,25,0,1,1,1,1,2,1,0,0,2,16
401,2.884,NEUROGENETICS,25,1,0,3,5,4,0,1,1,0,0,10
402,2.618,PEPTIDES,25,0,1,2,0,1,2,2,0,2,0,15
403,0.906,PERCEPTION,25,0,0,2,2,1,1,1,1,0,4,13
404,4.330,AUTISM RES,24,0,1,3,5,4,0,0,1,2,3,5
405,1.567,BEHAV PROCESS,24,0,0,0,4,4,1,1,1,0,2,11
406,2.875,CELL PHYSIOL BIOCHEM,24,0,2,0,3,0,0,1,1,2,0,15
407,46.568,CHEM REV,24,0,0,0,1,4,2,0,1,2,1,13
408,4.001,FEBS J,24,0,0,1,1,1,0,0,3,0,1,17
409,5.736,FREE RADICAL BIO MED,24,1,1,0,5,0,1,2,0,0,1,13
410,10.810,GENOME BIOL,24,2,1,3,2,0,1,0,3,1,2,9
411,2.088,INT J MOL MED,24,0,2,0,0,3,0,2,2,4,1,10
412,12.515,J EXP MED,24,0,0,2,1,2,4,2,0,1,3,9
413,9.105,MOL BIOL EVOL,24,0,0,1,1,1,3,2,0,1,0,15
414,1.986,MOL VIS,24,0,1,2,0,0,2,1,0,1,1,16
415,3.807,PROTEOMICS,24,0,3,4,1,1,3,3,1,1,1,6
416,9.453,TRENDS MOL MED,24,1,5,3,6,0,0,0,2,3,1,3
417,9.329,CANCER RES,23,1,0,0,1,0,0,2,4,2,0,13
418,33.383,CHEM SOC REV,23,0,0,1,3,1,0,3,0,2,0,13
419,,COGNITIVE SCI,23,0,1,1,3,2,1,0,1,2,0,12
420,,EMOTION,23,0,0,2,3,0,1,3,0,3,2,9
421,2.669,EXP PHYSIOL,23,0,0,1,1,2,1,1,1,2,0,14
422,1.447,NEUROL SCI,23,0,0,0,1,2,2,3,2,0,2,11
423,2.261,NEUROPSYCHOBIOLOGY,23,1,4,3,4,2,0,0,1,0,4,4
424,14.756,PSYCHOL BULL,23,0,0,0,3,3,0,0,0,4,2,11
425,3.621,TOXICOLOGY,23,0,0,1,1,1,1,3,1,0,2,13
426,12.295,AM J PSYCHIAT,22,1,3,5,4,5,2,0,1,0,0,1
427,15.436,ANNU REV BIOPHYS,22,0,1,2,2,4,1,0,0,2,2,8
428,11.019,CIRC RES,22,0,4,2,1,1,2,1,2,1,1,7
429,3.523,FRONT BIOSCI-LANDMRK,22,0,1,2,0,2,0,2,2,3,0,10
430,,FRONT NEUROROBOTICS,22,0,3,4,2,0,2,4,2,0,0,5
431,2.393,ILAR J,22,0,1,4,2,0,0,2,3,2,2,6
432,2.470,J INSECT PHYSIOL,22,0,1,2,2,0,3,0,1,0,1,12
433,37.806,NAT REV MOL CELL BIO,22,0,4,2,1,3,2,1,1,0,3,5
434,2.083,NEUROCOMPUTING,22,0,0,1,2,1,0,0,2,2,2,12
435,4.408,PHARMACOL RES,22,0,0,1,1,1,0,0,0,3,3,13
436,7.972,PSYCHOL REV,22,0,3,3,3,1,0,1,1,1,4,5
437,3.154,SLEEP MED,22,0,0,4,0,2,1,1,1,0,1,12
438,9.918,TRENDS GENET,22,2,6,1,3,3,0,2,2,0,0,3
439,1.286,ACTA NEUROBIOL EXP,21,0,2,2,1,3,4,0,0,0,1,8
440,3.472,ANESTH ANALG,21,0,0,1,0,0,1,2,1,2,2,12
441,18.365,ANNU REV PHARMACOL,21,0,1,5,2,1,1,0,2,0,1,8
442,7.933,AUTOIMMUN REV,21,0,0,0,1,1,1,1,2,2,3,10
443,11.753,AUTOPHAGY,21,0,4,0,3,2,0,0,1,2,1,8
444,6.332,BBA-GENE REGUL MECH,21,2,2,1,2,0,0,1,1,1,0,11
445,1.972,BEHAV BRAIN FUNCT,21,0,1,0,0,2,1,2,1,2,2,10
446,2.963,BIOCHIMIE,21,0,3,1,2,0,0,0,0,2,1,12
447,3.307,DEV PSYCHOBIOL,21,0,1,2,1,2,1,0,0,1,3,10
448,2.928,EUR J PAIN,21,0,1,4,0,0,1,1,3,0,1,10
449,4.297,EXPERT OPIN THER PAT,21,1,1,0,0,1,0,0,0,0,1,17
450,3.325,FLY,21,0,1,2,3,1,4,4,2,0,1,3
451,1.891,INT J CLIN EXP PATHO,21,0,0,0,0,3,1,2,1,1,1,12
452,6.870,J MOL CELL BIOL,21,0,2,1,3,1,2,1,0,1,0,10
453,2.638,METAB BRAIN DIS,21,0,2,2,1,1,0,1,0,0,0,14
454,4.405,MOL CELL ENDOCRINOL,21,0,1,4,2,0,0,0,0,3,1,10
455,2.416,MOLECULES,21,0,0,0,0,1,0,3,2,1,1,13
456,19.679,NAT CELL BIOL,21,1,1,4,7,1,3,0,1,0,0,3
457,3.516,OXID MED CELL LONGEV,21,0,0,0,0,1,2,1,0,1,1,15
458,1.928,PHARMACOL REP,21,0,0,1,0,1,2,4,2,3,2,6
459,2.127,Q J EXP PSYCHOL,21,0,0,0,0,1,0,0,5,1,4,10
460,3.693,STEM CELL RES,21,0,1,1,4,1,0,2,0,0,0,12
461,8.957,ANNU REV GENOM HUM G,20,0,1,3,4,1,0,0,0,0,0,11
462,3.268,BIOL CHEM,20,0,1,1,4,2,2,0,1,0,0,9
463,1.548,BIOSYSTEMS,20,0,0,1,0,1,0,0,0,1,1,16
464,1.880,EVID-BASED COMPL ALT,20,0,1,0,0,2,2,0,5,1,0,9
465,3.620,NEUROSURGERY,20,0,3,0,5,1,1,0,0,0,2,8
466,0.663,REV NEUROL-FRANCE,20,0,1,3,1,3,0,0,0,1,3,8
467,0.830,REV NEUROLOGIA,20,0,1,1,3,3,0,0,1,2,0,9
468,2.938,TOXINS,20,0,0,0,1,1,0,1,0,1,1,15
469,2.912,ACTA PHARMACOL SIN,19,0,0,0,1,2,0,1,1,0,1,13
470,5.636,ANAL CHEM,19,1,1,3,0,0,0,0,2,1,3,8
471,3.017,ARCH BIOCHEM BIOPHYS,19,2,2,0,0,0,1,0,0,0,1,13
472,,CHEM IMMUNOL ALLERGY,19,0,0,0,0,0,0,0,1,0,2,16
473,6.813,CURR OPIN CHEM BIOL,19,0,6,4,0,4,1,0,4,0,0,0
474,4.649,EPIGENOMICS-UK,19,2,1,0,3,1,1,1,6,0,0,4
475,3.256,EPILEPSY CURR,19,0,3,3,1,1,2,0,0,1,2,6
476,2.165,EXP BIOL MED,19,0,2,0,1,1,1,2,1,0,1,10
477,5.528,EXPERT OPIN INV DRUG,19,0,2,1,3,1,0,1,2,1,3,5
478,5.809,GENOME MED,19,2,1,3,4,0,1,1,0,1,1,5
479,3.054,HISTOCHEM CELL BIOL,19,0,2,2,1,5,1,0,1,0,1,6
480,2.347,IEEE T BIO-MED ENG,19,0,1,2,1,2,0,2,2,1,1,7
481,4.509,INT J BIOL SCI,19,1,1,0,3,0,0,0,0,0,2,12
482,4.922,J IMMUNOL,19,0,1,2,1,2,4,1,0,1,2,5
483,4.022,MOL ENDOCRINOL,19,0,1,1,0,1,0,0,1,2,1,12
484,0.870,NETWORK-COMP NEURAL,19,0,2,2,1,4,2,0,0,1,2,5
485,6.776,NEURO-ONCOLOGY,19,0,0,2,1,1,1,3,2,1,0,8
486,11.227,TRENDS BIOCHEM SCI,19,1,4,0,2,3,1,2,0,1,0,5
487,,ADV PHARMACOL,18,0,0,0,3,1,0,3,0,0,1,10
488,3.390,AGE,18,0,0,0,1,2,1,2,2,0,0,10
489,3.906,AM J MED GENET C,18,0,2,1,1,0,1,0,6,0,1,6
490,1.828,BIOL PHARM BULL,18,0,0,0,0,1,0,2,1,0,1,13
491,4.891,CEPHALALGIA,18,0,0,0,0,0,4,1,0,1,1,11
492,2.968,CHEMMEDCHEM,18,0,0,1,1,0,0,0,0,0,1,15
493,2.253,CURR NEUROVASC RES,18,0,1,0,0,4,1,2,0,1,0,9
494,3.238,CURR PSYCHIAT REP,18,0,1,2,5,3,2,0,1,0,1,3
495,3.104,GENE THER,18,0,0,4,1,0,2,1,1,3,0,6
496,3.056,J APPL PHYSIOL,18,0,0,2,0,1,0,1,1,1,4,8
497,5.498,J CLIN PSYCHIAT,18,0,0,2,0,1,1,2,1,3,2,6
498,3.888,J PROTEOMICS,18,0,0,1,1,2,2,0,1,1,3,7
499,1.378,KOREAN J PHYSIOL PHA,18,0,1,2,0,1,0,4,3,2,2,3
500,36.978,NAT REV GENET,18,1,4,6,3,1,2,1,0,0,0,0
501,1.124,NEUROCASE,18,0,0,1,4,0,1,0,1,1,4,6
502,3.358,ORPHANET J RARE DIS,18,0,1,0,2,0,0,0,2,0,0,13
503,3.972,PARKINSONISM RELAT D,18,0,1,2,4,1,4,0,1,0,1,4
504,,PERSPECT PSYCHOL SCI,18,0,1,2,1,4,1,3,0,1,0,5
505,5.709,STEM CELL TRANSL MED,18,1,3,0,0,1,0,0,0,0,0,13
506,2.492,TOXICON,18,0,0,0,0,0,0,0,0,0,0,18
507,1.714,ACTA HISTOCHEM,17,0,0,0,0,1,0,0,0,0,2,14
508,3.293,AMINO ACIDS,17,0,1,0,1,0,0,0,0,2,3,10
509,1.445,BEHAV NEUROL,17,0,0,0,2,1,0,0,2,0,2,10
510,1.303,BIOCHEMISTRY-MOSCOW+,17,0,0,1,1,1,1,0,0,0,1,12
511,2.653,COGN NEUROSCI-UK,17,0,1,2,2,1,1,0,3,0,1,6
512,4.349,EUR J HUM GENET,17,0,0,0,5,2,0,5,0,0,0,5
513,3.539,EXPERT OPIN DRUG DIS,17,0,2,2,1,1,1,2,1,0,1,6
514,0.930,GENES GENET SYST,17,0,0,2,1,1,0,1,1,1,0,10
515,6.459,J CHILD PSYCHOL PSYC,17,1,3,4,0,0,0,1,1,1,2,4
516,5.416,J GERONTOL A-BIOL,17,0,1,1,0,1,1,2,3,0,1,7
517,2.457,J MEMBRANE BIOL,17,0,0,1,0,0,0,0,1,0,0,15
518,6.115,LAB CHIP,17,0,1,1,1,1,0,0,1,1,0,11
519,1.154,MICROSC RES TECHNIQ,17,0,1,3,0,3,0,2,1,2,1,4
520,1.200,PATHOL BIOL,17,0,3,3,1,2,1,1,2,0,1,3
521,,PSYCHIAT CLIN N AM,17,0,3,2,3,1,1,1,0,1,1,4
522,,PSYCHOL RES-PSYCH FO,17,0,2,0,3,0,0,0,2,0,2,8
523,,RES DEV DISABIL,17,0,0,0,2,0,0,6,1,0,1,7
524,2.715,STRESS,17,0,1,2,1,0,2,2,1,1,2,5
525,3.705,TOXICOL APPL PHARM,17,0,0,0,0,1,0,1,2,3,1,9
526,6.019,WIRES RNA,17,0,0,1,3,1,1,1,2,3,0,5
527,3.205,WIRES SYST BIOL MED,17,0,2,2,0,2,3,2,1,1,1,3
528,0.159,ZH OBSHCH BIOL,17,0,0,0,0,0,0,1,2,2,2,10
529,6.340,AGING CELL,16,0,3,3,2,1,2,3,0,0,0,2
530,14.211,ANNU REV BIOMED ENG,16,0,1,0,1,0,1,0,2,3,2,6
531,3.290,BIOGERONTOLOGY,16,0,0,0,1,0,2,1,3,0,0,9
532,3.378,CELL COMMUN SIGNAL,16,0,0,0,0,0,1,0,1,2,0,12
533,0.981,CR BIOL,16,0,2,1,2,2,2,0,2,3,0,2
534,3.147,GLYCOBIOLOGY,16,0,2,1,1,0,0,0,1,0,0,11
535,,INT WORKSHOP PATTERN,16,0,2,2,3,0,1,3,1,0,0,4
536,1.503,J ACOUST SOC AM,16,0,2,0,2,2,3,0,2,0,2,3
537,2.859,J BIOMED OPT,16,0,0,2,4,1,2,1,1,1,0,4
538,2.064,J BIOSCIENCES,16,0,0,0,2,0,0,2,1,2,2,7
539,4.014,J CELL MOL MED,16,0,0,0,1,0,1,0,1,0,0,13
540,2.998,J ETHNOPHARMACOL,16,0,0,0,0,3,0,1,0,1,0,11
541,3.302,J PHYS CHEM B,16,0,1,1,2,0,1,0,0,2,0,9
542,2.440,MECH DEVELOP,16,0,1,2,0,0,0,1,0,0,1,11
543,1.695,PEDIATR NEUROL,16,0,1,2,1,0,3,0,3,2,1,3
544,7.810,Q REV BIOPHYS,16,0,2,0,2,1,0,0,0,0,3,8
545,1.971,RESP PHYSIOL NEUROBI,16,0,0,0,2,1,0,0,3,1,0,9
546,3.840,RSC ADV,16,0,0,1,3,1,1,1,1,1,0,7
547,2.667,BMC DEV BIOL,15,0,0,2,2,0,0,0,0,0,2,9
548,1.770,CAN J PHYSIOL PHARM,15,0,1,1,0,0,0,2,1,0,0,10
549,3.931,CLIN GENET,15,0,0,3,1,0,0,2,0,0,1,8
550,5.113,CNS DRUGS,15,0,1,2,0,0,0,0,0,2,2,8
551,7.714,CRIT REV BIOCHEM MOL,15,0,0,0,0,0,0,1,0,0,0,14
552,8.095,DIABETES,15,0,0,1,1,0,0,4,0,1,1,7
553,2.589,INSECT MOL BIOL,15,0,0,0,2,0,2,1,1,0,3,6
554,7.260,J AM ACAD CHILD PSY,15,0,0,0,4,4,0,1,0,3,2,1
555,3.585,J GENET GENOMICS,15,0,4,0,3,0,0,0,2,0,0,6
556,2.817,J NEUROPSYCH CLIN N,15,0,0,0,3,1,2,1,0,1,2,5
557,3.347,J SLEEP RES,15,0,0,0,2,1,2,1,0,0,1,8
558,3.585,METALLOMICS,15,0,0,0,0,2,0,1,0,0,0,12
559,3.587,NEUROGASTROENT MOTIL,15,0,0,0,1,0,1,3,4,0,1,5
560,3.976,NEUROREHAB NEURAL RE,15,0,0,1,1,2,0,0,3,1,1,6
561,2.274,NUTR NEUROSCI,15,0,0,0,0,0,0,0,3,1,0,11
562,6.359,ONCOTARGET,15,0,0,0,1,1,1,2,0,1,0,9
563,4.857,PHYSIOLOGY,15,0,1,0,2,0,0,2,1,2,0,7
564,,PROG DRUG RES,15,0,3,0,0,0,0,4,3,0,0,5
565,3.368,STEM CELL RES THER,15,0,0,1,2,0,0,1,0,0,2,9
566,5.618,STRUCTURE,15,0,0,0,0,0,0,0,3,2,0,10
567,12.407,ALZHEIMERS DEMENT,14,0,2,2,3,0,2,0,0,0,0,5
568,2.582,ANIM COGN,14,0,1,0,0,1,2,1,3,1,0,5
569,2.040,BMC NEUROL,14,0,0,0,3,4,0,0,1,1,0,5
570,1.933,CELL BIOL INT,14,1,0,0,1,0,1,1,0,0,0,10
571,2.073,COGN NEUROPSYCHOL,14,0,0,0,1,0,1,0,3,3,0,6
572,4.780,EPIGENETICS-US,14,0,2,2,2,0,0,0,3,0,1,4
573,0.596,GENES GENOM,14,0,0,0,0,0,0,1,0,0,0,13
574,1.277,INT J CLIN EXP MED,14,2,0,0,2,1,0,0,0,0,0,9
575,6.507,INT J NEURAL SYST,14,0,1,0,1,2,2,0,1,1,0,6
576,1.521,INT J NEUROSCI,14,0,0,0,2,1,0,2,1,0,2,6
577,1.378,J CLIN NEUROSCI,14,0,0,1,2,0,0,0,1,0,0,10
578,2.862,J EXP PSYCHOL LEARN,14,0,1,2,0,0,0,1,3,1,0,6
579,,J NEUROSCI PSYCHOL E,14,0,1,1,0,1,1,3,2,1,2,2
580,2.598,JARO-J ASSOC RES OTO,14,0,1,1,0,2,2,0,0,0,1,7
581,,MIND LANG,14,0,0,3,0,0,1,0,1,1,2,6
582,2.024,MOL BIOL REP,14,0,0,0,0,0,0,1,2,1,0,10
583,2.393,MOL CELL BIOCHEM,14,0,0,0,0,0,0,1,1,0,3,9
584,0.195,NEUROPHYSIOLOGY+,14,0,0,0,0,0,0,2,1,0,1,10
585,2.652,P JPN ACAD B-PHYS,14,0,0,2,0,1,1,0,0,0,3,7
586,1.634,PSYCHIAT CLIN NEUROS,14,0,1,2,2,1,1,4,0,0,0,3
587,1.941,PSYCHIAT GENET,14,0,1,0,1,2,1,0,0,3,0,6
588,,PSYCHON B REV,14,0,0,1,1,1,1,0,3,2,1,4
589,2.084,PSYCHOPATHOLOGY,14,0,0,1,0,1,0,1,0,3,0,8
590,,SCI WORLD J,14,0,1,1,2,1,3,0,0,0,0,6
591,,TOP COGN SCI,14,0,0,1,1,1,0,0,0,1,1,9
592,3.262,TOXICOL LETT,14,0,0,1,1,1,0,2,0,0,1,8
593,2.714,ADV INSECT PHYSIOL,13,0,0,0,0,1,1,0,0,0,0,11
594,3.785,AM J PHYSIOL-ENDOC M,13,0,0,2,1,0,0,0,0,1,0,9
595,3.137,ANIM BEHAV,13,1,1,0,0,1,2,0,0,0,3,5
596,1.531,APHASIOLOGY,13,0,1,1,7,1,0,0,0,0,1,2
597,0.946,APPL NEUROPSYCH-CHIL,13,5,1,0,0,1,0,1,0,0,2,3
598,3.831,BIOMATER SCI-UK,13,1,0,0,0,0,0,0,2,0,1,9
599,1.954,CHAOS,13,0,0,2,2,0,1,0,1,3,1,3
600,3.116,CYTOSKELETON,13,0,2,0,0,1,2,0,0,0,0,8
601,,EMOT REV,13,0,1,4,0,1,1,0,0,2,0,4
602,0.775,GENET MOL RES,13,0,0,0,0,0,0,2,0,4,0,7
603,2.284,GENOMICS,13,1,9,0,1,0,0,0,2,0,0,0
604,2.758,HEADACHE,13,0,0,0,0,1,4,1,2,1,1,3
605,2.096,HISTOL HISTOPATHOL,13,0,1,0,0,1,0,0,1,1,1,8
606,2.582,J BIOCHEM,13,0,0,2,0,0,0,1,2,0,0,8
607,2.083,J CLIN EXP NEUROPSYC,13,0,0,2,2,1,0,1,0,1,1,5
608,,J FINANC,13,0,1,1,3,1,2,0,1,0,2,2
609,2.609,J MATH PSYCHOL,13,0,1,3,3,0,1,0,1,0,0,4
610,4.655,J MOL CELL CARDIOL,13,0,1,1,1,0,2,0,2,0,0,6
611,3.737,J NEUROSURG,13,0,0,0,0,0,0,1,0,2,2,8
612,45.217,LANCET,13,0,2,1,3,4,1,0,1,0,1,0
613,3.210,MOL BIOSYST,13,0,0,0,3,2,0,1,1,1,0,5
614,0.781,MULTISENS RES,13,0,0,3,0,2,0,0,0,0,3,5
615,37.400,NAT REV CANCER,13,0,1,1,1,1,0,0,1,0,1,7
616,,PSYCHOL AGING,13,0,0,1,1,1,0,0,1,0,1,8
617,4.183,WORLD J BIOL PSYCHIA,13,0,0,0,0,3,1,0,1,0,2,6
618,12.881,ACS NANO,12,0,3,0,0,0,0,3,1,1,0,4
619,21.810,ANNU REV PSYCHOL,12,0,1,2,2,1,0,2,3,0,0,1
620,2.691,APPETITE,12,0,0,0,4,0,0,0,0,1,0,7
621,5.353,BBA-BIOENERGETICS,12,0,0,1,2,0,0,0,1,1,0,7
622,3.318,BIOL REPROD,12,0,0,1,0,1,0,0,0,2,0,8
623,3.648,BIOMED OPT EXPRESS,12,0,1,0,2,0,0,0,0,4,1,4
624,2.637,BIOSCIENCE REP,12,0,1,1,1,1,1,2,0,2,0,3
625,4.965,BIPOLAR DISORD,12,0,0,2,3,0,1,0,0,0,2,4
626,2.633,BIRTH DEFECTS RES C,12,1,0,0,0,0,0,0,0,0,0,11
627,3.163,CELL STRESS CHAPERON,12,0,0,1,4,0,0,1,0,1,1,4
628,6.645,CHEM BIOL,12,0,2,1,0,3,1,1,1,0,1,2
629,1.579,CHINESE SCI BULL,12,0,0,0,2,1,0,0,2,2,0,5
630,9.469,CSH PERSPECT MED,12,0,2,1,0,0,2,1,1,0,0,5
631,6.671,DIABETOLOGIA,12,0,0,0,1,0,0,1,1,1,0,8
632,3.439,EUR PSYCHIAT,12,0,0,2,4,0,0,1,0,0,0,5
633,0.529,EXPERT OPIN ORPHAN D,12,0,1,3,0,1,0,0,2,0,2,3
634,2.805,GENES CELLS,12,0,1,1,1,0,1,0,0,1,1,6
635,1.151,GENES-BASEL,12,0,2,2,0,0,1,0,0,0,0,7
636,14.630,GENOME RES,12,1,0,2,1,0,0,0,0,3,0,5
637,4.383,INT J NANOMED,12,0,0,1,0,0,0,0,2,3,0,6
638,0.905,INT J PEPT RES THER,12,0,0,0,0,0,0,0,0,0,0,12
639,,J ABNORM PSYCHOL,12,0,0,2,0,0,0,1,0,0,1,8
640,2.088,METHOD ENZYMOL,12,0,1,1,1,1,0,0,0,0,0,8
641,10.872,MOL SYST BIOL,12,2,2,0,3,0,0,1,1,0,1,2
642,3.270,NUTRIENTS,12,1,1,1,1,0,0,1,0,0,2,5
643,3.734,OBESITY,12,0,0,2,1,1,0,0,1,1,0,6
644,2.112,PEERJ,12,0,0,1,1,2,0,0,0,0,0,8
645,6.867,RADIOLOGY,12,0,0,0,0,1,4,1,1,3,0,2
646,17.062,REP PROG PHYS,12,0,3,1,1,0,0,0,0,0,0,7
647,3.854,TOXICOL SCI,12,1,0,0,0,0,4,1,0,1,2,3
648,5.030,TRANSL RES,12,0,1,1,3,1,0,0,0,0,1,5
649,9.392,TRENDS ENDOCRIN MET,12,0,3,3,0,1,0,1,1,1,1,1
650,,ACCOUNT REV,11,0,0,0,1,0,0,1,1,1,2,5
651,0.524,ACTA CRYSTALLOGR F,11,0,0,0,0,3,0,0,0,0,1,7
652,3.589,AM J NEURORADIOL,11,0,2,1,0,0,0,0,0,2,0,6
653,3.838,AM J PHYSIOL-HEART C,11,1,1,0,0,0,0,2,0,1,0,6
654,30.283,ANNU REV BIOCHEM,11,0,0,1,0,1,0,0,1,1,0,7
655,5.162,BBA-MOL CELL BIOL L,11,0,2,1,1,1,0,1,0,0,0,5
656,7.845,BBA-REV CANCER,11,0,0,2,1,0,0,1,1,1,0,5
657,4.981,BIOINFORMATICS,11,0,1,0,4,1,1,1,0,1,0,2
658,9.015,BIOTECHNOL ADV,11,0,0,1,0,0,1,0,0,0,0,9
659,2.020,BMC COMPLEM ALTERN M,11,0,0,0,0,1,0,1,0,1,0,8
660,2.210,BMC PSYCHIATRY,11,0,0,2,1,0,1,0,0,4,1,2
661,1.525,CAN J NEUROL SCI,11,0,1,2,2,0,1,1,0,1,0,3
662,6.834,CHEM COMMUN,11,2,0,2,0,0,1,1,0,0,1,4
663,3.343,CHRONOBIOL INT,11,1,0,0,1,0,0,0,1,1,0,7
664,2.710,CNS SPECTRUMS,11,0,0,1,3,0,1,1,0,1,0,4
665,1.950,CURR PHARM BIOTECHNO,11,0,0,0,0,0,1,1,0,0,1,8
666,5.333,EPIGENET CHROMATIN,11,1,2,1,0,0,2,0,4,1,0,0
667,1.269,EXP THER MED,11,0,0,1,1,0,0,0,1,1,0,7
668,4.824,HUM GENET,11,0,1,0,3,2,0,2,0,0,0,3
669,2.472,INT IMMUNOPHARMACOL,11,0,2,0,1,1,1,0,0,1,1,4
670,,INTELLIGENCE,11,0,1,4,0,1,1,0,1,1,0,2
671,2.423,J BIOMOL SCREEN,11,0,0,0,4,2,0,1,0,0,0,4
672,1.717,J CHILD NEUROL,11,0,0,0,1,2,1,1,0,0,0,6
673,1.959,J HISTOCHEM CYTOCHEM,11,0,0,0,0,0,1,0,0,0,2,8
674,3.798,J NAT PROD,11,0,0,0,0,0,1,0,2,0,0,8
675,4.257,MOL CANCER,11,0,0,1,1,3,1,0,1,0,0,4
676,34.985,NAT REV IMMUNOL,11,1,3,2,1,2,0,0,1,0,0,1
677,5.784,OPEN BIOL,11,1,2,0,0,1,1,0,0,0,3,3
678,3.488,OPT EXPRESS,11,0,0,2,1,1,1,0,0,2,0,4
679,6.025,ACTA BIOMATER,10,0,0,1,0,0,0,0,0,2,1,6
680,12.674,ANNU REV CLIN PSYCHO,10,0,1,2,1,1,2,1,0,0,0,2
681,2.645,ARCH MED RES,10,1,0,0,0,0,0,5,0,0,0,4
682,0.094,BIOL MEMBRANY,10,0,0,0,1,0,1,0,0,0,2,6
683,5.524,BIOSCIENCE,10,0,0,2,2,2,0,0,0,1,0,3
684,10.452,BLOOD,10,0,0,1,0,1,0,0,3,0,0,5
685,12.413,CELL RES,10,1,1,1,0,1,0,0,0,1,1,4
686,2.485,CHEM BIOL DRUG DES,10,0,0,0,0,0,0,0,0,0,0,10
687,3.088,CHEMBIOCHEM,10,0,2,0,0,0,0,0,1,1,0,6
688,1.114,CHILD NERV SYST,10,0,0,1,2,0,0,1,0,1,0,5
689,1.912,COGN NEUROPSYCHIATRY,10,0,2,0,0,0,1,0,0,0,1,6
690,2.542,CURR GENE THER,10,0,1,0,0,2,1,0,0,1,0,5
691,4.595,CURR OPIN PHARMACOL,10,0,0,2,0,2,0,0,1,1,0,4
692,3.825,EUR J CELL BIOL,10,0,0,1,1,2,0,0,0,2,0,4
693,4.055,EUR J NEUROL,10,0,1,2,2,0,0,1,1,0,1,2
694,5.383,EUR J NUCL MED MOL I,10,0,3,0,3,1,0,2,0,0,0,1
695,3.350,EUR J PHARM SCI,10,0,0,0,0,1,0,0,0,1,0,8
696,1.213,EUR REV MED PHARMACO,10,0,0,1,0,0,0,0,0,0,1,8
697,2.791,FOOD FUNCT,10,1,1,1,0,0,0,0,0,1,0,6
698,4.229,GENOME BIOL EVOL,10,1,0,2,0,0,0,0,1,0,1,5
699,3.795,IMMUNOLOGY,10,0,0,0,2,1,1,1,0,2,0,3
700,5.338,J BIOMED NANOTECHNOL,10,0,1,0,0,1,1,0,0,1,0,6
701,3.263,J CELL BIOCHEM,10,0,0,1,0,1,0,0,1,1,0,6
702,,J EXP CHILD PSYCHOL,10,0,0,1,0,1,0,0,1,1,0,6
703,6.063,J INTERN MED,10,0,0,0,2,0,1,1,0,0,0,6
704,3.070,J NEURO-ONCOL,10,0,1,1,1,0,0,0,2,1,0,4
705,6.160,J NUCL MED,10,0,4,0,0,0,0,0,1,0,2,3
706,3.917,J R SOC INTERFACE,10,0,0,0,1,0,1,1,1,2,0,4
707,3.628,J STEROID BIOCHEM,10,0,0,0,0,0,1,1,0,1,0,7
708,4.439,J VIROL,10,1,1,0,0,0,1,0,1,1,0,5
709,3.676,LAB INVEST,10,0,1,1,1,1,0,0,0,0,0,6
710,,METHOD PHARMACOL TOX,10,0,0,1,1,0,0,0,0,1,0,7
711,2.565,MICROCIRCULATION,10,0,0,0,0,0,1,0,1,0,1,7
712,13.281,NAT REV ENDOCRINOL,10,0,1,0,1,0,0,0,0,2,0,6
713,1.238,NEUROPHYSIOL CLIN,10,0,0,0,1,0,3,0,0,1,0,5
714,55.873,NEW ENGL J MED,10,1,1,3,1,0,0,0,2,0,0,2
715,3.521,NITRIC OXIDE-BIOL CH,10,0,0,0,0,0,1,0,0,0,0,9
716,2.311,ONCOTARGETS THER,10,0,0,0,0,0,0,0,0,0,2,8
717,2.800,ORGANOGENESIS,10,0,1,1,2,0,0,0,0,0,0,6
718,,PROCD SOC BEHV,10,0,0,1,0,0,0,0,1,1,2,5
719,1.695,PROTEIN EXPRES PURIF,10,0,0,0,0,0,0,0,0,0,0,10
720,2.854,PROTEIN SCI,10,0,0,0,0,2,1,0,2,0,0,5
721,,SCAND J PSYCHOL,10,0,2,0,0,1,1,0,1,0,1,4
722,2.768,STEM CELL REV REP,10,0,2,0,0,0,1,0,1,0,1,5
723,0.802,ACTA NEUROPSYCHIATR,9,0,0,0,1,0,1,0,3,2,1,1
724,,ADV BIOCHEM HEALTH D,9,0,0,0,0,0,0,1,0,1,0,7
725,5.467,ALTEX-ALTERN ANIM EX,9,0,1,0,0,0,0,1,0,1,0,6
726,4.235,AM J GERIAT PSYCHIAT,9,0,0,0,1,0,0,0,0,1,1,6
727,3.886,ANN MED,9,0,1,1,1,0,0,0,2,0,0,4
728,,APPL MECH MATER,9,0,0,0,0,0,0,0,0,1,0,8
729,5.980,ARCH TOXICOL,9,0,1,0,2,0,1,0,0,0,2,3
730,0.919,BIOL RHYTHM RES,9,0,0,0,0,0,0,0,0,0,1,8
731,2.646,BIOMARK MED,9,0,0,2,0,0,3,0,0,1,0,3
732,2.503,BIOMETALS,9,0,0,0,1,0,0,1,0,0,0,7
733,3.490,BIOTECHNOL J,9,0,0,0,0,2,1,1,0,0,0,5
734,2.595,BMB REP,9,0,1,0,0,0,0,1,0,0,0,7
735,1.880,BRAIN DEV-JPN,9,0,0,0,1,1,0,2,0,1,0,4
736,7.991,BRIT J PSYCHIAT,9,0,0,1,1,1,0,0,1,0,1,4
737,5.940,CARDIOVASC RES,9,0,0,0,1,0,0,1,2,0,1,4
738,,CLIN PSYCHOPHARM NEU,9,0,0,1,0,0,0,1,1,1,2,3
739,,COGNITION EMOTION,9,0,0,0,1,0,0,0,0,1,3,4
740,3.942,CURR OPIN PSYCHIATR,9,0,0,1,0,0,0,0,0,0,2,6
741,21.059,ENDOCR REV,9,0,0,0,0,0,0,0,0,1,0,8
742,0.954,EPILEPTIC DISORD,9,0,0,0,0,1,1,0,1,0,1,5
743,1.466,EUR J MED GENET,9,0,2,2,1,0,0,1,0,1,0,2
744,2.301,EUR J PAEDIATR NEURO,9,0,0,1,3,1,1,0,0,0,0,3
745,0.965,EXP ANIM TOKYO,9,0,0,2,1,0,1,0,1,0,1,3
746,,I-PERCEPTION,9,0,2,0,0,0,1,0,1,1,0,4
747,3.188,IEEE T NEUR SYS REH,9,0,0,1,0,1,1,0,2,3,0,1
748,4.762,INORG CHEM,9,0,0,1,1,0,0,1,0,0,2,4
749,,INT J BILINGUAL,9,0,0,1,0,0,0,0,0,0,0,8
750,3.756,INTEGR BIOL-UK,9,0,0,1,2,2,0,1,0,0,0,3
751,1.583,J AM ACAD AUDIOL,9,0,0,0,2,2,0,0,0,0,0,5
752,6.209,J CLIN ENDOCR METAB,9,1,0,1,2,0,0,1,0,0,0,4
753,3.184,J CLIN IMMUNOL,9,0,0,1,0,0,1,1,0,1,1,4
754,4.421,J LIPID RES,9,0,1,1,0,3,0,1,0,0,0,3
755,3.081,J MOL ENDOCRINOL,9,0,0,1,0,0,0,0,0,0,1,7
756,1.602,J MOL STRUCT,9,0,0,0,0,0,0,0,0,0,0,9
757,1.556,J NANOSCI NANOTECHNO,9,0,1,0,1,1,1,1,0,1,0,3
758,1.489,J NEUROLINGUIST,9,1,0,0,2,0,0,0,0,1,0,5
759,1.421,J PLAST RECONSTR AES,9,0,0,1,0,0,0,0,3,0,1,4
760,,LANCET PSYCHIAT,9,0,1,3,1,2,0,1,0,0,1,0
761,2.853,MAR DRUGS,9,0,0,0,0,0,0,0,0,0,0,9
762,1.303,MATH BIOSCI,9,0,0,0,1,0,0,2,1,1,0,4
763,10.238,MOL ASPECTS MED,9,0,0,0,0,0,0,0,1,0,0,8
764,0.718,MOL BIOL+,9,0,1,0,0,2,1,0,1,1,0,3
765,1.651,NEUROPATHOLOGY,9,0,3,1,3,1,0,0,0,0,0,1
766,6.841,PLANT PHYSIOL,9,0,0,0,1,0,0,0,1,1,1,5
767,10.015,PROG LIPID RES,9,0,2,0,0,0,0,1,0,0,1,5
768,2.627,PROTEINS,9,0,1,0,0,2,2,0,0,0,0,4
769,2.911,RADIAT RES,9,0,0,0,1,2,0,1,0,1,0,4
770,8.513,SLEEP MED REV,9,0,1,0,0,0,2,2,1,0,0,3
771,4.448,TISSUE ENG,9,0,1,1,1,0,1,1,0,1,0,3
772,,VIS COGN,9,0,0,0,0,0,3,0,0,0,0,6
773,2.369,WORLD J GASTROENTERO,9,0,0,1,0,1,0,0,0,0,0,7
774,0.263,YAKUGAKU ZASSHI,9,0,2,0,0,0,0,0,0,1,0,6
775,0.565,ACOUST AUST,8,0,1,1,0,0,1,0,2,1,0,2
776,2.764,ADDICT BEHAV,8,0,0,0,3,1,0,1,0,0,1,2
777,2.440,ALZ DIS ASSOC DIS,8,0,0,0,3,0,2,0,0,0,0,3
778,1.779,AM J DRUG ALCOHOL AB,8,0,0,0,0,0,2,0,2,0,1,3
779,3.798,AM J PHYSIOL-GASTR L,8,0,0,0,0,1,2,0,1,0,0,4
780,6.008,ARTERIOSCL THROM VAS,8,0,0,0,0,0,0,0,1,1,0,6
781,0.358,B EXP BIOL MED+,8,0,0,0,0,1,0,0,0,1,0,6
782,4.602,BEST PRACT RES CL EN,8,0,1,0,0,0,0,0,0,2,0,5
783,5.750,BIOMACROMOLECULES,8,0,0,0,1,0,0,0,0,0,0,7
784,1.727,BIOMOL THER,8,0,0,0,0,0,0,0,0,0,0,8
785,6.409,BIOSENS BIOELECTRON,8,0,0,0,1,0,1,0,2,0,0,4
786,4.126,BIOTECHNOL BIOENG,8,0,1,0,0,0,0,0,0,0,0,7
787,2.083,BMC MED GENET,8,0,0,1,1,0,0,0,0,1,0,5
788,23.523,CANCER CELL,8,0,0,0,1,1,1,0,2,1,1,1
789,1.680,CELL BIOCHEM BIOPHYS,8,0,0,0,0,0,0,0,0,1,0,7
790,1.603,CHINESE PHYS B,8,0,0,0,0,2,1,2,0,0,2,1
791,1.440,COGN COMPUT,8,0,0,0,1,0,0,0,2,0,1,4
792,5.064,COGNITIVE PSYCHOL,8,0,0,0,1,1,0,0,1,0,0,5
793,,COMMUN INTEGR BIOL,8,0,0,2,0,0,0,0,0,3,0,3
794,1.571,CRIT REV EUKAR GENE,8,0,0,1,1,1,0,0,0,0,0,5
795,3.510,DEV MED CHILD NEUROL,8,0,1,0,1,0,0,3,0,1,0,2
796,,DEV PSYCHOL,8,0,0,0,1,3,0,0,0,1,0,3
797,,DEV PSYCHOPATHOL,8,0,0,1,1,1,0,2,0,0,0,3
798,2.838,DRUG AGING,8,0,0,1,0,1,0,0,0,0,0,6
799,3.028,DRUG DES DEV THER,8,1,0,0,1,0,1,0,0,1,1,3
800,0.125,ELECTR COMMUN JPN,8,0,0,0,0,0,1,2,1,1,2,1
801,1.356,EUR NEUROL,8,0,0,0,2,0,0,2,0,1,1,2
802,,EXP PSYCHOL,8,0,0,0,0,0,0,0,1,2,0,5
803,2.180,EXPERT REV CLIN PHAR,8,0,0,0,0,1,1,0,1,0,1,4
804,1.568,FOLIA NEUROPATHOL,8,0,0,0,1,0,0,0,0,0,1,6
805,0.629,FORTSCHR NEUROL PSYC,8,0,0,1,0,3,0,2,0,0,1,1
806,2.976,FREE RADICAL RES,8,0,1,0,0,1,0,1,0,0,0,5
807,,FRONT NEUROL NEUROSC,8,0,0,0,1,1,0,0,0,1,0,5
808,3.744,FUTURE MED CHEM,8,2,0,0,0,2,0,0,1,0,0,3
809,2.482,IEEE T BIOMED CIRC S,8,0,0,0,0,1,0,0,0,2,2,3
810,4.291,IEEE T NEUR NET LEAR,8,0,0,0,0,0,2,0,0,2,1,3
811,5.004,INT J OBESITY,8,0,0,0,1,2,0,0,0,2,1,2
812,2.929,INTEGR COMP BIOL,8,0,2,0,1,0,0,0,1,0,0,4
813,1.228,IRAN J BASIC MED SCI,8,0,0,0,2,0,0,0,0,0,1,5
814,3.143,IUBMB LIFE,8,1,0,1,1,0,0,0,0,0,2,3
815,11.476,J ALLERGY CLIN IMMUN,8,0,0,1,0,1,0,1,2,2,0,1
816,,J ANXIETY DISORD,8,0,0,0,1,0,0,1,1,0,1,4
817,2.729,J CHROMATOGR B,8,0,0,0,0,2,1,0,0,0,0,5
818,,J CONSCIOUSNESS STUD,8,0,0,0,3,0,0,0,1,1,0,3
819,3.794,J NUTR BIOCHEM,8,0,0,0,1,0,0,2,0,0,0,5
820,1.910,J PARKINSON DIS,8,0,0,1,0,0,3,0,1,0,0,3
821,1.969,J PHYSIOL BIOCHEM,8,0,0,1,0,0,0,0,1,0,1,5
822,2.070,J SPEECH LANG HEAR R,8,0,0,0,2,1,2,1,0,0,0,2
823,1.669,J STROKE CEREBROVASC,8,0,0,0,0,1,0,3,1,0,0,3
824,4.457,LANGMUIR,8,0,1,0,0,1,0,0,1,0,0,5
825,3.249,MITOCHONDRION,8,0,0,1,0,1,0,1,0,1,1,3
826,0.799,NEUROENDOCRINOL LETT,8,0,0,1,1,1,0,0,0,0,0,5
827,2.701,NEUROMODULATION,8,0,1,0,0,1,0,0,1,1,2,2
828,2.644,NEUROPEPTIDES,8,0,2,0,0,0,0,0,0,1,0,5
829,1.440,NEUROSURG CLIN N AM,8,0,0,0,1,0,1,0,0,0,3,3
830,3.296,NICOTINE TOB RES,8,0,2,0,2,0,0,0,0,0,1,3
831,2.177,OPHTHAL PHYSL OPT,8,0,0,0,1,0,0,0,2,0,0,5
832,,PERS INDIV DIFFER,8,0,0,5,0,0,0,0,1,0,0,2
833,1.672,PHARMACOLOGY,8,0,0,1,0,0,0,0,0,0,0,7
834,3.886,PURINERG SIGNAL,8,0,0,2,0,0,0,0,0,0,0,6
835,1.833,REGUL PEPTIDES,8,0,0,2,1,0,0,0,0,1,1,3
836,3.849,SURV OPHTHALMOL,8,0,0,0,1,0,0,1,1,1,0,4
837,2.878,WORLD NEUROSURG,8,0,0,1,3,1,0,0,0,1,0,2
838,2.191,ACTA BIOCH BIOPH SIN,7,0,0,1,0,1,0,0,1,1,0,3
839,4.382,ACTA PHYSIOL,7,0,0,0,1,0,1,2,0,2,0,1
840,3.070,AGING DIS,7,0,1,1,1,0,0,1,0,1,0,2
841,6.432,AGING-US,7,0,1,0,1,0,0,0,0,1,0,4
842,2.010,AMYLOID,7,0,1,0,2,0,0,2,0,0,0,2
843,13.731,ANNU REV ENTOMOL,7,0,0,0,3,0,1,0,0,0,0,3
844,3.451,AQUAT TOXICOL,7,0,0,0,0,0,0,1,1,0,1,4
845,3.753,ARTHRITIS RES THER,7,0,0,0,0,0,1,0,0,0,0,6
846,,ARTHRITIS RHEUMATOL,7,0,0,1,1,2,1,1,0,1,0,0
847,1.062,ASIAN PAC J TROP MED,7,0,0,1,1,0,1,1,0,0,0,3
848,2.747,BBA-PROTEINS PROTEOM,7,0,1,0,0,0,0,0,0,0,0,6
849,0.050,BIOFUTUR,7,7,0,0,0,0,0,0,0,0,0,0
850,1.190,BIOL PHILOS,7,0,0,0,1,1,0,1,1,0,2,1
851,3.357,BIOMICROFLUIDICS,7,0,0,3,1,1,0,2,0,0,0,0
852,1.063,BIOSCI BIOTECH BIOCH,7,1,0,0,0,1,0,0,0,0,1,4
853,2.576,BMC BIOINFORMATICS,7,0,1,0,1,1,1,0,0,1,0,2
854,3.362,BMC CANCER,7,0,0,0,0,1,1,0,0,0,0,5
855,3.368,BMC EVOL BIOL,7,1,0,1,1,1,0,0,1,0,1,1
856,4.853,BRIT J ANAESTH,7,0,0,1,0,0,1,1,1,1,0,2
857,5.621,CANCER LETT,7,0,0,1,0,0,0,3,1,1,0,1
858,5.731,CHEM-EUR J,7,0,1,1,0,0,0,0,1,0,0,4
859,,CHILD DEV,7,0,0,0,2,0,1,0,1,0,1,2
860,8.722,CLIN CANCER RES,7,1,0,0,1,0,1,0,1,0,0,3
861,1.656,CURR OPIN SUPPORT PA,7,0,0,1,0,1,1,0,1,0,1,2
862,2.212,CURR STEM CELL RES T,7,0,0,0,0,0,0,0,0,1,0,6
863,3.437,DIFFERENTIATION,7,0,0,0,1,0,0,0,0,0,0,6
864,3.626,DISCOV MED,7,0,2,0,1,0,0,0,0,0,0,4
865,0.767,DRUG DEVELOP RES,7,0,0,0,3,0,0,1,0,0,0,3
866,,EDUC PSYCHOL REV,7,0,0,1,1,0,0,1,1,0,1,2
867,4.373,ENVIRON RES,7,0,0,1,0,1,1,0,0,0,1,3
868,2.716,EVOL DEV,7,0,0,0,0,0,0,0,0,0,2,5
869,3.446,EXP MOL MED,7,0,0,0,0,0,0,0,0,0,1,6
870,2.895,FOOD CHEM TOXICOL,7,0,0,0,0,1,0,0,1,0,0,5
871,1.173,GEN PHYSIOL BIOPHYS,7,0,0,0,0,0,0,1,0,0,0,6
872,1.727,HARVARD REV PSYCHIAT,7,0,2,1,1,2,0,0,0,0,0,1
873,1.747,HUM EXP TOXICOL,7,0,0,0,0,0,2,0,1,0,0,4
874,6.499,HYPERTENSION,7,0,2,0,1,0,1,0,1,0,1,1
875,0.386,IDEGGYOGY SZEMLE,7,0,0,0,1,0,0,2,0,0,0,4
876,1.478,IEEE T AUTON MENT DE,7,0,0,0,0,0,1,1,1,0,1,3
877,1.982,IEEE T HUM-MACH SYST,7,0,0,0,1,0,3,1,2,0,0,0
878,1.903,INT J DEV BIOL,7,0,0,0,1,0,0,0,0,0,1,5
879,1.934,INT PSYCHOGERIATR,7,0,0,2,0,0,0,0,0,2,0,3
880,2.630,INTERFACE FOCUS,7,0,3,1,0,0,0,0,1,0,1,1
881,,J COGN PSYCHOL,7,0,1,0,0,1,0,1,0,0,0,4
882,7.705,J CONTROL RELEASE,7,1,3,0,1,0,0,0,0,0,0,2
883,,J COUNS PSYCHOL,7,0,0,3,0,2,0,1,0,1,0,0
884,,J ECON BEHAV ORGAN,7,0,0,1,1,0,1,1,0,0,1,2
885,0.371,J EVOL BIOCHEM PHYS+,7,0,0,0,0,0,0,0,1,0,1,5
886,1.025,J INSECT SCI,7,0,0,0,0,0,0,0,0,0,1,6
887,2.963,J INT NEUROPSYCH SOC,7,0,0,0,1,2,0,0,0,1,1,2
888,2.000,J INTERF CYTOK RES,7,0,0,0,0,0,1,0,0,0,0,6
889,7.216,J INVEST DERMATOL,7,0,0,1,0,0,0,0,0,1,0,5
890,2.151,J MOL RECOGNIT,7,0,0,1,0,1,0,0,0,0,0,5
891,1.899,J PHYSIOL SCI,7,0,0,0,1,1,0,0,0,1,0,4
892,9.600,J PINEAL RES,7,0,0,0,1,0,0,0,0,0,0,6
893,2.736,J PSYCHOSOM RES,7,0,0,0,1,0,0,3,0,0,1,2
894,3.318,JAMA OPHTHALMOL,7,0,0,1,0,1,0,0,0,1,0,4
895,,JPN PSYCHOL RES,7,0,0,0,1,0,0,0,0,0,0,6
896,0.840,MATH BIOSCI ENG,7,0,0,0,2,1,0,0,0,0,1,3
897,5.074,MATRIX BIOL,7,0,3,0,0,0,0,0,0,1,0,3
898,3.654,MED IMAGE ANAL,7,0,0,0,1,0,0,0,1,2,0,3
899,2.625,MOL GENET METAB,7,0,0,0,0,1,0,1,1,0,0,4
900,7.394,NANOSCALE,7,0,0,1,0,0,0,2,0,0,0,4
901,4.252,NEOPLASIA,7,0,0,0,0,1,0,1,0,0,0,5
902,0.787,NERVENARZT,7,0,1,1,1,1,0,0,0,1,1,1
903,4.373,NEUROENDOCRINOLOGY,7,1,0,1,0,0,1,1,0,1,0,2
904,1.439,NEUROL RES,7,0,0,0,1,0,0,0,0,0,0,6
905,3.558,NEW J PHYS,7,0,0,1,0,0,1,0,0,1,1,3
906,1.177,OBES RES CLIN PRACT,7,0,0,0,1,0,0,0,0,0,1,5
907,2.301,ONCOL REP,7,0,0,1,0,0,0,1,0,0,1,4
908,2.856,PEDIATR NEPHROL,7,0,0,0,0,0,0,0,0,0,0,7
909,2.314,PEDIATR RES,7,0,0,0,0,2,1,0,0,0,0,4
910,3.218,PHARMACOGENOMICS,7,0,1,2,1,0,0,1,0,0,2,0
911,2.536,PHYS BIOL,7,0,0,1,1,1,0,0,0,0,0,4
912,7.512,PHYS REV LETT,7,0,0,1,2,1,0,0,0,0,0,3
913,4.446,PLOS NEGLECT TROP D,7,0,0,0,1,0,0,0,0,0,0,6
914,0.573,POSTEP HIG MED DOSW,7,0,0,1,0,1,2,1,0,1,0,1
915,1.698,POSTGRAD MED,7,0,0,1,0,0,0,1,0,1,2,2
916,,RES AUTISM SPECT DIS,7,0,1,0,0,1,0,0,1,2,0,2
917,8.368,SMALL,7,0,0,0,1,1,0,0,0,0,0,5
918,0.641,SOMATOSENS MOT RES,7,0,0,0,0,2,0,0,0,0,1,4
919,0.739,SYNTHESE,7,0,0,0,0,2,1,1,1,1,0,1
920,14.225,WORLD PSYCHIATRY,7,0,0,1,0,3,1,0,0,0,0,2
921,1.946,ZEBRAFISH,7,0,1,0,0,0,0,1,1,0,0,4
922,3.248,AM J PHYSIOL-RENAL,6,0,2,0,0,0,0,0,0,0,0,4
923,3.985,AM J RESP CELL MOL,6,0,0,0,1,0,0,0,2,1,0,2
924,4.107,ANALYST,6,0,0,1,1,0,0,0,0,1,0,3
925,1.483,ANN ANAT,6,0,0,1,0,0,0,0,0,0,0,5
926,2.469,ANTI-CANCER AGENT ME,6,0,0,0,0,0,0,0,0,2,0,4
927,,APPL PSYCHOLINGUIST,6,0,0,2,0,0,0,0,0,0,0,4
928,,AUTISM,6,0,0,0,2,2,0,1,0,0,1,0
929,,BEHAV RES METHODS,6,0,0,1,0,0,0,0,0,0,1,4
930,4.837,BIOL SEX DIFFER,6,0,1,0,1,1,0,1,0,0,1,1
931,0.300,BIOTECHNOL BIOTEC EQ,6,0,0,0,0,0,0,1,0,1,0,4
932,2.873,BMC MED GENOMICS,6,0,1,1,2,0,0,0,0,1,0,1
933,2.271,BMJ OPEN,6,0,0,0,0,1,0,0,0,0,0,5
934,1.808,BRAIN INJURY,6,0,0,1,1,0,0,0,0,0,1,3
935,12.328,CELL HOST MICROBE,6,0,0,0,0,0,1,2,0,0,0,3
936,3.419,CHEMPHYSCHEM,6,0,0,2,1,1,0,2,0,0,0,0
937,1.053,CHINESE MED J-PEKING,6,0,0,0,0,2,0,0,0,0,1,3
938,7.903,CLIN PHARMACOL THER,6,0,0,0,1,0,0,2,1,1,0,1
939,6.035,COCHRANE DB SYST REV,6,0,0,1,0,1,0,1,0,0,0,3
940,,COMPUT HUM BEHAV,6,0,0,1,0,0,1,0,0,2,0,2
941,0.596,COMPUT INTEL NEUROSC,6,0,0,1,0,0,1,1,0,0,0,3
942,3.692,CRIT REV CL LAB SCI,6,0,2,3,1,0,0,0,0,0,0,0
943,,CURR DIR PSYCHOL SCI,6,0,1,0,1,0,1,0,1,0,1,1
944,1.639,CURR EYE RES,6,0,0,1,0,1,1,0,0,0,0,3
945,2.815,DEV COMP IMMUNOL,6,0,0,0,0,0,1,0,3,0,0,2
946,1.631,DOC OPHTHALMOL,6,0,0,1,1,0,0,0,0,1,0,3
947,,ETHICS,6,0,0,0,0,2,0,0,0,1,0,3
948,3.525,EUR ARCH PSY CLIN N,6,0,0,0,0,0,0,0,0,0,2,4
949,2.712,EXP CLIN PSYCHOPHARM,6,0,0,0,1,0,1,0,0,0,1,3
950,2.484,EXPERT REV CLIN IMMU,6,0,1,2,0,0,0,0,0,0,0,3
951,2.779,FOOD QUAL PREFER,6,0,0,0,0,0,0,0,0,0,2,4
952,2.192,HUM PSYCHOPHARM CLIN,6,0,0,1,0,0,0,1,1,0,0,3
953,10.165,HUM REPROD UPDATE,6,0,0,0,2,0,0,0,1,0,0,3
954,2.366,HUM VACC IMMUNOTHER,6,0,0,0,1,0,0,0,0,0,1,4
955,2.144,INSECT SCI,6,0,0,0,0,1,2,2,1,0,0,0
956,2.866,INT J GERIATR PSYCH,6,0,2,0,0,1,1,0,1,1,0,0
957,3.872,INT J PARASITOL,6,0,0,0,0,1,0,0,0,0,0,5
958,2.982,J APPL TOXICOL,6,0,0,0,1,0,0,0,0,0,0,5
959,3.053,J CLIN SLEEP MED,6,0,0,0,0,0,0,0,0,0,0,6
960,2.164,J DIABETES RES,6,0,0,1,0,0,0,0,0,1,1,3
961,5.526,J EXP BOT,6,0,0,0,0,0,0,0,1,0,0,5
962,1.949,J EXP PSYCHOL-ANIM L,6,0,0,0,0,1,0,1,1,0,1,2
963,,J EXP SOC PSYCHOL,6,0,0,0,0,2,0,0,0,0,0,4
964,1.968,J FORMOS MED ASSOC,6,0,0,1,2,1,0,0,1,1,0,0
965,3.183,J GEN VIROL,6,0,0,1,0,0,0,0,0,0,0,5
966,5.107,J MOL MED,6,0,0,0,1,1,0,0,0,0,1,3
967,0.105,J NEUROL SCI-TURK,6,0,1,0,0,0,0,0,0,1,0,4
968,7.429,J PATHOL,6,0,0,1,0,0,0,0,1,0,0,4
969,3.790,J PEDIATR-US,6,0,0,1,1,0,0,1,0,0,1,2
970,2.144,LARYNGOSCOPE,6,0,0,0,0,0,0,0,1,1,0,4
971,2.090,MAGN RESON IMAGING,6,0,0,0,0,0,1,1,0,0,0,4
972,1.421,METHOD CELL BIOL,6,0,0,1,0,1,0,0,1,1,0,2
973,4.380,MOL CANCER RES,6,0,0,0,1,0,0,0,2,0,0,3
974,2.973,MOL IMMUNOL,6,0,0,1,0,0,0,1,0,0,0,4
975,4.822,MULT SCLER J,6,0,1,0,0,2,0,0,0,0,0,3
976,41.514,NAT BIOTECHNOL,6,1,2,1,1,0,0,1,0,0,0,0
977,1.527,NEUROIMAG CLIN N AM,6,0,0,1,1,0,0,0,2,2,0,0
978,2.638,NEUROMUSCULAR DISORD,6,0,0,1,0,0,0,1,0,0,0,4
979,3.033,NUCLEUS-PHILA,6,0,1,0,0,0,3,1,0,0,0,1
980,1.554,ONCOL LETT,6,0,0,0,1,0,0,0,0,0,0,5
981,2.339,PAIN MED,6,0,0,1,0,0,0,1,0,1,0,3
982,0.514,PALEONTOL J+,6,0,0,3,1,0,0,1,0,0,0,1
983,9.043,PHYS REV X,6,0,0,0,0,1,1,0,0,0,0,4
984,,PSYCHIAT ANN,6,0,1,0,0,0,0,3,0,0,2,0
985,0.733,PSYCHIATR POL,6,0,1,2,0,1,0,0,0,1,1,0
986,3.227,REPROD TOXICOL,6,0,0,0,0,0,0,0,0,0,3,3
987,0.723,RIV PSICHIATR,6,0,0,0,0,0,0,0,0,0,1,5
988,,SALUD MENT,6,0,0,0,0,0,0,0,0,0,0,6
989,2.537,SOC PSYCH PSYCH EPID,6,0,1,0,0,1,1,1,1,0,1,0
990,2.297,SPINE,6,0,0,0,1,0,0,0,0,1,0,4
991,5.038,SPORTS MED,6,0,0,0,0,0,0,0,2,0,1,3
992,3.321,VIROLOGY,6,0,0,1,0,0,0,1,0,0,1,3
993,3.353,VIRUSES-BASEL,6,0,0,1,0,0,0,0,1,1,0,3
994,1.670,ZOOLOGY,6,0,0,0,0,0,0,0,1,2,1,2
995,,AAPS ADV PHARM SCI,5,0,2,1,0,0,0,1,0,0,0,1
996,5.321,ADV CANCER RES,5,0,0,0,0,0,0,0,1,0,1,3
997,11.805,ADV FUNCT MATER,5,0,1,0,1,0,0,0,1,0,1,1
998,17.493,ADV MATER,5,0,0,1,0,0,0,1,0,1,0,2
999,5.386,ADV NUTR,5,0,0,0,2,0,3,0,0,0,0,0
1000,,AGING NEUROPSYCHOL C,5,0,0,0,0,0,0,0,0,0,0,5
1001,2.889,ALCOHOL ALCOHOLISM,5,0,0,2,0,1,0,0,0,0,0,2
1002,1.627,AM J ALZHEIMERS DIS,5,0,0,0,0,0,1,0,0,0,0,4
1003,3.402,AM J TRANSL RES,5,0,0,0,2,0,0,0,1,0,0,2
1004,1.335,AM J VET RES,5,0,0,0,0,0,0,0,0,0,0,5
1005,0.504,AN PSICOL-SPAIN,5,0,0,0,0,0,0,0,0,1,0,4
1006,2.219,ANAL BIOCHEM,5,0,0,1,0,0,0,0,0,0,0,4
1007,3.195,ANN BIOMED ENG,5,0,1,0,1,1,0,0,0,0,0,2
1008,39.327,ANNU REV IMMUNOL,5,0,1,1,0,0,0,0,0,0,0,3
1009,2.046,ARCH PHARM RES,5,0,0,0,0,0,0,0,0,0,0,5
1010,3.407,AUST NZ J PSYCHIAT,5,0,1,1,0,0,1,0,0,0,2,0
1011,1.230,BEHAVIOUR,5,0,0,0,0,2,1,0,1,0,0,1
1012,0.646,BIOCYBERN BIOMED ENG,5,0,0,1,2,0,0,1,0,1,0,0
1013,2.024,BIODATA MIN,5,1,0,0,1,1,0,1,1,0,0,0
1014,4.592,BIOFACTORS,5,0,0,0,1,0,0,0,0,0,2,2
1015,1.748,BIOL TRACE ELEM RES,5,0,0,0,0,0,2,0,0,0,0,3
1016,1.419,BIOMED SIGNAL PROCES,5,1,0,1,0,0,0,1,0,0,0,2
1017,0.593,BIOSEMIOTICS-NETH,5,0,0,0,0,0,0,0,0,2,0,3
1018,1.310,BONE RES,5,0,0,0,0,0,1,0,1,0,0,3
1019,,BRIT J PSYCHOL,5,0,0,0,2,0,0,1,0,1,0,1
1020,1.788,CELL REPROGRAM,5,0,2,1,0,1,0,0,0,0,0,1
1021,0.165,CESK SLOV NEUROL N,5,0,0,0,2,0,0,0,1,0,1,1
1022,1.448,CHAOS SOLITON FRACT,5,0,0,0,0,1,0,2,0,0,0,2
1023,4.602,CHROMOSOMA,5,0,0,0,0,0,0,0,1,0,0,4
1024,2.301,COMP BIOCHEM PHYS C,5,0,0,0,1,1,0,0,0,1,0,2
1025,3.522,CURR CANCER DRUG TAR,5,0,0,0,0,2,0,1,0,0,0,2
1026,2.342,CURR GENOMICS,5,0,2,0,0,0,0,0,0,0,0,3
1027,2.653,CURR MED RES OPIN,5,0,1,0,1,0,0,0,0,0,1,2
1028,7.201,CURR OPIN STRUC BIOL,5,0,1,0,0,0,0,0,0,0,0,4
1029,2.250,CURR PAIN HEADACHE R,5,0,0,2,0,0,1,0,1,0,0,1
1030,3.295,CURR TOP MEMBR,5,0,0,0,1,1,0,0,1,0,0,2
1031,1.944,CURR TREAT OPTION NE,5,1,2,0,2,0,0,0,0,0,0,0
1032,2.966,CURR VASC PHARMACOL,5,0,0,0,0,0,1,0,0,0,0,4
1033,,DEV OPHTHALMOL,5,0,0,1,0,1,1,0,0,0,0,2
1034,6.360,DIABETES OBES METAB,5,0,0,0,1,0,0,0,0,1,0,3
1035,2.084,ENVIRON TOXICOL PHAR,5,0,0,0,0,0,0,0,0,0,1,4
1036,2.844,ESSAYS BIOCHEM,5,0,0,0,0,0,0,0,0,0,0,5
1037,2.066,EUR SPINE J,5,0,0,0,0,0,1,0,0,3,0,1
1038,3.034,EVODEVO,5,0,0,0,0,0,0,1,0,0,0,4
1039,0.857,EXCLI J,5,0,1,0,0,1,0,0,0,2,0,1
1040,1.622,FISH PHYSIOL BIOCHEM,5,0,0,0,0,0,0,0,0,0,0,5
1041,3.948,FRONT PLANT SCI,5,0,0,1,0,0,1,0,0,0,1,2
1042,3.051,FRONT ZOOL,5,0,0,1,0,0,0,0,1,1,1,1
1043,,IEEE INT SYMP CIRC S,5,0,0,1,0,0,0,0,0,0,0,4
1044,3.390,IEEE T MED IMAGING,5,0,0,0,0,0,1,0,0,1,0,3
1045,,INSECTS,5,1,0,0,1,0,0,0,0,0,0,3
1046,5.085,INT J CANCER,5,0,0,0,0,0,0,0,0,0,2,3
1047,3.759,INT J METH PSYCH RES,5,0,0,2,1,1,0,0,0,1,0,0
1048,1.186,INT J PEDIATR OTORHI,5,0,0,0,0,0,0,1,1,0,0,3
1049,1.061,INT NEUROUROL J,5,1,2,0,0,0,0,0,0,0,0,2
1050,2.912,J AGR FOOD CHEM,5,0,0,0,2,0,0,0,0,0,0,3
1051,2.108,J ANIM SCI,5,0,0,0,1,0,0,0,0,3,0,1
1052,3.779,J ATTEN DISORD,5,0,0,0,0,0,0,0,1,1,0,3
1053,3.369,J BIOMED MATER RES A,5,0,0,0,0,0,1,0,0,1,2,1
1054,2.919,J BIOMOL STRUCT DYN,5,0,0,0,0,1,0,0,1,0,2,1
1055,3.738,J CHEM INF MODEL,5,0,1,0,0,0,0,0,0,0,0,4
1056,,J COGN DEV,5,0,0,0,1,0,0,1,2,0,0,1
1057,,J CONSUM BEHAV,5,0,0,0,0,0,0,2,1,0,0,2
1058,2.252,J DERMATOL,5,0,1,0,0,4,0,0,0,0,0,0
1059,2.741,J DRUG TARGET,5,0,0,1,0,0,2,1,0,0,0,1
1060,3.210,J MAGN RESON IMAGING,5,0,0,0,0,1,1,0,0,1,0,2
1061,2.062,J MANAGE INFORM SYST,5,0,0,0,0,0,0,1,2,1,1,0
1062,1.734,J NEUROIMAGING,5,0,0,0,0,0,0,0,1,1,0,3
1063,2.595,J NEUROVIROL,5,0,0,0,0,0,1,0,0,1,0,3
1064,1.182,J OBSESS-COMPULS REL,5,2,0,0,0,1,0,0,0,0,0,2
1065,1.546,J PEPT SCI,5,0,0,0,0,0,0,0,0,0,0,5
1066,2.758,J PERIPHER NERV SYST,5,0,1,1,0,0,0,0,0,1,0,2
1067,1.590,J PSYCHOPHYSIOL,5,0,0,0,0,0,0,0,0,0,0,5
1068,2.277,J RECEPT SIG TRANSD,5,0,0,0,0,0,0,0,0,2,0,3
1069,2.404,J STAT MECH-THEORY E,5,0,1,1,0,1,0,0,0,0,0,2
1070,,J THEOR POLIT,5,0,0,0,0,0,0,0,1,1,1,2
1071,8.563,KIDNEY INT,5,0,0,0,0,0,0,1,1,0,1,2
1072,,LANG SCI,5,1,0,0,1,0,1,0,1,1,0,0
1073,3.068,MAMM GENOME,5,0,0,0,0,1,0,0,0,1,0,3
1074,2.942,MATURITAS,5,2,0,0,0,0,1,1,1,0,0,0
1075,1.402,MED CHEM RES,5,0,0,0,0,0,0,0,0,0,0,5
1076,5.723,MEDICINE,5,0,0,0,0,0,0,0,0,0,1,4
1077,,MEMORY,5,0,0,1,0,1,0,0,0,0,0,3
1078,3.855,METABOLOMICS,5,0,0,0,0,2,0,0,0,0,0,3
1079,2.126,MICROVASC RES,5,0,0,0,1,0,0,1,0,0,0,3
1080,2.903,MINI-REV MED CHEM,5,0,0,0,0,0,0,1,0,0,0,4
1081,1.876,MOL BIOTECHNOL,5,0,0,1,1,0,0,0,0,1,0,2
1082,2.891,MOL DIAGN THER,5,0,1,0,0,1,0,0,1,0,1,1
1083,6.494,MOL ECOL,5,0,0,0,0,0,0,1,1,0,0,3
1084,2.728,MOL GENET GENOMICS,5,0,0,1,1,0,0,0,0,0,1,2
1085,4.508,MOL MED,5,0,0,0,0,0,1,0,1,1,0,2
1086,,MOTIV EMOTION,5,0,0,0,1,0,1,1,0,0,1,1
1087,2.471,N-S ARCH PHARMACOL,5,0,0,2,0,0,0,1,0,0,0,2
1088,5.413,NANOMEDICINE-UK,5,0,0,0,0,0,0,1,0,0,0,4
1089,12.610,NAT REV GASTRO HEPAT,5,0,0,0,0,0,0,0,1,1,0,3
1090,1.311,NEUROETHICS-NETH,5,0,0,1,1,0,0,0,0,0,0,3
1091,1.395,NEUROL CLIN,5,0,1,0,0,1,0,0,0,0,0,3
1092,1.232,NEUROL INDIA,5,0,1,0,2,1,0,0,0,1,0,0
1093,2.762,NEUROTOXICOL TERATOL,5,0,0,1,0,0,0,0,0,0,0,4
1094,2.929,NUCLEIC ACID THER,5,0,0,3,1,0,1,0,0,0,0,0
1095,2.597,NUTR J,5,0,0,2,0,0,0,1,0,0,0,2
1096,1.455,OPHTHALMIC GENET,5,0,0,0,1,0,0,0,1,0,0,3
1097,2.361,PAIN PRACT,5,0,0,1,0,0,1,0,2,0,0,1
1098,,PHENOMENOL COGN SCI,5,0,0,0,1,0,0,0,2,0,0,2
1099,1.732,PHYSICA A,5,0,0,0,0,0,1,0,1,0,0,3
1100,1.808,PHYSIOL MEAS,5,0,0,1,1,0,0,0,1,0,0,2
1101,2.274,PROG BIOPHYS MOL BIO,5,0,0,0,2,1,1,0,0,0,0,1
1102,,PROG MED CHEM,5,0,0,0,0,1,0,1,0,0,0,3
1103,1.280,PSYCHIAT INVEST,5,0,0,1,0,0,1,0,1,1,0,1
1104,1.765,REV BRAS PSIQUIATR,5,0,0,0,0,0,0,2,0,0,1,2
1105,,REV GEN PSYCHOL,5,0,0,0,0,1,0,2,0,0,0,2
1106,5.170,SEMIN IMMUNOL,5,0,1,0,0,0,1,0,0,1,0,2
1107,4.097,SENSOR ACTUAT B-CHEM,5,0,0,0,0,1,0,0,0,0,0,4
1108,1.439,SIAM J APPL DYN SYST,5,0,0,0,0,0,0,1,2,1,0,1
1109,2.639,STEROIDS,5,0,0,0,0,1,1,1,0,0,0,2
1110,1.798,THERIOGENOLOGY,5,0,0,0,0,0,0,0,0,0,0,5
1111,,THINK REASONING,5,0,0,0,0,2,0,0,0,0,0,3
1112,1.088,TISSUE ENG REGEN MED,5,0,0,0,0,0,0,0,0,1,1,3
1113,10.399,TRENDS IMMUNOL,5,0,1,0,0,2,1,0,0,0,0,1
1114,,2 WORLD C RES PERS,4,0,1,0,0,0,0,2,0,0,1,0
1115,22.323,ACCOUNTS CHEM RES,4,0,0,0,0,0,0,1,0,0,0,3
1116,2.680,ACTA CRYSTALLOGR D,4,0,0,1,1,0,0,0,0,0,1,1
1117,0.734,ACTA PHYSIOL HUNG,4,0,0,0,0,0,0,0,0,0,0,4
1118,5.605,ACTA PSYCHIAT SCAND,4,0,0,0,0,1,0,1,0,1,0,1
1119,17.000,ADV ANAT EMBRYOL CEL,4,0,0,0,0,0,0,0,0,0,0,4
1120,5.797,ADV HEALTHC MATER,4,0,0,1,0,0,0,0,0,0,0,3
1121,1.280,AM J AUDIOL,4,0,0,0,0,0,0,0,0,0,0,4
1122,4.080,AM J PHYSIOL-LUNG C,4,0,0,0,0,0,0,0,0,0,1,3
1123,,AM J PSYCHOL,4,0,0,0,1,0,0,0,0,0,1,2
1124,3.436,ANAL BIOANAL CHEM,4,0,0,0,0,1,0,0,0,0,0,3
1125,1.394,ANAL SCI,4,0,0,0,0,0,0,0,0,0,0,4
1126,0.440,ANIM CELLS SYST,4,0,0,0,0,0,0,0,0,1,0,3
1127,0.841,ANN FR ANESTH,4,0,0,0,1,0,0,0,1,0,1,1
1128,1.400,ANN GEN PSYCHIATR,4,0,0,0,2,0,0,0,0,0,0,2
1129,1.356,ANNU REP MED CHEM,4,0,0,0,0,0,0,1,1,0,0,2
1130,15.724,ANNU REV GENET,4,1,0,0,0,0,1,1,0,0,0,1
1131,12.928,ANNU REV MED,4,0,0,0,1,1,0,0,0,0,0,2
1132,1.826,ANTICANCER RES,4,0,0,0,0,0,0,0,0,0,0,4
1133,,ARCH SEX BEHAV,4,0,0,0,0,0,0,0,0,0,0,4
1134,1.135,AURIS NASUS LARYNX,4,0,1,0,0,1,0,0,0,0,0,2
1135,1.562,AUTON NEUROSCI-BASIC,4,0,0,0,0,1,0,1,0,0,0,2
1136,2.377,BASIC CLIN PHARMACOL,4,0,1,0,0,0,0,0,0,0,0,3
1137,3.210,BEHAV GENET,4,0,0,0,0,0,0,0,0,0,0,4
1138,1.091,BIO-MED MATER ENG,4,0,0,0,0,2,1,1,0,0,0,0
1139,,BIODEMOGR SOC BIOL,4,2,0,0,0,1,0,1,0,0,0,0
1140,2.354,BIOINSPIR BIOMIM,4,0,0,0,1,0,0,0,0,0,0,3
1141,3.506,BIOL CELL,4,0,0,1,0,0,0,1,0,0,0,2
1142,4.658,BIOL DIRECT,4,0,1,2,0,0,0,0,0,0,0,1
1143,3.248,BIOL LETTERS,4,0,0,1,0,1,0,0,1,0,0,1
1144,1.458,BIOMED ENG-BIOMED TE,4,0,0,0,0,0,1,1,0,0,0,2
1145,2.023,BIOMED PHARMACOTHER,4,0,1,0,0,1,0,0,0,0,0,2
1146,2.385,BIOPOLYMERS,4,0,0,0,1,0,0,0,0,0,0,3
1147,1.663,BIOSCI TRENDS,4,0,0,0,0,0,0,0,1,0,0,3
1148,2.435,BMC SYST BIOL,4,0,0,0,0,0,0,0,0,1,0,3
1149,4.836,BRIT J CANCER,4,0,0,0,0,0,0,0,0,1,0,3
1150,2.976,BRIT J OPHTHALMOL,4,0,0,0,0,0,0,0,0,0,0,4
1151,2.551,CAN J PSYCHIAT,4,0,0,1,0,0,0,1,0,0,2,0
1152,2.005,CELL BIOCHEM FUNCT,4,0,0,0,0,0,0,0,1,0,0,3
1153,2.577,CHEM-BIOL INTERACT,4,0,0,2,0,0,0,0,0,0,0,2
1154,3.340,CHEMOSPHERE,4,0,0,0,0,0,0,2,0,0,1,1
1155,15.073,CIRCULATION,4,0,0,0,0,1,0,0,0,0,0,3
1156,2.441,CLIN PERINATOL,4,0,0,0,0,0,0,0,1,1,0,2
1157,5.598,CLIN SCI,4,0,0,0,0,0,1,1,0,0,1,1
1158,,COGN PROCESS,4,0,0,1,0,0,0,1,0,0,0,2
1159,2.866,COMMUN NONLINEAR SCI,4,0,0,0,0,0,0,0,0,0,2,2
1160,0.742,COMPARATIVE MED,4,0,0,0,0,0,1,0,2,0,0,1
1161,1.240,COMPUT BIOL MED,4,0,0,0,0,1,0,0,0,1,0,2
1162,2.556,COMPUT EDUC,4,0,1,0,0,0,2,0,0,0,0,1
1163,1.897,COMPUT METH PROG BIO,4,0,0,0,0,0,0,1,0,1,1,1
1164,12.239,COORDIN CHEM REV,4,0,0,0,0,0,0,0,0,1,0,3
1165,6.312,CRIT CARE MED,4,0,0,0,0,1,0,0,2,0,0,1
1166,1.305,CROAT MED J,4,0,0,0,2,1,0,0,0,0,0,1
1167,3.021,CURR DRUG TARGETS,4,0,0,0,0,1,0,1,0,0,0,2
1168,2.617,CURR OPIN CRIT CARE,4,0,0,2,1,0,0,0,0,1,0,0
1169,,CURR TOP NEUROTOX,4,0,0,0,0,2,0,0,0,0,0,2
1170,2.441,DEV GENES EVOL,4,0,1,0,0,0,0,0,0,0,0,3
1171,2.241,DEV NEUROPSYCHOL,4,0,0,0,0,1,0,0,0,0,0,3
1172,,DEV REV,4,0,0,1,0,0,0,0,0,0,0,3
1173,8.420,DIABETES CARE,4,0,1,0,0,0,0,0,0,2,0,1
1174,2.181,DIGEST DIS,4,0,0,1,0,3,0,0,0,0,0,0
1175,2.762,ECOTOX ENVIRON SAFE,4,0,0,0,0,1,0,0,1,0,0,2
1176,1.502,ENTROPY-SWITZ,4,0,0,1,0,1,0,1,0,0,0,1
1177,5.330,ENVIRON SCI TECHNOL,4,0,0,0,0,0,0,0,0,0,0,4
1178,4.034,EUR J IMMUNOL,4,0,0,0,2,0,0,0,0,0,0,2
1179,1.550,EUR J SPORT SCI,4,0,0,0,0,0,0,1,0,0,1,2
1180,2.706,EXP MOL PATHOL,4,0,0,1,0,0,0,0,0,1,0,2
1181,2.082,EYE,4,0,0,1,0,0,0,0,0,0,0,3
1182,1.515,FEBS OPEN BIO,4,0,0,2,0,0,1,0,0,0,0,1
1183,4.590,FERTIL STERIL,4,0,0,0,1,1,0,1,1,0,0,0
1184,2.345,FITOTERAPIA,4,0,0,0,0,1,0,1,0,0,0,2
1185,4.828,FUNCT ECOL,4,0,0,0,1,0,0,0,0,0,0,3
1186,2.121,FUND CLIN PHARMACOL,4,0,0,0,0,1,0,0,0,0,0,3
1187,16.716,GASTROENTEROLOGY,4,0,0,0,0,0,0,0,1,0,0,3
1188,7.329,GENET MED,4,0,0,0,0,0,0,0,0,0,0,4
1189,1.464,GENET TEST MOL BIOMA,4,0,0,1,1,0,0,0,0,0,0,2
1190,3.386,GROWTH FACTORS,4,0,0,0,0,0,0,2,0,0,0,2
1191,14.660,GUT,4,0,0,0,1,0,0,0,0,0,0,3
1192,1.118,HEREDITAS,4,0,0,0,0,0,0,0,0,0,0,4
1193,0.580,HNO,4,0,0,1,1,2,0,0,0,0,0,0
1194,1.694,HUM FACTORS,4,0,0,1,0,0,0,1,1,0,0,1
1195,21.561,IMMUNITY,4,0,1,0,0,0,0,0,0,1,0,2
1196,2.070,IMMUNOTHERAPY-UK,4,0,1,0,0,0,0,1,0,0,1,1
1197,1.145,IN VITRO CELL DEV-AN,4,0,0,0,0,0,1,0,0,0,0,3
1198,0.871,INDIAN J BIOCHEM BIO,4,0,0,0,0,0,0,0,0,0,0,4
1199,,INT CONF ACOUST SPEE,4,0,0,0,0,0,0,1,0,0,2,1
1200,1.078,INT J BIFURCAT CHAOS,4,0,0,1,1,0,0,0,1,0,0,1
1201,3.126,INT J EAT DISORDER,4,0,0,0,1,0,0,0,0,0,0,3
1202,9.176,INT J EPIDEMIOL,4,0,1,2,1,0,0,0,0,0,0,0
1203,1.301,INT J IMAG SYST TECH,4,0,0,0,0,2,0,0,0,0,0,2
1204,2.003,INT J MED SCI,4,0,0,0,0,0,0,0,0,0,0,4
1205,3.025,INT J ONCOL,4,0,0,0,0,0,0,0,0,0,0,4
1206,1.687,INT J RADIAT BIOL,4,0,0,0,1,1,0,1,0,0,0,1
1207,,INT J SCI MATH EDUC,4,0,0,0,0,1,0,0,0,0,0,3
1208,1.003,J AAPOS,4,0,0,0,1,0,0,0,0,0,1,2
1209,,J ANAL PSYCHOL,4,0,3,0,0,0,0,0,0,1,0,0
1210,,J BEHAV DECIS MAKING,4,0,0,0,0,1,0,0,1,0,0,2
1211,6.832,J BONE MINER RES,4,0,0,0,0,0,0,0,0,0,0,4
1212,1.429,J CLIN NEUROPHYSIOL,4,0,0,0,1,0,1,0,0,0,0,2
1213,3.243,J CLIN PSYCHOPHARM,4,0,1,1,0,0,1,0,0,0,0,1
1214,,J CONSUM RES,4,0,0,0,0,0,0,0,1,0,0,3
1215,0.678,J CRANIOFAC SURG,4,0,0,1,0,0,0,1,0,0,1,1
1216,1.932,J DIABETES,4,0,0,0,0,0,0,0,0,0,0,4
1217,3.213,J GERONTOL B-PSYCHOL,4,0,0,0,0,1,0,0,0,1,1,1
1218,2.920,J HEAD TRAUMA REHAB,4,0,0,0,0,0,0,0,0,1,0,3
1219,2.801,J HEADACHE PAIN,4,0,0,2,0,0,0,2,0,0,0,0
1220,0.834,J HUAZHONG U SCI-MED,4,0,0,0,0,1,1,0,0,0,0,2
1221,3.733,J HUM EVOL,4,0,0,1,0,1,0,0,0,0,1,1
1222,4.720,J HYPERTENS,4,0,0,0,0,1,0,0,2,0,0,1
1223,,J IMMUNOL RES,4,0,0,0,0,0,1,0,1,0,0,2
1224,3.444,J INORG BIOCHEM,4,0,0,0,0,0,0,2,0,0,0,2
1225,1.266,J KOREAN MED SCI,4,0,0,0,1,0,0,1,0,0,0,2
1226,2.587,J MATER SCI-MATER M,4,0,0,1,0,0,0,0,0,0,0,3
1227,1.815,J MOL HISTOL,4,0,0,0,1,0,0,0,1,0,0,2
1228,,J MUSIC THER,4,0,0,0,0,0,0,0,1,0,0,3
1229,2.296,J NEUROGASTROENTEROL,4,0,0,0,0,0,1,0,0,0,0,3
1230,1.766,J NEUROL PHYS THER,4,0,0,2,0,0,0,0,0,0,0,2
1231,2.486,J NEUROPSYCHOL,4,0,0,1,0,0,0,0,1,1,0,1
1232,1.753,J NEURORADIOLOGY,4,0,0,1,0,0,0,0,0,1,0,2
1233,2.135,J NONLINEAR SCI,4,0,0,0,0,0,0,2,0,0,0,2
1234,1.425,J OPHTHALMOL,4,0,0,0,2,0,0,0,0,1,0,1
1235,2.386,J PHYSIOL PHARMACOL,4,0,0,0,0,0,0,0,0,0,1,3
1236,1.714,J SCI FOOD AGR,4,0,0,0,0,0,0,0,0,0,0,4
1237,3.231,J STRUCT BIOL,4,0,0,1,0,0,1,0,0,1,0,1
1238,2.760,J STUD ALCOHOL DRUGS,4,0,0,0,1,0,0,1,0,1,0,1
1239,1.936,J SURG RES,4,0,0,1,0,0,0,0,0,3,0,0
1240,5.720,J THROMB HAEMOST,4,0,0,0,0,1,0,0,0,0,0,3
1241,1.292,J TOXICOL SCI,4,0,0,0,0,0,0,1,0,0,0,3
1242,2.371,J TRACE ELEM MED BIO,4,0,0,0,1,0,0,1,0,0,0,2
1243,0.415,J ZHEJIANG U-SCI C,4,0,0,0,2,1,0,0,0,0,0,1
1244,35.289,JAMA-J AM MED ASSOC,4,0,0,1,0,1,0,0,0,1,0,1
1245,1.127,JPN J APPL PHYS,4,0,0,0,1,0,0,0,0,1,0,2
1246,,LANG COGN NEUROSCI,4,0,0,0,2,1,0,0,0,0,0,1
1247,,LECT N BIOINFORMAT,4,0,0,1,0,1,0,0,0,0,0,2
1248,10.431,LEUKEMIA,4,0,0,0,1,0,0,0,0,0,1,2
1249,3.571,MAGN RESON MED,4,0,0,1,0,0,0,0,0,0,0,3
1250,0.830,MATH MODEL ANAL,4,0,0,0,0,2,0,0,0,0,0,2
1251,1.433,MED SCI MONITOR,4,0,1,1,0,0,0,0,0,0,0,2
1252,,MEM COGNITION,4,0,0,0,0,0,0,0,0,1,0,3
1253,1.743,MICROSCOPY-JPN,4,0,0,0,0,0,0,1,0,1,0,2
1254,2.140,MOL CYTOGENET,4,1,0,0,1,0,0,1,0,0,0,1
1255,2.774,MOL IMAGING BIOL,4,0,0,1,0,0,0,0,0,2,0,1
1256,4.512,MOL THER-NUCL ACIDS,4,0,0,1,1,0,0,0,0,0,0,2
1257,,MONOGR SOC RES CHILD,4,0,0,1,1,0,1,0,0,0,0,1
1258,36.503,NAT MATER,4,0,1,0,1,0,0,0,0,0,0,2
1259,9.845,NAT REV RHEUMATOL,4,0,0,0,0,0,2,1,1,0,0,0
1260,,NEBR SYM MOTIV,4,0,0,1,2,0,0,0,0,0,1,0
1261,1.448,NEURAL PROCESS LETT,4,0,0,1,0,1,1,0,0,0,0,1
1262,,NEUROFORUM,4,0,1,1,0,1,1,0,0,0,0,0
1263,1.381,NEUROLOGIA,4,0,0,0,1,0,0,0,0,1,0,2
1264,2.105,NEUROSURG FOCUS,4,0,0,0,0,0,0,0,0,1,0,3
1265,2.873,NEUROUROL URODYNAM,4,0,1,0,1,0,0,0,0,2,0,0
1266,7.672,NEW PHYTOL,4,0,0,0,0,0,0,0,0,0,0,4
1267,0.677,OPTIK,4,0,0,0,0,0,0,0,0,0,0,4
1268,1.603,OPTOMETRY VISION SCI,4,0,0,0,0,1,0,0,0,0,0,3
1269,1.787,OTOL NEUROTOL,4,0,0,0,1,0,0,0,1,0,0,2
1270,2.014,PESTIC BIOCHEM PHYS,4,0,0,0,0,0,0,0,0,0,0,4
1271,4.229,PHARMACOGENOMICS J,4,0,0,0,2,0,0,1,0,0,0,1
1272,4.493,PHYS CHEM CHEM PHYS,4,0,1,0,0,2,0,1,0,0,0,0
1273,20.033,PHYS REP,4,0,0,0,0,0,0,1,0,0,0,3
1274,1.416,PHYSIOL ENTOMOL,4,0,0,0,0,0,1,0,0,0,1,2
1275,2.374,PHYSIOL GENOMICS,4,0,0,0,0,0,1,0,0,0,0,3
1276,3.126,PHYTOMEDICINE,4,0,0,0,0,0,0,0,0,0,0,4
1277,4.619,PIGM CELL MELANOMA R,4,0,0,2,0,0,0,0,0,0,0,2
1278,14.429,PLOS MED,4,0,0,2,0,1,0,1,0,0,0,0
1279,2.377,PROSTAG OTH LIPID M,4,0,1,1,0,0,0,0,1,1,0,0
1280,1.068,PROTEIN PEPTIDE LETT,4,0,0,0,0,2,0,0,0,0,0,2
1281,2.651,PROTOPLASMA,4,0,0,0,1,0,0,1,1,0,0,1
1282,,PSYCHOL ADDICT BEHAV,4,0,0,0,3,0,0,0,0,0,0,1
1283,,PSYCHOL MUSIC,4,0,0,2,0,0,0,0,0,0,1,1
1284,3.174,REPRODUCTION,4,0,0,0,1,0,0,0,0,0,0,3
1285,0.659,ROM J MORPHOL EMBRYO,4,0,0,0,0,0,0,0,0,0,0,4
1286,0.850,SCI CHINA INFORM SCI,4,0,0,0,0,0,1,0,2,0,0,1
1287,1.192,SCI CHINA TECHNOL SC,4,0,0,1,0,0,0,1,1,0,0,1
1288,2.245,SENSORS-BASEL,4,0,0,1,0,0,2,0,0,1,0,0
1289,1.804,SPINAL CORD,4,0,0,1,2,0,0,0,0,0,0,1
1290,2.426,SPINE J,4,0,0,0,0,0,0,0,1,0,0,3
1291,,SPRINGER SER BIOPHYS,4,0,0,0,0,0,0,0,0,0,0,4
1292,2.019,STEREOT FUNCT NEUROS,4,0,0,0,1,0,1,0,0,0,1,1
1293,2.325,SUPERCOND SCI TECH,4,0,1,1,0,0,0,1,0,0,0,1
1294,2.086,SWISS MED WKLY,4,0,0,0,1,1,1,0,0,0,0,1
1295,0.826,SYMMETRY-BASEL,4,0,0,0,0,0,0,0,0,0,1,3
1296,3.140,THER ADV NEUROL DISO,4,0,0,0,0,1,0,0,0,0,0,3
1297,4.984,THROMB HAEMOSTASIS,4,0,0,0,0,0,0,0,0,2,0,2
1298,,TOP LANG DISORD,4,0,0,0,0,1,0,1,0,0,0,2
1299,,VIENNA SER THEOR BIO,4,0,0,0,1,0,1,0,0,2,0,0
1300,,Z PSYCHOL,4,0,0,0,0,0,2,1,1,0,0,0
1301,0.857,ZOOL SCI,4,1,0,0,0,0,0,0,0,0,0,3
1302,,2014 IEEEEMBS INT C,3,0,0,1,0,0,0,0,1,0,0,1
1303,6.723,ACS APPL MATER INTER,3,0,0,0,0,0,0,0,0,0,0,3
1304,0.589,ACTA BIOL HUNG,3,0,0,0,0,0,1,0,0,0,0,2
1305,2.395,ACTA NEUROL SCAND,3,0,0,0,0,0,0,0,0,1,1,1
1306,1.640,ACTA OTORHINOLARYNGO,3,0,0,0,0,0,0,0,0,0,0,3
1307,15.038,ADV DRUG DELIVER REV,3,0,1,0,0,1,0,0,0,0,0,1
1308,,AIBR-REV ANTROPOL IB,3,0,0,1,1,1,0,0,0,0,0,0
1309,4.165,AM J CANCER RES,3,0,0,0,0,0,0,0,0,0,0,3
1310,6.770,AM J CLIN NUTR,3,0,0,0,1,0,1,0,0,1,0,0
1311,4.513,ANAL CHIM ACTA,3,0,0,0,0,0,1,1,0,0,0,1
1312,0.221,ANN MED-PSYCHOL,3,0,0,0,0,0,2,1,0,0,0,0
1313,,ANN PSYCHOL,3,0,0,0,0,1,0,0,0,0,0,2
1314,1.691,APPL ANIM BEHAV SCI,3,0,0,0,0,0,0,0,0,0,0,3
1315,1.735,APPL BIOCHEM BIOTECH,3,0,0,0,1,0,0,0,0,0,0,2
1316,0.646,APPL NEUROPSYCH-ADUL,3,0,0,0,0,0,2,0,1,0,0,0
1317,1.784,APPL OPTICS,3,0,0,0,0,0,0,0,0,1,0,2
1318,0.718,ARCH BIOL SCI,3,0,0,0,0,1,1,1,0,0,0,0
1319,2.899,ARCH DIS CHILD,3,0,1,0,0,0,0,0,1,1,0,0
1320,1.735,ARCH ORAL BIOL,3,0,0,0,0,0,0,0,0,0,0,3
1321,,ART PSYCHOTHER,3,1,0,1,0,0,0,0,0,0,0,1
1322,1.705,AUDIOL NEURO-OTOL,3,0,0,0,0,0,0,0,0,0,1,2
1323,0.882,AUSTRALAS PHYS ENG S,3,0,0,0,2,0,0,0,0,0,0,1
1324,2.152,BIOCHEM CELL BIOL,3,0,0,0,0,0,0,0,0,0,0,3
1325,1.638,BIOL BULL-US,3,0,0,0,0,0,0,0,0,0,1,2
1326,1.480,BIOL RES,3,1,0,0,0,0,0,0,0,0,0,2
1327,,BIOLOGY-BASEL,3,0,0,0,1,1,0,0,0,0,0,1
1328,1.653,BIOMED ENVIRON SCI,3,0,0,0,0,0,0,0,0,0,0,3
1329,1.591,BIOTECHNOL LETT,3,0,0,0,0,0,0,0,0,1,0,2
1330,1.438,BMC BIOCHEM,3,0,1,0,0,0,0,1,0,0,0,1
1331,2.397,BMC GENET,3,0,0,0,0,0,1,0,0,0,0,2
1332,1.676,BMC GERIATR,3,0,0,1,0,0,0,0,0,1,0,1
1333,7.356,BMC MED,3,0,2,0,0,0,0,1,0,0,0,0
1334,1.717,BMC MUSCULOSKEL DIS,3,0,0,0,0,1,0,0,1,0,0,1
1335,1.842,BMC PHARMACOL TOXICO,3,0,0,0,0,0,0,0,0,0,1,2
1336,1.006,BRAZ J MED BIOL RES,3,0,0,0,0,0,0,0,0,0,0,3
1337,3.670,BRIEF FUNCT GENOMICS,3,0,0,0,3,0,0,0,0,0,0,0
1338,3.878,BRIT J CLIN PHARMACO,3,0,0,0,0,0,0,0,1,0,0,2
1339,4.971,BRIT J HAEMATOL,3,0,0,0,0,0,0,0,0,0,0,3
1340,,CAMB ARCHAEOL J,3,0,0,1,0,0,0,0,0,1,1,0
1341,,CELL DEATH BIOL DIS,3,0,0,0,0,0,0,0,0,0,0,3
1342,2.422,CHEM PHYS LIPIDS,3,0,0,1,0,0,0,0,0,0,0,2
1343,,CHILD ADOL PSYCH CL,3,0,0,1,0,2,0,0,0,0,0,0
1344,,CHILD DEV PERSPECT,3,0,0,0,1,1,0,0,1,0,0,0
1345,2.416,CHILD NEUROPSYCHOL,3,0,0,0,0,0,0,0,0,0,0,3
1346,1.217,CHIN J INTEGR MED,3,0,0,0,0,0,0,0,0,0,0,3
1347,2.824,CLIN CHIM ACTA,3,0,0,0,0,0,0,1,0,0,0,2
1348,2.813,CLIN COLORECTAL CANC,3,0,0,0,0,0,1,0,0,0,0,2
1349,2.219,CLIN EEG NEUROSCI,3,0,0,0,1,0,0,0,0,0,0,2
1350,2.077,CLIN INTERV AGING,3,0,0,0,1,0,0,1,1,0,0,0
1351,2.527,CLIN J PAIN,3,0,0,1,0,1,0,0,1,0,0,0
1352,1.127,CLIN NEUROL NEUROSUR,3,0,0,0,0,0,1,0,0,1,0,1
1353,2.731,CLIN THER,3,0,0,0,0,2,0,0,0,0,0,1
1354,0.831,COGN SYST RES,3,0,0,0,0,0,0,0,0,0,0,3
1355,,COMM COM INF SC,3,0,0,0,0,0,1,1,0,0,0,1
1356,0.766,COMPUT MATH METHOD M,3,0,0,0,0,0,0,0,0,0,0,3
1357,,CRIMINOLOGY,3,0,0,0,0,2,0,1,0,0,0,0
1358,2.765,CURR ALLERGY ASTHM R,3,0,0,0,0,0,0,1,0,0,0,2
1359,3.080,CURR DIABETES REP,3,0,0,0,0,1,0,0,0,1,0,1
1360,1.478,CURR DRUG DELIV,3,0,0,0,0,0,0,0,0,0,0,3
1361,3.574,CURR OPIN ALLERGY CL,3,0,0,0,0,0,0,0,0,0,0,3
1362,3.862,CURR OPIN NEPHROL HY,3,0,0,0,0,0,0,0,0,0,0,3
1363,1.838,CURR OPIN OTOLARYNGO,3,0,0,0,1,1,0,0,0,0,0,1
1364,0.635,CURR PROTEOMICS,3,0,0,0,0,1,0,0,0,0,0,2
1365,3.402,CURR TOP MED CHEM,3,0,1,0,0,0,0,0,1,0,0,1
1366,5.357,CYTOKINE GROWTH F R,3,0,0,0,1,0,0,0,0,0,1,1
1367,2.928,CYTOM PART A,3,0,0,0,0,0,0,0,1,1,0,1
1368,4.197,DALTON T,3,0,0,0,0,0,0,1,0,0,0,2
1369,3.547,DEMENT GERIATR COGN,3,0,0,1,0,0,0,0,0,0,0,2
1370,,DIALECTICA,3,0,0,0,0,0,0,0,1,0,0,2
1371,4.343,DRUGS,3,1,0,1,0,0,0,0,0,1,0,0
1372,2.842,EAR HEARING,3,0,0,0,1,2,0,0,0,0,0,0
1373,1.785,EARLY HUM DEV,3,0,0,0,0,1,0,0,1,0,0,1
1374,2.138,ELECTROANAL,3,0,0,0,2,0,0,0,0,1,0,0
1375,4.504,ELECTROCHIM ACTA,3,0,0,0,1,0,0,0,0,0,0,2
1376,3.028,ELECTROPHORESIS,3,0,0,0,0,0,0,0,0,0,0,3
1377,3.878,ENDOCRINE,3,0,0,0,0,1,0,0,0,0,0,2
1378,3.197,ENVIRON TOXICOL,3,0,0,0,0,0,0,0,1,0,0,2
1379,,ESTUD PSICOL-MADRID,3,0,0,0,0,0,0,0,1,0,0,2
1380,3.336,EUR CHILD ADOLES PSY,3,0,0,0,0,1,0,0,0,0,1,1
1381,15.203,EUR HEART J,3,0,1,0,0,0,0,0,1,0,0,1
1382,2.709,EUR J CLIN NUTR,3,0,2,0,1,0,0,0,0,0,0,0
1383,2.042,EUR J HISTOCHEM,3,0,0,0,0,0,0,1,0,0,0,2
1384,1.488,EUR J ORAL SCI,3,0,0,0,0,0,0,0,1,0,0,2
1385,3.850,EUR J PHARM BIOPHARM,3,0,0,0,0,1,0,1,0,0,0,1
1386,,EUR J PSYCHIAT,3,0,1,0,0,1,0,0,0,0,0,1
1387,1.345,EUR PHYS J B,3,0,0,0,0,0,0,1,0,0,0,2
1388,,EVOL PSYCHIATR,3,0,0,0,2,1,0,0,0,0,0,0
1389,2.475,EXP HEMATOL,3,0,0,0,1,0,0,0,0,0,0,2
1390,3.743,EXPERT OPIN BIOL TH,3,0,0,2,0,0,0,0,0,0,0,1
1391,2.911,EXPERT OPIN DRUG SAF,3,0,1,1,0,0,0,0,0,0,0,1
1392,3.534,EXPERT OPIN PHARMACO,3,0,0,0,0,1,0,1,0,0,0,1
1393,3.719,FRONT CELL INFECT MI,3,0,1,0,1,1,0,0,0,0,0,0
1394,2.477,FUTURE ONCOL,3,0,0,1,0,0,0,0,0,0,0,2
1395,1.333,GYNECOL ENDOCRINOL,3,0,0,0,1,0,0,0,0,1,0,1
1396,,HASTINGS LAW J,3,0,0,0,0,0,0,1,0,0,0,2
1397,11.055,HEPATOLOGY,3,0,0,1,0,1,0,0,0,0,0,1
1398,2.146,HUM GENOMICS,3,0,0,1,0,0,0,0,0,0,0,2
1399,1.474,HUM HERED,3,0,0,0,2,0,0,0,0,0,0,1
1400,3.469,IEEE T CYBERNETICS,3,0,0,0,0,0,0,0,0,1,0,2
1401,0.231,IEICE T FUND ELECTR,3,0,0,0,0,0,0,0,0,1,0,2
1402,10.120,IMMUNOL REV,3,2,0,1,0,0,0,0,0,0,0,0
1403,3.015,INFECT GENET EVOL,3,0,0,0,0,0,1,0,0,0,0,2
1404,,INT CONF ADV ROBOT,3,0,0,0,1,0,0,1,0,0,0,1
1405,,INT J BEHAV DEV,3,0,0,0,0,0,0,0,0,0,1,2
1406,1.948,INT J ENDOCRINOL,3,0,0,0,2,0,0,0,0,0,0,1
1407,2.063,INT J ENV RES PUB HE,3,0,0,0,0,0,0,0,0,0,0,3
1408,,INTERD TOP GERONTOL,3,0,0,1,0,0,0,0,0,0,1,1
1409,,J ADOLESCENCE,3,0,0,1,1,0,0,0,1,0,0,0
1410,2.763,J BIOMED SCI,3,0,0,0,0,0,0,0,0,0,0,3
1411,2.262,J BIOMED SEMANT,3,0,0,1,0,0,0,0,1,1,0,0
1412,2.952,J CHEM PHYS,3,0,0,0,0,0,0,0,0,1,0,2
1413,2.619,J COMP PHYSIOL B,3,0,0,0,0,0,1,0,1,0,0,1
1414,2.344,J COMP PSYCHOL,3,0,0,0,0,1,0,0,0,0,1,1
1415,2.749,J DENT,3,0,0,0,0,0,0,0,0,0,0,3
1416,4.139,J DENT RES,3,0,0,0,0,0,0,0,2,1,0,0
1417,1.389,J ECT,3,0,0,0,0,0,0,1,0,0,2,0
1418,1.647,J ELECTROMYOGR KINES,3,0,0,0,0,0,0,0,1,1,0,1
1419,,J ENVIRON PSYCHOL,3,0,0,0,0,0,0,0,0,0,0,3
1420,4.429,J EXP CLIN CANC RES,3,0,0,0,0,1,0,1,0,0,0,1
1421,2.311,J EXP ZOOL PART B,3,0,0,0,0,0,1,0,0,0,0,2
1422,0.915,J EYE MOVEMENT RES,3,0,0,0,0,0,0,0,0,0,0,3
1423,1.891,J FLUENCY DISORD,3,0,0,0,1,0,0,0,0,1,0,1
1424,1.093,J GENET,3,0,0,0,0,1,0,0,0,1,0,1
1425,2.243,J GENET COUNS,3,0,0,0,1,1,1,0,0,0,0,0
1426,4.529,J HAZARD MATER,3,0,0,0,0,0,0,0,0,0,0,3
1427,1.143,J INSECT BEHAV,3,0,0,0,0,0,0,0,0,0,0,3
1428,0.833,J INTEGR AGR,3,0,0,0,2,0,0,0,0,0,0,1
1429,0.418,J KOREAN PHYS SOC,3,0,0,0,0,0,0,0,0,0,0,3
1430,1.273,J LABELLED COMPD RAD,3,0,0,0,0,1,0,0,0,0,0,2
1431,0.672,J LARYNGOL OTOL,3,0,0,1,0,0,0,1,0,0,0,1
1432,2.510,J MAGN RESON,3,0,0,0,0,0,0,0,0,0,0,3
1433,4.726,J MATER CHEM B,3,1,1,0,1,0,0,0,0,0,0,0
1434,1.626,J MED FOOD,3,0,0,0,0,0,0,0,1,0,0,2
1435,1.754,J MICROELECTROMECH S,3,0,0,0,1,0,0,0,0,0,0,2
1436,2.740,J NEUROENG REHABIL,3,0,0,0,0,1,0,0,1,0,0,1
1437,2.990,J NEUROSURG ANESTH,3,0,0,0,1,0,0,0,1,0,0,1
1438,1.482,J NEUROSURG-PEDIATR,3,0,0,1,1,0,0,0,0,0,0,1
1439,4.721,J ORG CHEM,3,0,0,0,0,0,1,0,0,1,0,1
1440,0.745,J PEDIAT OPHTH STRAB,3,0,0,0,0,0,0,0,2,0,0,1
1441,,J PERS SOC PSYCHOL,3,0,0,0,0,1,0,0,0,2,0,0
1442,2.979,J PHARMACEUT BIOMED,3,0,0,0,0,0,0,0,0,1,0,2
1443,7.458,J PHYS CHEM LETT,3,0,0,0,0,1,0,0,0,0,1,1
1444,0.392,J PHYS THER SCI,3,0,0,0,0,0,0,0,0,0,0,3
1445,1.025,J SPORT SCI MED,3,0,0,0,0,0,0,0,0,0,0,3
1446,2.901,J VASC RES,3,0,0,0,0,1,0,0,0,1,0,1
1447,0.782,J VET MED SCI,3,0,0,0,0,0,0,1,0,0,0,2
1448,7.148,JAMA PEDIATR,3,0,0,1,0,1,1,0,0,0,0,0
1449,0.115,KLIN NEUROPHYSIOL,3,0,0,0,0,0,0,0,0,0,1,2
1450,0.387,KLIN PSIKOFARMAKOL B,3,0,0,0,0,0,0,0,0,0,0,3
1451,2.489,LASER MED SCI,3,0,0,0,0,0,0,0,0,0,0,3
1452,2.351,LEUKEMIA RES,3,0,0,1,0,0,0,1,0,0,0,1
1453,,LIFE MIND-PHILOS ISS,3,0,0,0,0,0,0,0,0,0,0,3
1454,1.792,MAR GENOM,3,0,0,0,0,0,0,0,0,0,0,3
1455,,MARKET LETT,3,0,0,0,0,0,1,0,1,0,0,1
1456,8.431,MED RES REV,3,0,0,0,1,0,1,0,0,0,0,1
1457,3.983,MED SCI SPORT EXER,3,0,0,0,1,0,0,0,1,0,0,1
1458,2.495,MEDCHEMCOMM,3,0,0,0,0,0,1,0,0,0,0,2
1459,2.282,MELANOMA RES,3,0,0,0,1,0,0,0,0,0,0,2
1460,1.872,MICROSC MICROANAL,3,0,0,0,1,0,1,0,1,0,0,0
1461,0.911,MIL MED,3,0,0,0,0,0,0,0,0,0,0,3
1462,4.603,MOL NUTR FOOD RES,3,0,0,1,0,0,0,0,0,0,0,2
1463,4.384,MOL PHARMACEUT,3,0,0,0,0,0,0,0,0,1,0,2
1464,7.374,MUCOSAL IMMUNOL,3,0,0,0,0,0,0,0,0,0,0,3
1465,6.213,MUTAT RES-REV MUTAT,3,0,0,0,0,0,0,0,1,0,0,2
1466,13.592,NANO LETT,3,0,0,0,0,0,0,1,0,2,0,0
1467,3.577,NEPHROL DIAL TRANSPL,3,0,0,0,3,0,0,0,0,0,0,0
1468,1.882,NEUROIMMUNOMODULAT,3,0,0,0,0,0,0,0,0,0,0,3
1469,3.044,NMR BIOMED,3,0,0,0,0,0,0,0,1,1,0,1
1470,0.099,NOROPSIKIYATRI ARS,3,0,0,0,0,0,0,0,0,0,0,3
1471,,NOUS,3,0,0,0,0,0,0,0,0,0,1,2
1472,3.912,NUTR RES REV,3,0,0,1,0,0,0,0,1,0,0,1
1473,3.562,ORG BIOMOL CHEM,3,0,0,0,0,0,0,0,0,1,0,2
1474,,OXID STRESS APPL BAS,3,0,0,0,2,0,0,0,0,0,1,0
1475,3.430,PARASITE VECTOR,3,0,0,0,0,0,1,0,0,0,0,2
1476,1.855,PATHOL ONCOL RES,3,0,0,0,0,0,0,0,0,0,0,3
1477,0.730,PEDIATR INT,3,0,0,0,0,0,0,0,0,0,0,3
1478,1.570,PEDIATR RADIOL,3,0,0,0,0,1,0,0,0,0,0,2
1479,5.473,PEDIATRICS,3,0,1,0,0,1,1,0,0,0,0,0
1480,,PERS SOC PSYCHOL B,3,0,0,0,0,0,0,1,0,0,0,2
1481,3.420,PHARM RES-DORDR,3,0,0,1,0,0,0,1,0,0,0,1
1482,,PHILOS PHENOMEN RES,3,0,0,0,0,0,0,0,0,0,0,3
1483,,PHILOS PSYCHOL,3,0,0,0,0,0,0,1,0,0,0,2
1484,,PHILOS STUD,3,0,0,0,1,1,0,0,0,0,0,1
1485,2.761,PHYS MED BIOL,3,0,0,0,0,0,0,1,1,0,0,1
1486,2.526,PHYS THER,3,0,0,0,0,0,1,0,0,0,1,1
1487,1.636,PHYSICA D,3,0,0,0,0,0,0,0,0,0,0,3
1488,2.152,PLANTA MED,3,0,0,0,1,0,0,0,0,1,0,1
1489,2.993,PLAST RECONSTR SURG,3,0,0,1,0,0,0,0,1,0,0,1
1490,,POLIT PSYCHOL,3,0,0,0,0,1,0,0,0,1,0,1
1491,2.346,PROSTAG LEUKOTR ESS,3,0,0,0,0,1,0,0,0,0,0,2
1492,,PSYCHOL FR,3,0,0,0,0,0,0,0,0,1,0,2
1493,,PSYCHOL LEARN MOTIV,3,0,0,0,0,0,0,0,0,0,0,3
1494,,PSYCHOL REC,3,0,0,0,0,0,1,0,0,0,0,2
1495,,PSYCHOLOGIA,3,0,0,0,0,0,0,1,0,0,0,2
1496,3.473,PSYCHOSOM MED,3,0,0,0,0,0,0,0,2,0,1,0
1497,9.196,PSYCHOTHER PSYCHOSOM,3,0,0,0,0,0,1,0,0,1,0,1
1498,3.311,REJUV RES,3,0,0,0,0,0,1,1,0,1,0,0
1499,0.750,REND LINCEI-SCI FIS,3,0,0,0,0,0,0,0,0,0,2,1
1500,2.226,REPROD BIOL ENDOCRIN,3,0,0,0,0,0,0,0,0,0,0,3
1501,,RES PERSPECT END INT,3,0,0,0,0,0,0,0,0,2,0,1
1502,4.892,REV ENDOCR METAB DIS,3,0,0,0,0,0,0,0,0,0,0,3
1503,0.535,RUSS J BIOORG CHEM+,3,0,0,0,0,0,0,0,0,0,1,2
1504,0.446,RUSS J GENET+,3,0,0,0,0,0,0,0,0,0,0,3
1505,1.017,SCHMERZ,3,0,0,0,0,0,0,0,2,0,0,1
1506,1.822,SEIZURE-EUR J EPILEP,3,0,0,0,0,0,0,0,0,1,0,2
1507,0.588,SLEEP BIOL RHYTHMS,3,0,0,0,0,0,0,0,0,0,0,3
1508,,SOC PSYCHOL-GERMANY,3,0,1,0,0,0,1,0,0,0,0,1
1509,1.256,SPEECH COMMUN,3,0,0,0,2,0,0,0,0,0,0,1
1510,,SPRINGERBRIEF BIOL,3,0,0,0,0,0,0,0,0,0,0,3
1511,2.813,STEM CELLS INT,3,0,0,0,0,0,0,0,0,0,0,3
1512,8.022,THERANOSTICS,3,0,0,0,1,0,0,0,0,0,0,2
1513,,TOPOI-INT REV PHILOS,3,0,0,0,0,0,0,1,0,1,0,1
1514,2.137,TOXICOL PATHOL,3,0,0,0,0,0,0,2,0,0,0,1
1515,2.322,TRANSGENIC RES,3,0,0,0,0,0,0,0,0,0,1,2
1516,16.196,TRENDS ECOL EVOL,3,0,0,0,1,1,0,0,0,0,0,1
1517,1.731,TRIALS,3,0,1,0,0,0,0,0,0,0,1,1
1518,1.980,UPSALA J MED SCI,3,0,0,0,0,0,0,0,0,1,0,2
1519,1.693,VET J,3,0,0,0,0,0,0,1,0,0,0,2
1520,1.236,VET RES COMMUN,3,0,0,0,0,1,0,1,1,0,0,0
1521,,WOODH PUBL SER BIOM,3,0,0,0,0,0,0,0,0,1,0,2
1522,,WORLD AUTOMAT CONG,3,0,0,0,0,0,0,1,0,0,0,2
1523,1.287,YONSEI MED J,3,0,1,0,0,0,0,0,0,0,0,2
1524,3.799,AAPS J,2,0,1,0,1,0,0,0,0,0,0,0
1525,,ABSTR APPL ANAL,2,0,0,0,0,0,0,0,0,0,0,2
1526,3.060,ACAD MED,2,0,0,0,0,0,0,0,0,0,1,1
1527,,ACAD PSYCHIATR,2,0,1,0,0,0,0,0,0,0,0,1
1528,1.751,ACAD RADIOL,2,0,1,0,0,0,0,0,0,1,0,0
1529,3.032,ACS COMB SCI,2,0,0,0,0,0,0,0,1,1,0,0
1530,3.120,ACS MED CHEM LETT,2,1,0,0,0,0,1,0,0,0,0,0
1531,,ACS SYM SER,2,0,0,0,0,0,1,0,0,0,1,0
1532,4.978,ACS SYNTH BIOL,2,0,1,0,0,0,0,0,0,0,0,1
1533,0.783,ACTA ACUST UNITED AC,2,0,0,0,0,0,0,0,0,0,0,2
1534,0.360,ACTA MEDICA PORT,2,0,0,0,0,0,0,0,0,0,1,1
1535,1.099,ACTA OTO-LARYNGOL,2,0,0,0,0,0,0,0,0,0,0,2
1536,1.674,ACTA PAEDIATR,2,0,0,0,0,0,0,0,1,0,0,1
1537,0.813,ACTA PHYS SIN-CH ED,2,0,0,0,0,1,0,0,0,1,0,0
1538,0.859,ADAPT BEHAV,2,0,0,0,0,0,0,0,0,0,0,2
1539,1.154,ADICCIONES,2,0,0,0,1,0,0,0,0,0,0,1
1540,,ADV COGN PSYCHOL,2,0,0,0,0,0,1,0,0,0,0,1
1541,7.776,ADV COLLOID INTERFAC,2,0,1,0,0,0,0,0,0,0,0,1
1542,,ADV MATER RES-SWITZ,2,0,0,0,0,1,0,0,0,0,0,1
1543,1.751,AGING MENT HEALTH,2,0,0,0,0,0,1,0,0,0,0,1
1544,1.524,AIP ADV,2,0,0,0,0,0,0,1,0,0,0,1
1545,2.457,ALLERGOL INT,2,0,1,0,0,0,0,0,0,1,0,0
1546,,AM ECON J-MICROECON,2,0,0,0,0,0,1,0,1,0,0,0
1547,,AM J ADDICTION,2,0,0,0,0,1,0,0,0,0,0,1
1548,2.755,AM J CHINESE MED,2,0,0,0,0,0,0,0,0,0,0,2
1549,0.701,AM J FOREN MED PATH,2,0,0,0,0,0,0,0,0,0,0,2
1550,3.798,AM J HEMATOL,2,0,0,0,0,0,0,0,0,0,0,2
1551,3.871,AM J OPHTHALMOL,2,0,0,1,0,0,0,0,0,0,0,1
1552,2.202,AM J PHYS MED REHAB,2,0,0,0,0,0,1,0,0,0,0,1
1553,2.435,AM J PRIMATOL,2,0,0,0,0,0,0,0,1,0,0,1
1554,12.996,AM J RESP CRIT CARE,2,0,0,0,1,0,1,0,0,0,0,0
1555,1.810,AM J RHINOL ALLERGY,2,0,0,0,0,0,0,0,0,0,0,2
1556,2.298,ANDROLOGY-US,2,0,0,0,1,0,0,0,0,1,0,0
1557,4.876,ANGIOGENESIS,2,0,1,0,0,0,0,0,0,0,0,1
1558,1.511,ANIM REPROD SCI,2,0,0,0,0,0,0,0,0,0,0,2
1559,0.960,ANIM SCI J,2,0,0,1,0,1,0,0,0,0,0,0
1560,,ANN ASSOC AM GEOGR,2,0,0,0,0,0,0,0,0,0,0,2
1561,1.111,ANN I SUPER SANITA,2,0,0,0,0,1,0,0,0,0,0,1
1562,8.327,ANN SURG,2,0,0,0,0,1,0,0,0,0,0,1
1563,2.042,APMIS,2,0,0,0,0,0,0,0,0,0,0,2
1564,0.527,APPL ARTIF INTELL,2,0,0,1,0,0,0,0,0,0,1,0
1565,1.551,APPL MATH COMPUT,2,0,0,0,0,0,0,0,0,0,0,2
1566,3.337,APPL MICROBIOL BIOT,2,0,0,0,0,0,0,0,0,0,1,1
1567,1.484,APPL SCI-BASEL,2,0,0,0,0,0,0,0,0,1,0,1
1568,2.810,APPL SOFT COMPUT,2,0,0,0,0,0,0,0,0,0,0,2
1569,1.986,ARCH CLIN NEUROPSYCH,2,0,0,0,0,0,0,0,0,0,0,2
1570,3.120,ARCH DIS CHILD-FETAL,2,0,0,0,0,0,0,0,0,1,0,1
1571,2.838,ARCH PATHOL LAB MED,2,0,0,0,2,0,0,0,0,0,0,0
1572,1.531,ARCH PHARM,2,0,0,0,0,0,0,0,0,0,0,2
1573,1.650,ARTHROPOD STRUCT DEV,2,0,0,0,0,0,0,1,0,0,0,1
1574,2.019,ARTIF INTELL MED,2,0,0,0,0,0,0,0,0,1,0,1
1575,0.630,ASIA-PAC PSYCHIAT,2,0,0,0,1,0,0,0,0,0,0,1
1576,0.131,ASIAN BIOMED,2,0,0,0,0,0,0,0,0,0,0,2
1577,2.514,ASIAN PAC J CANCER P,2,0,1,0,0,0,0,0,0,0,0,1
1578,1.529,ASSAY DRUG DEV TECHN,2,0,0,0,1,1,0,0,0,0,0,0
1579,1.389,B MATH BIOL,2,0,0,0,0,0,0,1,0,0,0,1
1580,4.172,BIOELECTROCHEMISTRY,2,0,0,0,1,0,0,0,0,0,1,0
1581,1.705,BIOELECTROMAGNETICS,2,0,0,0,1,0,0,0,1,0,0,0
1582,4.289,BIOFABRICATION,2,0,0,0,0,0,0,0,1,0,0,1
1583,2.264,BIOL J LINN SOC,2,0,0,1,0,0,0,0,0,0,0,1
1584,0.789,BIOL SPORT,2,0,0,0,0,0,0,0,0,0,0,2
1585,1.427,BIOMED ENG ONLINE,2,0,1,0,0,0,0,1,0,0,0,0
1586,0.945,BIOMETRICAL J,2,0,0,0,0,0,0,1,1,0,0,0
1587,0.760,BIOMOL NMR ASSIGN,2,0,0,0,0,0,0,0,1,0,0,1
1588,1.444,BIOTECH HISTOCHEM,2,0,0,0,0,0,0,0,0,1,0,1
1589,3.533,BJU INT,2,0,1,0,0,0,0,0,0,0,0,1
1590,,BMC RES NOTES,2,0,1,0,0,0,0,0,0,1,0,0
1591,17.445,BMJ-BRIT MED J,2,0,0,0,1,0,0,1,0,0,0,0
1592,,BRIT J CLIN PSYCHOL,2,0,0,0,0,2,0,0,0,0,0,0
1593,3.453,BRIT J NUTR,2,0,0,0,0,0,0,0,0,0,1,1
1594,2.026,BRIT J RADIOL,2,0,0,0,0,2,0,0,0,0,0,0
1595,1.422,BUNDESGESUNDHEITSBLA,2,0,0,0,0,0,1,0,0,0,0,1
1596,1.880,BURNS,2,0,0,0,0,0,0,0,1,0,1,0
1597,3.272,CALCIFIED TISSUE INT,2,0,0,0,0,0,0,0,1,0,0,1
1598,2.527,CAN J ANESTH,2,0,0,0,0,0,0,0,0,1,0,1
1599,1.333,CAN J OPHTHALMOL,2,0,0,0,0,0,1,0,0,1,0,0
1600,1.303,CAN J ZOOL,2,0,0,0,0,0,1,0,0,0,0,1
1601,5.959,CAN MED ASSOC J,2,0,0,1,0,0,0,0,0,0,1,0
1602,2.766,CANCER CELL INT,2,0,0,0,0,0,0,0,0,0,0,2
1603,2.700,CANCER GENOM PROTEOM,2,0,0,0,1,0,0,0,0,0,0,1
1604,3.523,CANCER SCI,2,0,0,1,0,0,0,0,0,0,0,1
1605,4.074,CARBOHYD POLYM,2,0,0,0,0,0,0,0,0,0,0,2
1606,2.362,CARDIOVASC THER,2,0,0,0,0,0,0,0,0,0,0,2
1607,1.105,CELL J,2,0,0,0,0,0,0,0,0,0,0,2
1608,4.915,CELL MICROBIOL,2,0,0,0,0,0,0,0,0,0,0,2
1609,1.593,CELL MOL BIOL LETT,2,0,0,0,0,0,1,0,0,0,0,1
1610,3.032,CELL ONCOL,2,0,0,0,0,0,0,0,0,0,0,2
1611,3.116,CELL PROLIFERAT,2,0,0,0,0,0,0,0,0,0,0,2
1612,2.137,CELLS TISSUES ORGANS,2,0,0,0,1,0,0,0,0,0,0,1
1613,1.164,CHEM PHARM BULL,2,0,0,0,0,1,0,0,0,0,0,1
1614,1.897,CHEM PHYS LETT,2,0,0,0,0,0,1,0,0,0,0,1
1615,9.211,CHEM SCI,2,0,1,0,0,0,0,0,0,0,0,1
1616,4.587,CHEM-ASIAN J,2,1,0,0,0,0,0,1,0,0,0,0
1617,7.483,CHEST,2,0,1,0,0,0,0,0,0,0,0,1
1618,1.578,CHINESE J CHEM,2,0,0,0,0,1,0,0,0,0,0,1
1619,1.163,CHINESE J PHYSIOL,2,0,0,0,0,0,0,0,1,0,0,1
1620,2.478,CHROMOSOME RES,2,0,0,0,0,0,0,0,0,0,0,2
1621,4.678,CIRC-ARRHYTHMIA ELEC,2,0,0,0,1,0,0,0,0,0,0,1
1622,1.487,CLIN AUTON RES,2,0,0,0,0,2,0,0,0,0,0,0
1623,3.037,CLIN EXP IMMUNOL,2,0,0,0,0,0,0,0,0,0,0,2
1624,2.372,CLIN EXP PHARMACOL P,2,0,0,0,0,0,0,0,0,0,0,2
1625,7.896,CLIN GASTROENTEROL H,2,0,0,0,0,0,1,0,0,0,1,0
1626,0.867,CLIN LIPIDOL,2,0,0,0,0,0,2,0,0,0,0,0
1627,,CLIN PSYCHOL REV,2,0,0,0,0,0,0,0,0,0,0,2
1628,,CLIN PSYCHOL-SCI PR,2,0,0,0,0,0,0,0,0,1,0,1
1629,2.239,CLIN REHABIL,2,0,0,0,0,0,0,0,0,0,1,1
1630,0.364,COLOMB MEDICA,2,0,1,0,0,0,1,0,0,0,0,0
1631,0.893,COMMUN THEOR PHYS,2,0,0,0,0,2,0,0,0,0,0,0
1632,1.551,COMP BIOCHEM PHYS B,2,0,1,0,0,0,0,0,0,0,0,1
1633,2.252,COMPR PSYCHIAT,2,0,0,0,0,1,0,0,0,0,0,1
1634,0.907,COMPUT GRAPH-UK,2,0,0,0,0,0,0,0,1,0,0,1
1635,1.218,COMPUT MED IMAG GRAP,2,0,0,0,0,0,0,0,0,0,0,2
1636,1.540,COMPUT VIS IMAGE UND,2,0,0,0,0,0,0,0,0,0,0,2
1637,0.842,CONNECT SCI,2,0,0,1,0,0,0,0,0,0,1,0
1638,,CREATIVITY RES J,2,0,0,0,0,0,0,1,0,0,0,1
1639,5.176,CRIT REV FOOD SCI,2,0,0,0,0,0,0,0,0,0,0,2
1640,4.027,CRIT REV ONCOL HEMAT,2,0,0,0,0,0,0,0,1,0,0,1
1641,,CROAT J PHILOS,2,0,0,0,0,0,0,0,0,0,0,2
1642,1.979,CURR OPIN ANESTHESIO,2,0,0,1,0,0,0,0,0,0,0,1
1643,7.117,CURR OPIN BIOTECH,2,0,0,1,1,0,0,0,0,0,0,0
1644,5.656,CURR OPIN LIPIDOL,2,0,1,0,0,1,0,0,0,0,0,0
1645,2.528,CURR OPIN PEDIATR,2,0,1,0,1,0,0,0,0,0,0,0
1646,2.756,CURR OPIN PULM MED,2,1,0,0,0,0,0,0,0,0,0,1
1647,3.293,CYTOTHERAPY,2,0,0,0,1,0,0,0,0,0,0,1
1648,1.638,DARU,2,0,0,0,0,0,0,0,0,0,0,2
1649,2.597,DIAGN PATHOL,2,0,0,0,0,0,0,0,0,0,0,2
1650,1.562,DIS MARKERS,2,0,0,0,0,0,0,0,0,0,0,2
1651,0.877,DISCRETE DYN NAT SOC,2,0,0,0,0,0,0,0,0,0,0,2
1652,,DRUG METAB DRUG INTE,2,0,0,0,0,0,0,1,0,0,0,1
1653,2.568,DRUG METAB PHARMACOK,2,0,0,0,0,0,0,0,0,0,0,2
1654,2.506,DRUG TEST ANAL,2,0,0,0,0,0,0,0,1,1,0,0
1655,,DUKE LAW J,2,2,0,0,0,0,0,0,0,0,0,0
1656,,DYSLEXIA,2,0,0,0,1,0,0,1,0,0,0,0
1657,,ECOL PSYCHOL,2,0,0,0,0,0,0,0,0,0,0,2
1658,4.847,ELECTROCHEM COMMUN,2,0,0,0,0,0,0,0,0,0,0,2
1659,0.698,ENCEPHALE,2,0,0,0,0,0,0,1,0,0,1,0
1660,1.997,ENDOCR J,2,0,0,0,0,0,0,0,0,0,0,2
1661,7.977,ENVIRON HEALTH PERSP,2,0,0,1,0,0,1,0,0,0,0,0
1662,2.828,ENVIRON SCI POLLUT R,2,0,0,0,0,0,0,1,0,0,0,1
1663,3.225,ENVIRON TOXICOL CHEM,2,0,0,0,0,0,0,0,0,0,0,2
1664,2.095,EPL-EUROPHYS LETT,2,0,0,0,0,0,0,0,0,0,0,2
1665,2.820,EUKARYOT CELL,2,0,0,0,0,0,1,0,0,0,0,1
1666,4.886,EUR CELLS MATER,2,0,0,0,0,0,0,0,0,0,0,2
1667,4.069,EUR J ENDOCRINOL,2,0,0,0,1,0,0,0,0,0,0,1
1668,1.399,EUR PHYS J-SPEC TOP,2,0,0,0,0,1,0,0,0,0,0,1
1669,4.014,EUR RADIOL,2,0,0,0,0,0,0,0,0,1,0,1
1670,,EVOL ANTHROPOL,2,0,0,0,0,0,0,0,0,0,0,2
1671,3.130,EVOL HUM BEHAV,2,0,0,0,0,1,0,0,0,0,0,1
1672,,EVOL PSYCHOL-US,2,0,0,0,0,0,0,0,1,0,0,1
1673,4.259,EXERC SPORT SCI REV,2,0,0,0,0,0,0,0,0,1,1,0
1674,3.762,EXP DERMATOL,2,0,0,0,0,0,0,0,0,0,1,1
1675,1.638,EXP PARASITOL,2,0,0,0,0,0,0,0,0,0,1,1
1676,4.840,EXPERT OPIN DRUG DEL,2,0,0,0,1,1,0,0,0,0,0,0
1677,2.831,EXPERT OPIN DRUG MET,2,0,0,1,0,0,0,1,0,0,0,0
1678,3.058,EXPERT OPIN EMERG DR,2,0,0,1,0,0,0,0,0,0,0,1
1679,1.683,EXPERT REV MED DEVIC,2,0,0,0,0,1,0,0,0,0,0,1
1680,3.516,EXPERT REV MOL DIAGN,2,0,1,0,0,0,0,0,0,0,0,1
1681,13.244,FEMS MICROBIOL REV,2,0,0,0,0,0,1,0,0,0,0,1
1682,2.674,FISH SHELLFISH IMMUN,2,0,0,0,0,0,0,0,0,0,0,2
1683,0.629,FLUORIDE,2,0,0,0,0,0,0,0,0,0,0,2
1684,3.391,FOOD CHEM,2,0,0,0,0,0,0,0,0,0,0,2
1685,1.079,FORSCH KOMPLEMENTMED,2,1,1,0,0,0,0,0,0,0,0,0
1686,3.304,FRONT HORM RES,2,0,0,1,0,0,0,0,0,0,0,1
1687,2.794,GENES NUTR,2,0,0,0,0,0,0,0,0,0,0,2
1688,0.347,GENETIKA-BELGRADE,2,0,0,1,0,0,0,1,0,0,0,0
1689,0.392,GERIATR PSYCHOL NEUR,2,0,2,0,0,0,0,0,0,0,0,0
1690,3.059,GERONTOLOGY,2,0,1,0,0,0,0,0,1,0,0,0
1691,1.908,GRAEF ARCH CLIN EXP,2,0,0,1,0,0,0,0,0,0,0,1
1692,,HANDB PORPHYR SCI,2,0,0,0,0,0,0,0,0,0,0,2
1693,,HARVARD LAW REV,2,0,0,0,0,0,0,0,0,0,0,2
1694,1.684,HASTINGS CENT REP,2,0,0,0,0,0,0,0,0,0,1,1
1695,0.564,HAUTARZT,2,0,0,0,0,1,0,0,0,1,0,0
1696,3.590,HEALTH PSYCHOL,2,0,0,0,0,0,1,0,0,0,0,1
1697,5.076,HEART RHYTHM,2,0,0,0,0,0,0,1,0,0,0,1
1698,1.275,HIGH ALT MED BIOL,2,0,0,0,0,0,0,0,1,0,0,1
1699,2.121,HORM METAB RES,2,0,0,0,0,0,0,0,0,0,0,2
1700,3.755,HUM GENE THER,2,0,0,1,0,0,0,0,0,0,0,1
1701,2.436,HUM GENE THER METHOD,2,0,0,0,0,0,0,0,1,1,0,0
1702,1.598,HUM MOVEMENT SCI,2,0,0,0,0,0,0,0,0,0,1,1
1703,1.440,IEEE J BIOMED HEALTH,2,0,0,0,0,0,0,0,0,1,0,1
1704,2.373,IEEE J-STSP,2,0,0,1,0,0,0,1,0,0,0,0
1705,3.625,IEEE T IMAGE PROCESS,2,0,0,0,1,0,1,0,0,0,0,0
1706,2.168,IEEE T VIS COMPUT GR,2,0,0,1,0,0,1,0,0,0,0,0
1707,0.963,IET COMPUT VIS,2,0,0,0,0,0,0,0,1,0,0,1
1708,1.059,IET SYST BIOL,2,0,0,0,0,0,0,0,0,0,0,2
1709,3.044,IMMUNOBIOLOGY,2,0,1,0,0,1,0,0,0,0,0,0
1710,2.512,IMMUNOL LETT,2,0,0,0,0,0,0,0,0,1,0,1
1711,3.098,IMMUNOL RES,2,0,0,0,1,0,0,0,0,0,0,1
1712,0.835,INDIAN J EXP BIOL,2,0,0,0,0,0,0,0,0,0,0,2
1713,,INDIANA LAW J,2,0,0,0,0,1,1,0,0,0,0,0
1714,,INFANT CHILD DEV,2,0,0,0,0,1,0,0,0,0,0,1
1715,3.731,INFECT IMMUN,2,0,0,0,0,0,0,0,0,1,0,1
1716,2.208,INFLAMMATION,2,0,0,1,1,0,0,0,0,0,0,0
1717,,INFLAMMOPHARMACOLOGY,2,0,0,0,0,0,0,0,0,1,0,1
1718,,INQUIRY,2,0,0,1,0,0,0,0,0,0,0,1
1719,0.815,INT J APPL ELECTROM,2,0,0,0,0,0,0,1,0,0,0,1
1720,2.858,INT J BIOL MACROMOL,2,0,0,0,0,0,0,0,1,0,0,1
1721,0.805,INT J BIOMATH,2,0,0,0,1,0,0,0,0,0,0,1
1722,0.953,INT J GENOMICS,2,0,0,0,0,0,0,0,0,0,0,2
1723,1.918,INT J HEMATOL,2,0,0,0,0,0,0,1,0,0,0,1
1724,2.714,INT J LEGAL MED,2,0,0,0,0,0,0,0,0,0,0,2
1725,3.614,INT J MED MICROBIOL,2,0,0,1,0,1,0,0,0,0,0,0
1726,0.318,INT J MORPHOL,2,0,0,0,0,0,0,0,0,0,0,2
1727,3.650,INT J PHARMACEUT,2,0,0,0,0,0,0,1,0,0,0,1
1728,0.709,INT J PHARMACOL,2,0,0,1,0,0,0,0,0,1,0,0
1729,1.563,INT J PHOTOENERGY,2,0,0,0,0,0,0,0,2,0,0,0
1730,,INT J PHYS DISTR LOG,2,0,0,0,0,0,0,0,1,0,1,0
1731,1.993,INT J PRIMATOL,2,0,0,0,0,0,0,0,0,0,0,2
1732,1.239,INT J SPEECH-LANG PA,2,0,0,0,0,1,0,0,0,0,0,1
1733,3.833,INT J STROKE,2,0,0,0,0,0,0,0,1,0,0,1
1734,,INT REV SPORT EXER P,2,0,0,0,1,0,0,0,0,0,0,1
1735,2.361,INTEGR CANCER THER,2,0,0,0,0,0,1,0,0,0,0,1
1736,,INTERACT STUD,2,0,0,0,0,0,0,0,0,0,0,2
1737,1.644,INTERN MED J,2,0,0,1,0,0,0,0,0,0,0,1
1738,0.904,INTERNAL MED,2,0,0,0,0,0,0,0,0,0,0,2
1739,1.323,INVERSE PROBL,2,0,0,0,0,0,0,0,0,0,0,2
1740,1.065,IRAN J PHARM RES,2,0,0,0,0,0,0,0,0,1,0,1
1741,1.523,ITAL J PEDIATR,2,0,0,1,0,1,0,0,0,0,0,0
1742,,J ADDICT DIS,2,0,0,0,0,0,0,1,1,0,0,0
1743,4.306,J AM HEART ASSOC,2,0,0,0,0,0,0,1,0,0,0,1
1744,4.939,J AM MED DIR ASSOC,2,0,1,0,0,0,0,0,0,0,0,1
1745,9.343,J AM SOC NEPHROL,2,0,0,0,0,1,0,0,0,0,0,1
1746,1.302,J APPL BIOMED,2,0,0,0,0,0,0,1,0,0,0,1
1747,,J APPL RES TECHNOL,2,0,0,0,0,1,0,0,1,0,0,0
1748,,J BEHAV FINANC,2,0,0,0,0,1,0,0,0,0,1,0
1749,,J BEHAV THER EXP PSY,2,0,0,0,1,0,0,0,0,0,0,1
1750,1.925,J BIOCHEM MOL TOXIC,2,0,0,0,0,1,0,0,0,0,0,1
1751,3.212,J BIOENERG BIOMEMBR,2,0,0,0,0,0,0,0,0,0,0,2
1752,2.538,J BIOL INORG CHEM,2,0,0,0,0,0,0,0,0,0,0,2
1753,1.648,J BIOMAT SCI-POLYM E,2,0,0,0,2,0,0,0,0,0,0,0
1754,2.197,J BIOMATER APPL,2,0,0,0,0,1,0,0,0,0,0,1
1755,2.871,J BIOTECHNOL,2,0,0,0,0,1,0,0,0,0,0,1
1756,,J BUS RES,2,0,0,0,0,0,0,0,0,0,0,2
1757,3.081,J CANCER RES CLIN,2,0,0,0,0,0,0,0,0,0,0,2
1758,2.747,J CHEM ECOL,2,0,0,0,0,0,0,0,0,0,1,1
1759,18.443,J CLIN ONCOL,2,0,0,0,0,0,0,0,1,0,0,1
1760,1.668,J CLIN PHARM THER,2,0,0,0,0,0,0,0,0,0,0,2
1761,,J CONSUM MARK,2,0,0,0,0,0,0,0,0,0,1,1
1762,0.750,J DEV ORIG HLTH DIS,2,0,0,0,0,0,0,0,0,0,0,2
1763,2.729,J ELECTROANAL CHEM,2,0,0,0,0,0,0,0,0,0,0,2
1764,,J EMPIR LEGAL STUD,2,0,0,0,0,0,0,1,0,0,0,1
1765,3.232,J EVOLUTION BIOL,2,0,0,1,0,0,0,0,0,0,0,1
1766,1.865,J EXP ANAL BEHAV,2,0,0,0,1,0,0,0,0,0,0,1
1767,1.658,J FISH BIOL,2,0,0,0,0,0,0,0,0,0,2,0
1768,2.798,J GASTROINTEST SURG,2,0,0,0,0,0,0,0,0,0,0,2
1769,2.472,J GENE MED,2,0,0,0,0,0,0,0,0,0,0,2
1770,2.462,J HUM GENET,2,0,0,0,0,1,0,0,0,0,0,1
1771,1.110,J INNOV OPT HEAL SCI,2,0,0,0,1,0,0,0,0,1,0,0
1772,,J INTELL DISABIL RES,2,0,0,1,0,0,0,0,0,0,0,1
1773,0.636,J KOREAN NEUROSURG S,2,0,0,0,0,0,0,0,0,0,0,2
1774,,J LEARN DISABIL-US,2,0,0,0,0,0,0,0,0,1,0,1
1775,4.289,J LEUKOCYTE BIOL,2,0,0,0,1,0,1,0,0,0,0,0
1776,,J MARKETING,2,0,0,0,0,0,0,1,0,0,0,1
1777,1.846,J MATH BIOL,2,0,0,0,0,0,0,1,0,0,1,0
1778,3.598,J MECH PHYS SOLIDS,2,0,1,0,0,0,0,0,0,1,0,0
1779,4.237,J MEM LANG,2,0,0,0,0,0,1,0,0,0,0,1
1780,2.515,J MOL LIQ,2,0,0,0,0,1,0,0,0,0,0,1
1781,1.736,J MOL MODEL,2,0,0,0,0,0,0,0,1,0,0,1
1782,,J MORAL EDUC,2,0,0,0,0,0,0,0,0,0,0,2
1783,1.644,J NANOMATER,2,0,0,0,0,0,0,0,0,0,0,2
1784,1.950,J NEURO-OPHTHALMOL,2,0,1,0,0,0,0,0,0,1,0,0
1785,0.720,J NEUROL SURG PART B,2,0,0,0,0,0,0,0,0,0,0,2
1786,1.158,J NEUROSURG SCI,2,0,0,0,0,0,0,0,0,0,1,1
1787,2.383,J NEUROSURG-SPINE,2,0,0,0,0,0,1,0,0,0,0,1
1788,2.996,J NUTR HEALTH AGING,2,0,0,0,0,0,1,1,0,0,0,0
1789,1.630,J OCCUP ENVIRON MED,2,0,0,0,0,0,0,0,0,0,0,2
1790,2.264,J PHARM PHARMACOL,2,0,0,0,0,0,0,0,0,0,0,2
1791,2.960,J PHOTOCH PHOTOBIO B,2,0,0,0,0,0,0,0,0,0,0,2
1792,1.583,J PHYS A-MATH THEOR,2,0,0,0,1,0,0,0,0,0,0,1
1793,,J PHYS CONF SER,2,0,0,0,0,0,0,1,0,0,1,0
1794,1.880,J PSYCHOSOM OBST GYN,2,0,0,0,0,0,0,2,0,0,0,0
1795,1.797,J RADIAT RES,2,0,0,0,0,0,0,0,2,0,0,0
1796,1.034,J RADIOANAL NUCL CH,2,0,0,0,0,0,0,1,0,0,0,1
1797,1.312,J RECONSTR MICROSURG,2,0,0,0,0,0,0,0,1,0,1,0
1798,1.683,J REHABIL MED,2,0,0,1,0,0,0,0,0,0,0,1
1799,1.333,J SPINAL CORD MED,2,0,0,0,0,0,0,0,1,0,1,0
1800,,J SUBST ABUSE TREAT,2,0,0,0,2,0,0,0,0,0,0,0
1801,,J SUBST USE,2,0,0,0,2,0,0,0,0,0,0,0
1802,1.505,J THERM BIOL,2,0,0,0,0,0,1,0,0,0,1,0
1803,4.168,J THORAC CARDIOV SUR,2,0,0,0,0,0,0,0,0,0,0,2
1804,2.736,J TRAUMA ACUTE CARE,2,0,1,0,1,0,0,0,0,0,0,0
1805,,J TRAUMA STRESS,2,0,0,0,0,0,0,0,0,0,0,2
1806,0.796,J VENOM ANIM TOXINS,2,0,0,0,0,0,0,0,0,0,0,2
1807,0.719,J VERBRAUCH LEBENSM,2,0,1,0,0,0,0,0,1,0,0,0
1808,1.879,J VET INTERN MED,2,0,0,0,0,0,0,0,0,0,0,2
1809,1.278,J ZHEJIANG UNIV-SC B,2,0,0,0,0,0,0,1,0,0,0,1
1810,1.883,J ZOOL,2,0,0,0,0,0,0,0,0,0,0,2
1811,4.556,JAIDS-J ACQ IMM DEF,2,0,0,1,0,0,1,0,0,0,0,0
1812,1.571,KOREAN J RADIOL,2,0,0,0,0,0,0,0,0,0,0,2
1813,0.372,LAT AM J PHARM,2,0,0,0,0,1,0,0,0,0,0,1
1814,,LATERALITY,2,0,0,0,0,0,0,0,0,0,1,1
1815,,LECT NOTES ARTIF INT,2,0,0,1,0,0,0,0,0,0,1,0
1816,0.089,LIGHT ENG,2,0,0,0,0,1,0,0,1,0,0,0
1817,2.219,LIPIDS HEALTH DIS,2,0,0,0,0,0,1,0,0,0,0,1
1818,1.171,LIVEST SCI,2,0,0,0,1,0,0,0,0,0,0,1
1819,0.185,MAGY ALLATORVOSOK,2,0,0,0,1,0,0,0,0,0,0,1
1820,1.478,MAMM BIOL,2,0,0,0,0,0,0,0,0,1,0,1
1821,1.714,MANUAL THER,2,0,0,0,1,0,0,0,1,0,0,0
1822,0.762,MATH PROBL ENG,2,0,0,0,0,0,0,0,0,2,0,0
1823,3.397,MECH AGEING DEV,2,0,0,0,0,0,0,0,0,0,0,2
1824,1.363,MED CHEM,2,0,0,0,0,0,0,0,0,0,0,2
1825,2.634,MED ONCOL,2,0,1,0,0,0,0,0,0,0,1,0
1826,,METAPHOR SYMBOL,2,0,0,0,0,0,0,0,0,0,0,2
1827,1.242,MICROBIOL IMMUNOL,2,0,0,0,0,0,0,0,0,0,0,2
1828,1.988,MICRON,2,0,0,0,0,1,0,0,1,0,0,0
1829,6.187,MODERN PATHOL,2,0,0,0,1,0,0,0,0,0,0,1
1830,1.270,MOL CELL TOXICOL,2,0,0,1,0,0,0,0,0,0,0,1
1831,3.747,MOL HUM REPROD,2,0,0,0,0,0,0,0,0,0,0,2
1832,4.419,MOL MICROBIOL,2,0,0,0,0,0,1,0,1,0,0,0
1833,2.527,MOL REPROD DEV,2,0,0,0,0,0,0,0,1,0,0,1
1834,,MONATS KRIMINOL,2,0,0,0,0,1,0,0,0,0,0,1
1835,1.346,MULTIMED TOOLS APPL,2,0,0,0,0,0,0,0,0,0,0,2
1836,,MUSIC PERCEPT,2,0,0,1,0,0,0,0,0,0,1,0
1837,,MUSIC SCI,2,0,0,1,0,0,0,0,0,0,0,1
1838,1.273,NANOTECHNOL REV,2,0,0,0,0,0,0,1,0,0,0,1
1839,20.004,NAT IMMUNOL,2,0,1,1,0,0,0,0,0,0,0,0
1840,32.386,NAT PHOTONICS,2,0,0,0,2,0,0,0,0,0,0,0
1841,0.906,NAT PROD COMMUN,2,0,0,0,0,0,0,0,0,0,0,2
1842,4.840,NAT REV UROL,2,0,0,0,0,0,0,0,0,0,0,2
1843,2.098,NATURWISSENSCHAFTEN,2,0,0,0,0,0,0,0,0,0,0,2
1844,1.240,NEUROPEDIATRICS,2,0,0,1,1,0,0,0,0,0,0,0
1845,0.543,NEUROQUANTOLOGY,2,0,0,0,0,0,0,0,0,0,0,2
1846,2.485,NEURORADIOLOGY,2,0,0,0,0,0,1,0,0,0,0,1
1847,1.124,NEUROREHABILITATION,2,0,0,0,1,0,0,0,0,0,1,0
1848,2.000,NEUROSIGNALS,2,0,0,0,0,1,0,0,0,0,0,1
1849,,NEW IDEAS PSYCHOL,2,0,0,0,0,1,0,0,0,0,0,1
1850,1.208,NONLINEARITY,2,0,0,0,0,0,0,0,0,1,0,1
1851,2.472,NUTR RES,2,1,0,0,0,0,0,0,0,0,0,1
1852,2.362,OMICS,2,0,0,0,0,1,0,0,0,0,0,1
1853,3.952,ONCOGENESIS,2,0,0,0,0,1,0,0,0,0,0,1
1854,2.427,ORAL DIS,2,0,0,0,0,1,0,0,0,0,0,1
1855,,P IWBBIO 2014 INT,2,0,0,0,0,0,0,0,0,0,0,2
1856,5.273,P NUTR SOC,2,0,0,0,0,0,0,0,1,0,0,1
1857,2.192,P ROY SOC A-MATH PHY,2,0,0,0,0,0,0,0,0,0,0,2
1858,2.098,PARASITOL RES,2,0,0,0,0,0,0,0,0,0,0,2
1859,1.397,PATHOL RES PRACT,2,0,0,0,0,0,0,1,0,0,0,1
1860,2.386,PEDIATR BLOOD CANCER,2,0,0,0,0,0,1,0,0,0,0,1
1861,0.995,PEDIATR SURG INT,2,0,0,0,1,0,0,0,0,0,0,1
1862,,PERCEPT MOTOR SKILL,2,0,1,0,0,0,0,0,0,0,0,1
1863,0.139,PERIOD BIOL,2,1,1,0,0,0,0,0,0,0,0,0
1864,,PERS SOC PSYCHOL REV,2,0,0,0,0,0,0,0,0,0,0,2
1865,2.694,PEST MANAG SCI,2,0,0,0,0,0,0,0,0,1,0,1
1866,1.052,PHARMAZIE,2,0,0,0,0,0,0,0,0,0,0,2
1867,,PHILOS SOC SCI,2,0,0,0,0,0,1,0,1,0,0,0
1868,,PHYS REV APPL,2,0,1,0,0,0,0,0,0,0,0,1
1869,1.126,PHYS SCRIPTA,2,0,0,1,0,1,0,0,0,0,0,0
1870,2.710,PLACENTA,2,0,1,0,0,1,0,0,0,0,0,0
1871,3.263,PLANTA,2,0,0,0,0,0,1,0,0,1,0,0
1872,1.128,POL J PATHOL,2,0,0,0,0,0,0,0,0,0,1,1
1873,,PROC SICE ANN CONF,2,0,0,0,0,0,2,0,0,0,0,0
1874,2.537,PROTEIN ENG DES SEL,2,0,0,0,1,0,0,0,0,0,1,0
1875,1.725,PROTEOME SCI,2,0,0,0,0,0,0,0,0,0,0,2
1876,,PSYCHOL AESTHET CREA,2,0,0,0,0,0,0,1,0,0,1,0
1877,,PSYCHOL INQ,2,0,0,0,0,1,0,0,0,0,0,1
1878,,PSYCHOLOGIST,2,0,0,1,0,0,0,1,0,0,0,0
1879,2.786,REGEN MED,2,0,0,0,1,0,0,0,0,0,0,1
1880,2.593,RESPIRATION,2,0,0,0,0,0,0,0,0,0,0,2
1881,4.167,RESUSCITATION,2,0,0,0,0,0,0,0,0,0,0,2
1882,,REV FINANC,2,0,0,0,0,0,0,0,0,1,1,0
1883,2.726,REV FISH BIOL FISHER,2,0,0,0,0,0,0,0,0,0,0,2
1884,0.304,REV MED CHILE,2,0,0,0,2,0,0,0,0,0,0,0
1885,,RNA TECHNOL,2,0,0,0,0,0,0,0,0,0,1,1
1886,1.256,ROBOT AUTON SYST,2,0,0,0,0,0,0,0,0,1,0,1
1887,0.404,ROM BIOTECH LETT,2,0,0,0,0,0,0,0,0,0,0,2
1888,1.596,SAR QSAR ENVIRON RES,2,0,0,0,0,0,0,0,1,0,0,1
1889,1.070,SCI AM,2,0,1,1,0,0,0,0,0,0,0,0
1890,7.748,SEMIN IMMUNOPATHOL,2,0,0,0,0,0,1,0,0,0,0,1
1891,0.705,SEMIN ROENTGENOL,2,0,0,2,0,0,0,0,0,0,0,0
1892,1.428,SIAM J APPL MATH,2,0,0,0,0,1,0,0,1,0,0,0
1893,2.909,SIAM REV,2,0,0,0,0,0,0,0,0,0,1,1
1894,,SMITH COLL STUD SOC,2,0,0,0,0,0,0,0,0,2,0,0
1895,,SPAN J PSYCHOL,2,0,0,0,0,0,0,1,0,0,0,1
1896,1.245,SURF INTERFACE ANAL,2,0,0,1,0,0,0,0,1,0,0,0
1897,3.545,TALANTA,2,0,0,0,0,1,1,0,0,0,0,0
1898,1.351,TOHOKU J EXP MED,2,0,0,0,0,0,0,0,0,1,0,1
1899,0.410,TRENDS GLYCOSCI GLYC,2,0,0,1,0,0,0,0,0,0,0,1
1900,6.204,TRENDS PARASITOL,2,0,0,0,1,0,0,0,0,0,0,1
1901,3.611,TUMOR BIOL,2,0,0,0,0,0,0,0,0,0,0,2
1902,2.214,ULTRASOUND MED BIOL,2,0,0,0,0,2,0,0,0,0,0,0
1903,1.078,ULTRASTRUCT PATHOL,2,0,0,0,1,0,0,0,0,0,0,1
1904,0.639,VET MED-CZECH,2,0,0,0,0,0,0,0,0,0,0,2
1905,1.869,VET PATHOL,2,0,0,0,0,0,0,0,0,0,0,2
Copyright  2018 Clarivate Analytics,,,,,,,,,,,,,,
"By exporting the selected data, you agree to the data usage policy set forth in the Terms of Use",,,,,,,,,,,,,,
